id,newid,Y15_WP,Y15_BP,Y15_NP,Y15_AP,Y15_PP,Y15_OP,Y15_MP,Y15_MOP,Y15_MOEP
1500000US530530602001,530602001,0.870588235,0.009803922,0,0.087254902,0.029411765,0,0.002941176,0,0.002941176
1500000US530530603001,530603001,0.973767886,0.001589825,0,0.018282989,0,0,0.0063593,0,0.0063593
1500000US530530603002,530603002,0.876213592,0.090614887,0,0,0,0,0.033171521,0.003236246,0.029935275
1500000US530530603003,530603003,0.866103739,0.021109771,0.007840772,0.023522316,0.030156815,0.001809409,0.049457177,0.007840772,0.041616405
1500000US530530604001,530604001,0.906069364,0,0,0.065028902,0,0,0.028901734,0,0.028901734
1500000US530530604002,530604002,0.927350427,0.00997151,0,0.018518519,0,0,0.044159544,0,0.044159544
1500000US530530604003,530604003,0.877631579,0,0,0.053947368,0,0.010526316,0.057894737,0.019736842,0.038157895
1500000US530530604004,530604004,0.866866867,0,0,0.007007007,0,0.008008008,0.118118118,0,0.118118118
1500000US530530604005,530604005,0.957559682,0,0,0.01193634,0,0,0.030503979,0,0.030503979
1500000US530530605001,530605001,0.960832313,0,0,0.017135863,0,0,0.022031824,0,0.022031824
1500000US530530605002,530605002,0.969356486,0,0,0.013278856,0,0,0.017364658,0,0.017364658
1500000US530530605003,530605003,0.880093132,0.01862631,0,0.009313155,0,0,0.091967404,0,0.091967404
1500000US530530605004,530605004,0.728222997,0.045296167,0.017421603,0.047038328,0,0,0.162020906,0,0.162020906
1500000US530530605005,530605005,0.934831461,0.008988764,0,0.015730337,0.012359551,0,0.028089888,0,0.028089888
1500000US530530606001,530606001,0.969502408,0,0.010433387,0.007223114,0,0.000802568,0.012038523,0.011235955,0.000802568
1500000US530530606002,530606002,0.763352506,0.04272802,0.025472473,0.104354971,0,0,0.06409203,0,0.06409203
1500000US530530606003,530606003,0.904761905,0.043956044,0,0.051282051,0,0,0,0,0
1500000US530530606004,530606004,0.85631518,0.039397451,0.01622248,0.053302433,0,0,0.034762457,0,0.034762457
1500000US530530606005,530606005,0.926391382,0,0,0.023339318,0,0,0.0502693,0,0.0502693
1500000US530530606006,530606006,1,0,0,0,0,0,0,0,0
1500000US530530607001,530607001,0.755535055,0.171586716,0,0,0,0.056273063,0.016605166,0,0.016605166
1500000US530530607002,530607002,0.881302521,0.042016807,0,0.056722689,0,0,0.019957983,0,0.019957983
1500000US530530607003,530607003,0.910964551,0.011541632,0,0.046990932,0,0.030502885,0,0,0
1500000US530530607004,530607004,0.913167939,0,0,0,0,0.086832061,0,0,0
1500000US530530607005,530607005,0.841696113,0.014840989,0.007773852,0.053710247,0.002826855,0,0.079151943,0,0.079151943
1500000US530530607006,530607006,0.813471503,0.011658031,0.007772021,0.091968912,0,0,0.075129534,0,0.075129534
1500000US530530608001,530608001,0.940279543,0,0,0.021601017,0,0,0.038119441,0,0.038119441
1500000US530530608002,530608002,0.957928803,0.01618123,0,0,0,0,0.025889968,0,0.025889968
1500000US530530608003,530608003,0.92884371,0,0,0.045743329,0,0.002541296,0.022871665,0,0.022871665
1500000US530530608004,530608004,0.96749522,0,0,0,0,0,0.03250478,0,0.03250478
1500000US530530608005,530608005,0.908869988,0,0,0,0,0.018226002,0.07290401,0.020656136,0.052247874
1500000US530530608006,530608006,1,0,0,0,0,0,0,0,0
1500000US530530608007,530608007,1,0,0,0,0,0,0,0,0
1500000US530530609031,530609031,0.885090218,0.052231719,0,0.01994302,0,0.013295347,0.029439696,0,0.029439696
1500000US530530609032,530609032,0.831948292,0.061865189,0,0.095106187,0,0.000923361,0.010156971,0,0.010156971
1500000US530530609033,530609033,0.77560241,0.064006024,0,0.059487952,0,0,0.100903614,0,0.100903614
1500000US530530609041,530609041,0.869352869,0,0,0,0,0.045177045,0.085470085,0,0.085470085
1500000US530530609042,530609042,0.778761062,0.022676991,0.009955752,0.07079646,0,0,0.117809735,0.008849558,0.108960177
1500000US530530609043,530609043,0.85862394,0,0.010367578,0.000942507,0,0,0.130065975,0,0.130065975
1500000US530530609044,530609044,0.860432659,0.025819958,0,0.060711793,0,0,0.05303559,0,0.05303559
1500000US530530609051,530609051,0.738944365,0.135520685,0,0.02425107,0,0,0.10128388,0,0.10128388
1500000US530530609052,530609052,0.594818653,0.283937824,0,0.024870466,0,0,0.096373057,0,0.096373057
1500000US530530609053,530609053,0.869786368,0.110885046,0,0,0,0,0.019328586,0,0.019328586
1500000US530530609054,530609054,0.947534766,0.025916561,0,0.026548673,0,0,0,0,0
1500000US530530609055,530609055,0.744206009,0.021459227,0,0.212875536,0,0,0.021459227,0,0.021459227
1500000US530530609061,530609061,0.803318992,0.060233559,0.003073141,0.021511985,0.012292563,0.012292563,0.087277197,0.004917025,0.082360172
1500000US530530609062,530609062,0.685131195,0.06122449,0,0.109329446,0,0,0.144314869,0,0.144314869
1500000US530530610011,530610011,0.897560976,0.010731707,0,0,0,0,0.091707317,0.008780488,0.082926829
1500000US530530610012,530610012,0.770474138,0,0,0.191810345,0,0,0.037715517,0,0.037715517
1500000US530530610013,530610013,0.844275638,0.034183397,0,0.0678242,0.016820402,0.009224091,0.027672273,0.005425936,0.022246337
1500000US530530610021,530610021,0.441446303,0.353480842,0.009713977,0.164058284,0,0.021586616,0.009713977,0.003777658,0.005936319
1500000US530530610022,530610022,0.898064516,0.023225806,0,0,0,0.078709677,0,0,0
1500000US530530610023,530610023,0.699364214,0.082652134,0.026339691,0.157129882,0,0,0.034514078,0,0.034514078
1500000US530530610024,530610024,0.735294118,0.205882353,0,0.023897059,0,0,0.034926471,0,0.034926471
1500000US530530611001,530611001,0.919702602,0,0,0.02527881,0,0,0.055018587,0.005947955,0.049070632
1500000US530530611002,530611002,0.904214559,0,0,0.024904215,0,0,0.070881226,0,0.070881226
1500000US530530611003,530611003,0.653583618,0.046075085,0,0.194539249,0.010238908,0.0221843,0.07337884,0,0.07337884
1500000US530530611004,530611004,0.867403315,0.017955801,0,0.064917127,0,0,0.049723757,0,0.049723757
1500000US530530611005,530611005,0.881526104,0.052208835,0,0.022088353,0,0,0.044176707,0,0.044176707
1500000US530530611006,530611006,0.77318117,0.085592011,0.02425107,0.023537803,0,0,0.093437946,0,0.093437946
1500000US530530611007,530611007,0.787394958,0.050420168,0,0.090756303,0,0,0.071428571,0.029411765,0.042016807
1500000US530530612001,530612001,0.677785664,0.268985096,0,0.032647268,0,0,0.020581973,0,0.020581973
1500000US530530612002,530612002,0.580174927,0.093294461,0,0.134110787,0,0.048104956,0.144314869,0.040816327,0.103498542
1500000US530530612003,530612003,0.804487179,0,0.021367521,0.037393162,0,0.057692308,0.079059829,0,0.079059829
1500000US530530612004,530612004,0.801875733,0.089097304,0,0.022274326,0.026963658,0,0.05978898,0,0.05978898
1500000US530530612005,530612005,0.885895404,0.099841521,0,0.014263074,0,0,0,0,0
1500000US530530612006,530612006,0.754677755,0.151767152,0,0,0,0.014553015,0.079002079,0,0.079002079
1500000US530530613001,530613001,0.711842105,0.132894737,0.035526316,0.05,0.028947368,0.006578947,0.034210526,0,0.034210526
1500000US530530613002,530613002,0.804532578,0.083097262,0.019830028,0.008498584,0,0,0.084041549,0,0.084041549
1500000US530530613003,530613003,0.598039216,0.291938998,0,0.04248366,0,0.006535948,0.061002179,0.006535948,0.054466231
1500000US530530613004,530613004,0.520512821,0.36025641,0,0.030769231,0,0.024358974,0.064102564,0,0.064102564
1500000US530530613005,530613005,0.402075227,0.182879377,0.031128405,0.081712062,0.02075227,0.003891051,0.277561608,0.028534371,0.249027237
1500000US530530613006,530613006,0.67335563,0.137123746,0.043478261,0,0,0,0.146042363,0,0.146042363
1500000US530530614001,530614001,0.665981501,0.170606372,0.01336074,0.009249743,0,0.018499486,0.122302158,0,0.122302158
1500000US530530614002,530614002,0.637985978,0.193116635,0.024219248,0.033779477,0,0.006373486,0.104525175,0,0.104525175
1500000US530530614003,530614003,0.430463576,0.153263955,0,0.263954588,0,0.051087985,0.101229896,0,0.101229896
1500000US530530615001,530615001,0.885853066,0.012750455,0.021857923,0.029143898,0,0,0.050394657,0,0.050394657
1500000US530530615002,530615002,0.628186969,0.230878187,0,0.02266289,0,0.010623229,0.107648725,0,0.107648725
1500000US530530615003,530615003,0.840044743,0.023489933,0.007829978,0.054809843,0,0,0.073825503,0,0.073825503
1500000US530530615004,530615004,0.906399236,0.00286533,0.00095511,0,0,0,0.089780325,0,0.089780325
1500000US530530616011,530616011,0.621818182,0.132987013,0.006753247,0.146493506,0.002077922,0,0.08987013,0.003636364,0.086233766
1500000US530530616021,530616021,0.695035461,0.093380615,0.004728132,0.080378251,0.041371158,0.01891253,0.066193853,0.014184397,0.052009456
1500000US530530617001,530617001,0.59582198,0.199818347,0,0.0626703,0.007266122,0,0.134423252,0,0.134423252
1500000US530530617002,530617002,0.347826087,0.236602629,0,0.281092012,0.008088979,0,0.126390293,0,0.126390293
1500000US530530617003,530617003,0.571929825,0.219883041,0.010526316,0.009356725,0,0,0.188304094,0,0.188304094
1500000US530530617004,530617004,0.238636364,0.223484848,0,0.162878788,0,0.348484848,0.026515152,0,0.026515152
1500000US530530617005,530617005,0.59580292,0.241788321,0,0.077554745,0,0.024635036,0.060218978,0,0.060218978
1500000US530530618001,530618001,0.422303473,0.132541133,0.049360146,0.074040219,0,0.137111517,0.18464351,0,0.18464351
1500000US530530618002,530618002,0.373147341,0.029642546,0.013077594,0.508282476,0.003487358,0.009590235,0.06277245,0,0.06277245
1500000US530530618003,530618003,0.556537102,0.118374558,0.017667845,0.060070671,0.024734982,0.035335689,0.187279152,0,0.187279152
1500000US530530619001,530619001,0.472157773,0.07424594,0.035962877,0.139211137,0,0.240139211,0.038283063,0,0.038283063
1500000US530530619002,530619002,0.743228602,0.126760563,0.015167931,0.005417118,0,0.05092091,0.058504875,0,0.058504875
1500000US530530620001,530620001,0.707608696,0,0.025,0.015217391,0,0.169565217,0.082608696,0,0.082608696
1500000US530530620002,530620002,0.436363636,0.170562771,0.005194805,0.026839827,0,0.154978355,0.206060606,0.052813853,0.153246753
1500000US530530620003,530620003,0.416820702,0.162661738,0,0.038817006,0,0.224584104,0.157116451,0,0.157116451
1500000US530530620004,530620004,0.52494577,0.105567607,0.015184382,0.056399132,0.09978308,0.086767896,0.111352133,0,0.111352133
1500000US530530623001,530623001,0.479481641,0.043196544,0.059035277,0.20662347,0,0.012239021,0.199424046,0.006479482,0.192944564
1500000US530530623002,530623002,0.3581363,0.127260083,0.007649513,0.121001391,0,0.305980529,0.079972184,0.045201669,0.034770515
1500000US530530623003,530623003,0.432692308,0.12647929,0,0.332100592,0,0.056213018,0.052514793,0,0.052514793
1500000US530530623004,530623004,0.380645161,0.160368664,0,0.131797235,0,0.131797235,0.195391705,0.042396313,0.152995392
1500000US530530624001,530624001,0.617807389,0.058752271,0.02241066,0.192004846,0,0,0.109024833,0,0.109024833
1500000US530530624002,530624002,0.638469285,0.024169184,0.018126888,0.149043303,0.018126888,0,0.152064451,0,0.152064451
1500000US530530624003,530624003,0.855707763,0.025570776,0.039269406,0.017351598,0,0,0.062100457,0,0.062100457
1500000US530530624004,530624004,0.881025641,0.019487179,0,0.054358974,0,0,0.045128205,0,0.045128205
1500000US530530624005,530624005,0.498762376,0.443069307,0.058168317,0,0,0,0,0,0
1500000US530530625001,530625001,0.431627196,0.371275783,0.036669213,0.025974026,0,0.134453782,0,0,0
1500000US530530625002,530625002,0.954900782,0,0.006614552,0.038484666,0,0,0,0,0
1500000US530530625003,530625003,0.781746032,0,0.029761905,0,0,0,0.188492063,0,0.188492063
1500000US530530625004,530625004,0.522024367,0.008434864,0,0,0,0.37769447,0.091846298,0,0.091846298
1500000US530530625005,530625005,0.302001213,0.176470588,0,0.303214069,0,0,0.21831413,0,0.21831413
1500000US530530625006,530625006,0.651798561,0.189928058,0,0.043165468,0,0,0.115107914,0.014388489,0.100719424
1500000US530530625007,530625007,0.604854369,0.145631068,0,0.176699029,0,0,0.072815534,0,0.072815534
1500000US530530626001,530626001,0.446769791,0.217470428,0.080072793,0.193812557,0.035486806,0,0.026387625,0,0.026387625
1500000US530530626002,530626002,0.621190131,0.209482342,0.014997581,0.028543783,0,0,0.125786164,0.005805515,0.119980648
1500000US530530628011,530628011,0.662847791,0.191489362,0,0.082651391,0,0,0.063011457,0,0.063011457
1500000US530530628012,530628012,0.489884393,0.303468208,0,0.02504817,0,0.006262042,0.175337187,0,0.175337187
1500000US530530628013,530628013,0.64075067,0.220911528,0,0.020375335,0,0.01233244,0.105630027,0,0.105630027
1500000US530530628014,530628014,0.634538153,0.206425703,0,0.008835341,0,0.05060241,0.099598394,0.012048193,0.087550201
1500000US530530628021,530628021,0.634573304,0.182713348,0.02297593,0.032275711,0,0.003829322,0.123632385,0.00547046,0.118161926
1500000US530530628022,530628022,0.56063907,0.143064633,0,0.138707335,0.063907044,0,0.093681917,0,0.093681917
1500000US530530628023,530628023,0.629979036,0.102725367,0.011530398,0.07442348,0.041928721,0.078616352,0.060796646,0,0.060796646
1500000US530530629001,530629001,0.556508765,0.152928012,0.017157777,0.040656471,0.072734054,0.049608355,0.110406565,0.029839612,0.080566953
1500000US530530629002,530629002,0.45951417,0.22537112,0,0.056005398,0,0.158569501,0.100539811,0,0.100539811
1500000US530530629003,530629003,0.912378303,0,0,0,0,0.001390821,0.086230876,0.043115438,0.043115438
1500000US530530629004,530629004,0.586503067,0.09202454,0.014723926,0.07607362,0,0,0.230674847,0,0.230674847
1500000US530530629005,530629005,0.735915493,0.059859155,0,0,0,0.193661972,0.01056338,0,0.01056338
1500000US530530629006,530629006,0.701283547,0.192532089,0.022170362,0.084014002,0,0,0,0,0
1500000US530530630001,530630001,0.47578125,0.18125,0,0.040625,0.0953125,0.0703125,0.13671875,0,0.13671875
1500000US530530630002,530630002,0.589598643,0.14584511,0.014132278,0.019219898,0,0.06048615,0.17071792,0,0.17071792
1500000US530530631001,530631001,0.775255392,0.148694665,0,0.00908059,0,0,0.066969353,0,0.066969353
1500000US530530631002,530631002,0.516969219,0.037884767,0.010260458,0.063141279,0.014996054,0.235990529,0.120757695,0.069455406,0.051302289
1500000US530530631003,530631003,0.434939759,0.16746988,0.136144578,0.008433735,0.077108434,0,0.175903614,0,0.175903614
1500000US530530631004,530631004,0.489534099,0.09790682,0.006752194,0.144496962,0,0.103308575,0.15800135,0,0.15800135
1500000US530530632001,530632001,0.587532024,0.032450897,0,0.161400512,0,0.164816396,0.053800171,0.011101623,0.042698548
1500000US530530632002,530632002,0.584887614,0.102821616,0.022477284,0.057388809,0.06073649,0.041128647,0.130559541,0.003347681,0.12721186
1500000US530530632003,530632003,0.752161383,0.057636888,0,0.0129683,0,0.136887608,0.040345821,0.040345821,0
1500000US530530632004,530632004,0.67260274,0.02739726,0.015068493,0.079452055,0,0.01369863,0.191780822,0.020547945,0.171232877
1500000US530530632005,530632005,0.774545455,0.050909091,0,0.03030303,0,0,0.144242424,0,0.144242424
1500000US530530633001,530633001,0.208158368,0.200359928,0,0.189562088,0,0.381523695,0.020395921,0,0.020395921
1500000US530530633002,530633002,0.395415473,0.143584846,0.036930914,0.11747851,0.089143585,0.172556511,0.044890162,0.044890162,0
1500000US530530633003,530633003,0.374184191,0.070340827,0,0.224075417,0.070340827,0.168237854,0.092820885,0,0.092820885
1500000US530530633004,530633004,0.378590078,0.134029591,0.015665796,0.070496084,0,0.385552654,0.015665796,0,0.015665796
1500000US530530633005,530633005,0.614273577,0.018691589,0,0.251486831,0,0.07306712,0.042480884,0.010195412,0.032285472
1500000US530530634001,530634001,0.425274725,0.227472527,0,0.208791209,0,0.083516484,0.054945055,0,0.054945055
1500000US530530634002,530634002,0.728959862,0.117393181,0.01683211,0.017263703,0.002157963,0,0.117393181,0.008631852,0.108761329
1500000US530530634003,530634003,0.544747082,0.016861219,0,0.194552529,0.050583658,0.04150454,0.151750973,0,0.151750973
1500000US530530634004,530634004,0.676470588,0.122291022,0,0.058823529,0,0.058823529,0.083591331,0,0.083591331
1500000US530530634005,530634005,0.613975577,0.175712347,0,0.020352782,0,0.048846676,0.141112619,0.046132972,0.094979647
1500000US530530634006,530634006,0.391902834,0.072064777,0,0.306072874,0,0,0.229959514,0,0.229959514
1500000US530530635011,530635011,0.373283396,0.239700375,0,0.012484395,0,0.194756554,0.179775281,0,0.179775281
1500000US530530635012,530635012,0.427923844,0.049864007,0,0.177697189,0.026291931,0,0.318223028,0.144152312,0.174070716
1500000US530530635013,530635013,0.27667611,0.287063267,0,0.224740321,0.009442871,0.051935788,0.150141643,0,0.150141643
1500000US530530635014,530635014,0.587142857,0.084285714,0,0.050714286,0.085,0.103571429,0.089285714,0,0.089285714
1500000US530530635021,530635021,0.244560487,0.199303742,0,0.340295909,0,0.007832898,0.208006963,0,0.208006963
1500000US530530635022,530635022,0.422956677,0.082626172,0.005806163,0.317552479,0.033050469,0.014738723,0.123269317,0.001786512,0.121482805
1500000US530530635023,530635023,0.486850978,0.057316251,0,0.261631827,0.095077546,0,0.099123399,0,0.099123399
1500000US530530701001,530701001,0.886627907,0,0.010174419,0.030523256,0,0.042151163,0.030523256,0,0.030523256
1500000US530530701002,530701002,#DIV/0!,#DIV/0!,#DIV/0!,#DIV/0!,#DIV/0!,#DIV/0!,#DIV/0!,#DIV/0!,#DIV/0!
1500000US530530701003,530701003,0.876657061,0.072622478,0.008069164,0.006916427,0.013832853,0,0.021902017,0,0.021902017
1500000US530530701004,530701004,0.966787004,0,0,0,0,0,0.033212996,0.007220217,0.02599278
1500000US530530702031,530702031,0.868766404,0.016185477,0.026246719,0.003499563,0,0.007874016,0.077427822,0.011373578,0.066054243
1500000US530530702032,530702032,0.804742497,0.050018525,0.002964061,0.002964061,0,0.003705076,0.13560578,0,0.13560578
1500000US530530702033,530702033,0.923520924,0.024531025,0.03030303,0,0,0.021645022,0,0,0
1500000US530530702041,530702041,0.972118959,0,0,0,0,0,0.027881041,0,0.027881041
1500000US530530702042,530702042,0.903125,0,0.022767857,0.018303571,0,0,0.055803571,0,0.055803571
1500000US530530702051,530702051,0.896344086,0,0.009462366,0,0,0.047741935,0.046451613,0,0.046451613
1500000US530530702052,530702052,0.957541899,0,0,0,0,0,0.042458101,0,0.042458101
1500000US530530702061,530702061,0.974102413,0.010594467,0.001765745,0,0,0,0.013537375,0,0.013537375
1500000US530530702062,530702062,0.970114943,0.000766284,0.001532567,0,0,0,0.027586207,0,0.027586207
1500000US530530702063,530702063,0.962427746,0.00867052,0,0.001926782,0,0.007707129,0.019267823,0,0.019267823
1500000US530530702071,530702071,0.825976231,0,0.0475382,0,0,0,0.126485569,0,0.126485569
1500000US530530702072,530702072,0.960965224,0.008516678,0.007806955,0.005677786,0,0,0.017033357,0,0.017033357
1500000US530530702073,530702073,0.96875,0.008445946,0,0.016047297,0,0,0.006756757,0,0.006756757
1500000US530530702074,530702074,0.875178317,0,0,0,0,0.006419401,0.118402282,0,0.118402282
1500000US530530703071,530703071,0.909599254,0,0,0.058713886,0,0,0.031686859,0.005591799,0.026095061
1500000US530530703072,530703072,0.97994723,0,0,0.014775726,0,0,0.005277045,0,0.005277045
1500000US530530703073,530703073,0.964486791,0,0,0.027717627,0.003897791,0,0.003897791,0,0.003897791
1500000US530530703081,530703081,0.944808743,0.020765027,0.000546448,0.005464481,0,0.000546448,0.027868852,0,0.027868852
1500000US530530703082,530703082,0.960602549,0.005793743,0,0.019698725,0,0,0.013904983,0.011008111,0.002896871
1500000US530530703091,530703091,0.88457808,0.03685742,0,0,0.0785645,0,0,0,0
1500000US530530703092,530703092,0.821911197,0.031370656,0.011583012,0.034266409,0,0.008204633,0.092664093,0,0.092664093
1500000US530530703093,530703093,0.971428571,0,0,0.004147465,0,0.005529954,0.018894009,0,0.018894009
1500000US530530703101,530703101,0.86938349,0.028213166,0.00522466,0.004179728,0,0,0.092998955,0,0.092998955
1500000US530530703102,530703102,0.818673884,0,0.02300406,0.01623816,0,0.117726658,0.02435724,0,0.02435724
1500000US530530703103,530703103,0.90314271,0,0.008243174,0.026275116,0,0,0.062339001,0,0.062339001
1500000US530530703104,530703104,0.870879121,0,0,0,0,0,0.129120879,0,0.129120879
1500000US530530703111,530703111,0.872037915,0.028436019,0.021665538,0.044685173,0,0.01760325,0.015572106,0.009478673,0.006093433
1500000US530530703112,530703112,0.939255389,0.008491182,0.024820379,0.009797518,0,0.007184847,0.010450686,0,0.010450686
1500000US530530703113,530703113,0.723973257,0.027698185,0.006685769,0.011938873,0,0.193887297,0.035816619,0.010983763,0.024832856
1500000US530530703121,530703121,0.998286204,0.000856898,0.000856898,0,0,0,0,0,0
1500000US530530703122,530703122,0.82001321,0.021466314,0.004953765,0.037978864,0,0.012879789,0.102708058,0.005614267,0.097093791
1500000US530530703123,530703123,0.875166889,0,0,0.018691589,0,0,0.106141522,0,0.106141522
1500000US530530703131,530703131,0.913043478,0,0.030154278,0,0,0,0.056802244,0,0.056802244
1500000US530530703132,530703132,0.766323024,0,0,0,0,0,0.233676976,0,0.233676976
1500000US530530703133,530703133,1,0,0,0,0,0,0,0,0
1500000US530530703134,530703134,0.930354796,0,0.069645204,0,0,0,0,0,0
1500000US530530703135,530703135,0.895337774,0,0,0.024738344,0,0,0.079923882,0,0.079923882
1500000US530530703141,530703141,0.885714286,0,0,0.039153439,0,0,0.075132275,0,0.075132275
1500000US530530703142,530703142,0.942753623,0,0.006521739,0.007246377,0,0,0.043478261,0.006521739,0.036956522
1500000US530530703151,530703151,1,0,0,0,0,0,0,0,0
1500000US530530703152,530703152,0.734027778,0,0,0.104166667,0.042361111,0,0.119444444,0,0.119444444
1500000US530530703153,530703153,0.674114441,0.010899183,0,0.26866485,0,0,0.046321526,0,0.046321526
1500000US530530703154,530703154,0.824611033,0,0,0,0,0.062234795,0.113154173,0,0.113154173
1500000US530530703161,530703161,0.642986153,0.053582179,0,0.183624323,0,0,0.119807345,0,0.119807345
1500000US530530703162,530703162,0.653968254,0.092551893,0.005128205,0.130891331,0,0,0.117460317,0,0.117460317
1500000US530530704011,530704011,0.864916773,0.002560819,0,0,0,0.110115237,0.02240717,0,0.02240717
1500000US530530704012,530704012,0.894808743,0,0,0.076502732,0,0.006830601,0.021857923,0.013661202,0.008196721
1500000US530530704031,530704031,0.987704918,0.004098361,0,0,0,0,0.008196721,0,0.008196721
1500000US530530704032,530704032,0.9728,0,0,0,0.0272,0,0,0,0
1500000US530530704033,530704033,0.862335302,0,0.019990913,0.003180373,0.033621081,0.007269423,0.073602908,0.003634711,0.069968196
1500000US530530704041,530704041,0.881409138,0.015347053,0.013603069,0.00837112,0,0,0.08126962,0,0.08126962
1500000US530530704042,530704042,0.91562656,0,0,0.04443335,0,0,0.03994009,0,0.03994009
1500000US530530707031,530707031,0.883243243,0.055135135,0.007567568,0.036756757,0,0,0.017297297,0,0.017297297
1500000US530530707032,530707032,0.866,0.068666667,0,0.031333333,0,0.022,0.012,0,0.012
1500000US530530707033,530707033,0.8935,0.0055,0.0325,0.056,0,0,0.0125,0,0.0125
1500000US530530707034,530707034,0.91576414,0,0,0.031287605,0,0,0.052948255,0,0.052948255
1500000US530530707035,530707035,0.800424628,0.003184713,0.003184713,0.031847134,0,0,0.161358811,0.004246285,0.157112527
1500000US530530711001,530711001,0.782192789,0,0.004415011,0.160412068,0,0.005886681,0.047093451,0,0.047093451
1500000US530530711002,530711002,0.836945304,0,0.019607843,0.054695562,0,0.007223942,0.081527348,0,0.081527348
1500000US530530712051,530712051,0.746100054,0,0.040882195,0.160839161,0,0,0.052178591,0,0.052178591
1500000US530530712052,530712052,0.860325906,0.026604589,0.029930163,0.013634852,0.008313934,0.005320918,0.055869638,0,0.055869638
1500000US530530712061,530712061,0.942372881,0,0.04180791,0.015819209,0,0,0,0,0
1500000US530530712062,530712062,0.911664779,0.016987542,0,0,0,0,0.071347678,0,0.071347678
1500000US530530712063,530712063,0.912735849,0.021226415,0.008962264,0.00754717,0,0.008018868,0.041509434,0,0.041509434
1500000US530530712064,530712064,0.777027027,0.058933934,0.023273273,0.089714715,0,0.007132132,0.043918919,0,0.043918919
1500000US530530712071,530712071,0.885206144,0.019401778,0,0.038803557,0,0.010509297,0.046079224,0,0.046079224
1500000US530530712072,530712072,0.75534188,0.00534188,0,0.022435897,0,0.105413105,0.111467236,0.007122507,0.104344729
1500000US530530712073,530712073,0.721957557,0.027717627,0.00822867,0.086184495,0,0.018189693,0.137721958,0,0.137721958
1500000US530530712081,530712081,0.918465228,0.014388489,0,0.005395683,0,0,0.0617506,0,0.0617506
1500000US530530712082,530712082,0.784749455,0.05795207,0.031372549,0.038779956,0,0.016993464,0.070152505,0,0.070152505
1500000US530530712083,530712083,0.680343256,0.023866988,0,0.1179941,0.026280504,0.029766693,0.121748458,0,0.121748458
1500000US530530712091,530712091,0.858333333,0,0,0.042982456,0.009649123,0.01754386,0.071491228,0,0.071491228
1500000US530530712092,530712092,0.86951631,0,0,0.05624297,0,0.031496063,0.042744657,0.007874016,0.034870641
1500000US530530712093,530712093,0.824395373,0.117770768,0,0.03785489,0,0,0.01997897,0,0.01997897
1500000US530530712101,530712101,0.849533955,0,0,0,0,0.150466045,0,0,0
1500000US530530712102,530712102,0.884821429,0.003571429,0.005357143,0.01875,0.010714286,0.03125,0.045535714,0,0.045535714
1500000US530530712103,530712103,0.859245283,0.001509434,0.003396226,0.103773585,0,0,0.032075472,0,0.032075472
1500000US530530713041,530713041,0.62595057,0.041825095,0,0.028041825,0.011882129,0.033745247,0.258555133,0.019011407,0.239543726
1500000US530530713042,530713042,0.76714021,0.029956763,0,0.13001853,0,0.028721433,0.044163064,0.016985794,0.02717727
1500000US530530713043,530713043,0.575313808,0.341004184,0,0.046025105,0,0,0.037656904,0.025104603,0.012552301
1500000US530530713051,530713051,0.767014406,0.018877298,0.003974168,0.06010929,0.038251366,0.059612519,0.052160954,0,0.052160954
1500000US530530713052,530713052,0.879370629,0.008158508,0,0.039044289,0,0,0.073426573,0,0.073426573
1500000US530530713061,530713061,0.871582436,0,0,0,0,0,0.128417564,0,0.128417564
1500000US530530713062,530713062,0.722573234,0.102240092,0,0.131533601,0,0,0.043653073,0,0.043653073
1500000US530530713063,530713063,0.689127739,0.066556428,0.02604382,0.126911947,0,0,0.091360066,0,0.091360066
1500000US530530713064,530713064,0.684106614,0.047384008,0,0.06219151,0,0,0.206317868,0,0.206317868
1500000US530530713071,530713071,0.905608755,0.021887825,0.010259918,0,0.005471956,0,0.056771546,0,0.056771546
1500000US530530713072,530713072,0.767068273,0.014056225,0.108433735,0.029116466,0,0.014056225,0.067269076,0.059236948,0.008032129
1500000US530530713073,530713073,0.765437583,0.127498889,0,0.027543314,0.021768103,0.003109729,0.054642381,0.007996446,0.046645935
1500000US530530713091,530713091,0.621279291,0.092463585,0,0.006966434,0.088663711,0.008233059,0.18239392,0.026599113,0.155794807
1500000US530530713092,530713092,0.741851369,0.011082138,0.005215124,0.031290743,0,0,0.210560626,0.004563233,0.205997392
1500000US530530713093,530713093,0.584434655,0.069016153,0.007342144,0.022760646,0.017621145,0.016152717,0.28267254,0,0.28267254
1500000US530530713101,530713101,0.859945504,0.035967302,0,0.02506812,0,0,0.079019074,0,0.079019074
1500000US530530713102,530713102,0.752657005,0.0431562,0,0.070531401,0,0.038003221,0.095652174,0.00805153,0.087600644
1500000US530530714031,530714031,0.725627554,0.155283129,0.001167542,0.058960887,0.004670169,0,0.054290718,0.004086398,0.05020432
1500000US530530714032,530714032,0.8395574,0.030428769,0,0.035961272,0,0.008298755,0.085753804,0,0.085753804
1500000US530530714033,530714033,0.718674699,0.019277108,0.030722892,0.026506024,0.063855422,0.00060241,0.140361446,0,0.140361446
1500000US530530714061,530714061,0.494998484,0.183692028,0.001212489,0.063655653,0.089117915,0.045165202,0.12215823,0,0.12215823
1500000US530530714062,530714062,0.804541768,0.00081103,0.096512571,0.077047851,0,0,0.02108678,0,0.02108678
1500000US530530714063,530714063,0.63071298,0.095063985,0,0.188299817,0,0,0.085923218,0,0.085923218
1500000US530530714064,530714064,0.852587559,0,0.042864611,0.062728698,0,0,0.041819132,0.011500261,0.030318871
1500000US530530714071,530714071,0.989308624,0,0,0,0,0.010691376,0,0,0
1500000US530530714072,530714072,0.703925845,0.255725191,0,0.02344602,0,0,0.016902944,0,0.016902944
1500000US530530714073,530714073,0.827679052,0.050080775,0,0.016693592,0.064620355,0.005923533,0.035002693,0,0.035002693
1500000US530530714074,530714074,0.661450183,0.171622327,0,0.010954617,0.030255608,0.03599374,0.089723526,0,0.089723526
1500000US530530714081,530714081,0.640043764,0.141137856,0,0.028993435,0.099015317,0,0.090809628,0,0.090809628
1500000US530530714082,530714082,0.560474308,0.034782609,0,0.007905138,0.198418972,0,0.198418972,0,0.198418972
1500000US530530714083,530714083,0.52998776,0.122399021,0,0.052631579,0.055079559,0.068543452,0.171358629,0,0.171358629
1500000US530530714091,530714091,0.571762871,0.079563183,0.012480499,0.049141966,0.120124805,0,0.166926677,0,0.166926677
1500000US530530714092,530714092,0.625976563,0.006835938,0,0.026367188,0.323242188,0,0.017578125,0,0.017578125
1500000US530530714093,530714093,0.627286585,0.141768293,0.003810976,0.104420732,0.012195122,0.009908537,0.100609756,0.009146341,0.091463415
1500000US530530714094,530714094,0.763657957,0.028503563,0.117577197,0.034441805,0,0.013064133,0.042755344,0,0.042755344
1500000US530530714101,530714101,0.824478816,0.08137189,0,0.075319435,0,0,0.018829859,0,0.018829859
1500000US530530714102,530714102,0.909378961,0,0.065272497,0.007604563,0,0,0.01774398,0,0.01774398
1500000US530530714103,530714103,0.629396985,0.193886097,0,0.16959799,0,0,0.007118928,0,0.007118928
1500000US530530714104,530714104,0.776699029,0.165048544,0.014563107,0.037621359,0,0.006067961,0,0,0
1500000US530530714111,530714111,0.504266212,0.222696246,0.003412969,0.042662116,0.049061433,0.064846416,0.113054608,0.009385666,0.103668942
1500000US530530714112,530714112,0.91512605,0,0.009243697,0,0.032773109,0,0.042857143,0,0.042857143
1500000US530530714113,530714113,0.775216138,0.08184438,0,0.013256484,0,0.011527378,0.11815562,0.021902017,0.096253602
1500000US530530715031,530715031,0.661466459,0.111544462,0.047581903,0.035101404,0,0,0.144305772,0.00624025,0.138065523
1500000US530530715032,530715032,0.673458991,0.074375955,0.045848192,0.01171676,0.04330107,0.028018339,0.123280693,0,0.123280693
1500000US530530715033,530715033,0.706666667,0.188333333,0,0.068333333,0,0,0.036666667,0,0.036666667
1500000US530530715034,530715034,0.766479663,0.063113604,0,0.061009818,0,0.016830295,0.09256662,0.030154278,0.062412342
1500000US530530715041,530715041,0.732847602,0.136004857,0,0.017607772,0.029751063,0.028536733,0.055251973,0,0.055251973
1500000US530530715042,530715042,0.798966651,0.059182715,0,0.057773603,0.007984969,0.001409112,0.07468295,0.00234852,0.072334429
1500000US530530715043,530715043,0.610804851,0.080485116,0,0.088202867,0,0,0.220507166,0.011025358,0.209481808
1500000US530530715044,530715044,0.476190476,0.183549784,0.004329004,0.218181818,0.044155844,0.007792208,0.065800866,0,0.065800866
1500000US530530715051,530715051,0.560736196,0.136196319,0,0.089570552,0.128220859,0.005521472,0.079754601,0,0.079754601
1500000US530530715052,530715052,0.852766798,0.052371542,0,0.019762846,0,0,0.075098814,0,0.075098814
1500000US530530715053,530715053,0.73891129,0.135080645,0,0.067540323,0,0,0.058467742,0.058467742,0
1500000US530530715054,530715054,0.711079944,0.082748948,0,0.01542777,0.067321178,0.01542777,0.10799439,0.014726508,0.093267882
1500000US530530715061,530715061,0.76,0.126829268,0.00097561,0.011707317,0.013658537,0.011707317,0.075121951,0,0.075121951
1500000US530530715062,530715062,0.628131021,0.061175337,0.007707129,0.035163776,0.105009634,0.055876686,0.106936416,0.003853565,0.103082852
1500000US530530715063,530715063,0.590065228,0.139989965,0.015052684,0.130456598,0.096838936,0.004515805,0.023080783,0,0.023080783
1500000US530530716011,530716011,0.393590104,0.163339893,0.030924937,0.084621872,0,0.278605566,0.048917627,0.028394715,0.020522913
1500000US530530716012,530716012,0.655598456,0.034749035,0.009266409,0.238610039,0.002316602,0.001544402,0.057915058,0,0.057915058
1500000US530530716021,530716021,0.553023256,0.071162791,0,0.148837209,0.082325581,0.02372093,0.120930233,0,0.120930233
1500000US530530716022,530716022,0.61387632,0.138763198,0,0.12745098,0,0.073152338,0.046757164,0.012820513,0.033936652
1500000US530530716023,530716023,0.496251874,0.144427786,0,0.194402799,0.026986507,0,0.137931034,0,0.137931034
1500000US530530716024,530716024,0.589087809,0.262574595,0.026427962,0.080988917,0,0,0.040920716,0,0.040920716
1500000US530530717031,530717031,0.483827493,0.208445642,0.011230907,0.095687332,0.008984726,0.15902965,0.03279425,0,0.03279425
1500000US530530717032,530717032,0.579483164,0.132341425,0,0.229444009,0,0.015661707,0.043069695,0,0.043069695
1500000US530530717041,530717041,0.488546752,0.083740143,0.030792339,0.063462261,0.065339842,0.209162599,0.058956065,0,0.058956065
1500000US530530717042,530717042,0.564447592,0.14305949,0,0.009915014,0,0.066572238,0.216005666,0.016288952,0.199716714
1500000US530530717043,530717043,0.353006682,0.198218263,0.108017817,0.035634744,0,0.113585746,0.191536748,0,0.191536748
1500000US530530717051,530717051,0.647230321,0.009475219,0,0.112973761,0.036443149,0.141399417,0.052478134,0,0.052478134
1500000US530530717052,530717052,0.649529327,0.094134685,0.066618392,0.055032585,0.081824765,0.028964518,0.023895728,0,0.023895728
1500000US530530717053,530717053,0.579588015,0.031835206,0.054307116,0.101123596,0.0917603,0.005617978,0.13576779,0,0.13576779
1500000US530530717061,530717061,0.575854701,0.169871795,0.001602564,0.041132479,0.123931624,0.013888889,0.073717949,0,0.073717949
1500000US530530717071,530717071,0.757871878,0.160694897,0,0.057546145,0.008686211,0,0.015200869,0,0.015200869
1500000US530530717072,530717072,0.790229885,0.063218391,0.031609195,0.056034483,0,0,0.058908046,0,0.058908046
1500000US530530717073,530717073,0.753036437,0.088259109,0,0.115789474,0.004048583,0.003238866,0.03562753,0,0.03562753
1500000US530530718031,530718031,0.532986111,0.190972222,0.016203704,0.109375,0,0.030671296,0.119791667,0,0.119791667
1500000US530530718032,530718032,0.675980171,0.177557458,0,0.088778729,0,0.013519603,0.044164038,0,0.044164038
1500000US530530718033,530718033,0.577266922,0.286079183,0,0.014048531,0.01660281,0.085568327,0.020434227,0,0.020434227
1500000US530530718034,530718034,0.921717172,0.017676768,0,0.060606061,0,0,0,0,0
1500000US530530718051,530718051,0.323665893,0.070765661,0,0.267981439,0,0.321345708,0.016241299,0,0.016241299
1500000US530530718052,530718052,0.365767878,0.060375147,0,0.259671747,0.050410317,0.083821805,0.179953107,0,0.179953107
1500000US530530718053,530718053,0.247052519,0.151125402,0.08306538,0.092711683,0.210610932,0.105037513,0.11039657,0,0.11039657
1500000US530530718061,530718061,0.357533747,0.124771981,0.05144108,0.005107625,0.119299526,0.211966436,0.129879606,0,0.129879606
1500000US530530718062,530718062,0.555090656,0.281032078,0.00488145,0.050209205,0,0.058577406,0.050209205,0,0.050209205
1500000US530530718071,530718071,0.471451876,0.205546493,0.032626427,0.133224579,0.012506797,0.003806417,0.140837412,0.008700381,0.132137031
1500000US530530718072,530718072,0.54887218,0.094274147,0,0.106419896,0.054366686,0.091382302,0.104684789,0.006940428,0.097744361
1500000US530530718081,530718081,0.620391705,0.089861751,0.009792627,0,0.00921659,0.215437788,0.055299539,0,0.055299539
1500000US530530718082,530718082,0.636263736,0.10989011,0.014835165,0.169230769,0.014285714,0.031868132,0.023626374,0,0.023626374
1500000US530530718083,530718083,0.370253165,0.069620253,0,0.03164557,0,0.261075949,0.267405063,0,0.267405063
1500000US530530719011,530719011,0.620441989,0.106629834,0.041436464,0.083425414,0,0.097790055,0.050276243,0,0.050276243
1500000US530530719012,530719012,0.576023392,0.039473684,0,0.111111111,0.027777778,0.033625731,0.211988304,0,0.211988304
1500000US530530719013,530719013,0.647196262,0,0,0.214953271,0.122663551,0.015186916,0,0,0
1500000US530530719014,530719014,0.674714104,0.179161372,0.046378653,0.042566709,0,0,0.057179161,0,0.057179161
1500000US530530719021,530719021,0.611389237,0.055068836,0.008135169,0.112640801,0,0.033166458,0.179599499,0.048185232,0.131414268
1500000US530530719022,530719022,0.974545455,0.025454545,0,0,0,0,0,0,0
1500000US530530719023,530719023,0.886792453,0.080617496,0.019725557,0,0,0,0.012864494,0.012864494,0
1500000US530530719024,530719024,0.954545455,0,0,0.045454545,0,0,0,0,0
1500000US530530719025,530719025,0.934579439,0,0,0,0,0.015186916,0.050233645,0,0.050233645
1500000US530530720001,530720001,0.682030728,0.039412158,0,0.022044088,0,0.203740815,0.052772211,0,0.052772211
1500000US530530720002,530720002,0.702922078,0.170454545,0.026785714,0.017045455,0.059253247,0,0.023538961,0,0.023538961
1500000US530530720003,530720003,0.603818616,0.001193317,0,0.060859189,0,0.163484487,0.170644391,0,0.170644391
1500000US530530720004,530720004,0.551413882,0.024421594,0.062982005,0.042416452,0.014138817,0.287917738,0.016709512,0,0.016709512
1500000US530530721051,530721051,0.552177486,0.078060805,0.00903862,0.265406738,0,0,0.095316352,0,0.095316352
1500000US530530721052,530721052,0.748367953,0.059347181,0.004154303,0.091988131,0.004747774,0,0.091394659,0,0.091394659
1500000US530530721053,530721053,0.669014085,0.171830986,0.036619718,0.077464789,0,0.009859155,0.035211268,0,0.035211268
1500000US530530721054,530721054,0.671471471,0.069069069,0,0.142942943,0.007807808,0.019219219,0.089489489,0.024624625,0.064864865
1500000US530530721061,530721061,0.770786517,0.085393258,0,0.042696629,0,0.050561798,0.050561798,0.035955056,0.014606742
1500000US530530721062,530721062,0.764465623,0,0.078965283,0.100068074,0,0,0.056501021,0,0.056501021
1500000US530530721063,530721063,0.645777778,0.162666667,0.004888889,0.045777778,0.012444444,0,0.128444444,0,0.128444444
1500000US530530721064,530721064,0.489980608,0.268907563,0,0.0885585,0,0.106658048,0.045895281,0,0.045895281
1500000US530530721071,530721071,0.742582897,0.063699825,0,0.043630017,0,0.04973822,0.10034904,0,0.10034904
1500000US530530721072,530721072,0.803610108,0.045487365,0,0.066425993,0,0.027436823,0.057039711,0,0.057039711
1500000US530530721073,530721073,0.599785408,0.096566524,0,0.144849785,0,0.015021459,0.143776824,0,0.143776824
1500000US530530721074,530721074,0.677824268,0.064156206,0,0.094839609,0,0.163179916,0,0,0
1500000US530530721081,530721081,0.498883929,0.159598214,0,0.203125,0,0,0.138392857,0,0.138392857
1500000US530530721082,530721082,0.595561036,0.104808878,0.048088779,0.065351418,0.130702836,0.022194821,0.033292232,0,0.033292232
1500000US530530721083,530721083,0.74260355,0.045857988,0,0.063609467,0,0,0.147928994,0.075443787,0.072485207
1500000US530530721084,530721084,0.778632866,0.096876415,0.028066999,0.020371209,0.041647804,0,0.034404708,0,0.034404708
1500000US530530721085,530721085,0.775158658,0.130553037,0.057116954,0.037171351,0,0,0,0,0
1500000US530530721091,530721091,0.832366215,0.016118633,0.021921341,0.067698259,0,0.005802708,0.056092843,0,0.056092843
1500000US530530721092,530721092,0.713519313,0.091201717,0,0.146459227,0.025751073,0.005901288,0.017167382,0,0.017167382
1500000US530530721111,530721111,0.64919595,0.041691483,0.005955926,0.137581894,0,0.006551519,0.159023228,0,0.159023228
1500000US530530721112,530721112,0.845595855,0.022797927,0,0.034196891,0.022797927,0.023834197,0.050777202,0.011398964,0.039378238
1500000US530530721121,530721121,0.596036585,0.098577236,0,0.12804878,0.071138211,0.016260163,0.089939024,0,0.089939024
1500000US530530721122,530721122,0.595102041,0.108571429,0.008163265,0.025306122,0.124081633,0.05877551,0.08,0.026122449,0.053877551
1500000US530530721123,530721123,0.587328767,0.128424658,0.03510274,0.090753425,0.023116438,0.024828767,0.110445205,0.03510274,0.075342466
1500000US530530723051,530723051,0.699769053,0.057736721,0.005388761,0.10469592,0.015396459,0,0.117013087,0,0.117013087
1500000US530530723052,530723052,0.907960199,0.024875622,0.0460199,0.021144279,0,0,0,0,0
1500000US530530723053,530723053,0.757798165,0,0.010091743,0.069724771,0.017431193,0,0.144954128,0,0.144954128
1500000US530530723054,530723054,0.746511628,0.018604651,0,0,0,0,0.234883721,0,0.234883721
1500000US530530723055,530723055,0.739657632,0.132667618,0.010699001,0.034236805,0,0.013552068,0.069186876,0.023537803,0.045649073
1500000US530530723056,530723056,0.866419295,0,0,0.025974026,0,0.107606679,0,0,0
1500000US530530723071,530723071,0.598702001,0.238507301,0.004867496,0.032449973,0.012439156,0.015143321,0.097890752,0,0.097890752
1500000US530530723072,530723072,0.828696925,0,0,0.112737921,0,0,0.058565154,0,0.058565154
1500000US530530723073,530723073,0.821899736,0.03298153,0,0.085751979,0,0.019788918,0.039577836,0,0.039577836
1500000US530530723074,530723074,0.689655172,0.131202691,0,0.142977292,0,0,0.036164844,0,0.036164844
1500000US530530723081,530723081,0.518342391,0.031929348,0,0.05638587,0.238451087,0.045516304,0.109375,0,0.109375
1500000US530530723082,530723082,0.831297266,0.013379872,0,0.062827225,0.012216405,0,0.080279232,0,0.080279232
1500000US530530723083,530723083,0.693522907,0.096366509,0,0.10821485,0,0.02685624,0.075039494,0,0.075039494
1500000US530530723084,530723084,0.513111269,0.091424522,0,0.021261517,0,0.313253012,0.060949681,0,0.060949681
1500000US530530723085,530723085,0.775449102,0.030538922,0.010179641,0.110179641,0,0,0.073652695,0,0.073652695
1500000US530530723091,530723091,0.724159402,0.025529265,0,0.109589041,0.001867995,0,0.138854296,0,0.138854296
1500000US530530723092,530723092,0.718120805,0.050111857,0.013422819,0.022818792,0,0.098881432,0.096644295,0,0.096644295
1500000US530530723093,530723093,0.822460776,0.011560694,0.037985136,0.022295623,0,0,0.10569777,0,0.10569777
1500000US530530723094,530723094,0.925609756,0.025609756,0,0.048780488,0,0,0,0,0
1500000US530530723101,530723101,0.927642276,0.025203252,0,0.007317073,0,0.031707317,0.008130081,0,0.008130081
1500000US530530723102,530723102,0.815140845,0.036971831,0.019366197,0.017605634,0,0,0.110915493,0,0.110915493
1500000US530530723103,530723103,0.741850683,0.065720294,0.031019979,0.056256572,0,0.005257624,0.099894848,0,0.099894848
1500000US530530723111,530723111,0.573391179,0.086767896,0,0.005061461,0,0.119305857,0.215473608,0.006507592,0.208966016
1500000US530530723112,530723112,0.42907489,0.305726872,0.028193833,0.063436123,0,0.061674009,0.111894273,0,0.111894273
1500000US530530723113,530723113,0.598732841,0.140971489,0.008975713,0.131467793,0,0.015839493,0.104012672,0.015839493,0.088173178
1500000US530530723121,530723121,0.633023649,0.041385135,0,0.260135135,0,0,0.065456081,0,0.065456081
1500000US530530723122,530723122,0.668874172,0.079470199,0,0.06254599,0,0.014716703,0.174392936,0,0.174392936
1500000US530530723123,530723123,0.743083004,0.018445323,0,0.181818182,0,0.022397892,0.034255599,0,0.034255599
1500000US530530723131,530723131,0.650890585,0.107379135,0.00610687,0.135368957,0,0.015776081,0.084478372,0,0.084478372
1500000US530530723132,530723132,0.825738916,0.01908867,0,0.100369458,0,0,0.054802956,0,0.054802956
1500000US530530724051,530724051,0.914510686,0,0.012935883,0.044994376,0.007311586,0,0.020247469,0,0.020247469
1500000US530530724052,530724052,0.94261242,0,0.027408994,0.011563169,0.005139186,0,0.013276231,0,0.013276231
1500000US530530724061,530724061,0.95360588,0.011024345,0.005512173,0.029398254,0,0.000459348,0,0,0
1500000US530530724062,530724062,0.948577681,0,0.009299781,0.034463895,0,0,0.007658643,0,0.007658643
1500000US530530724063,530724063,0.959322034,0,0.007748184,0,0,0.010653753,0.022276029,0,0.022276029
1500000US530530724071,530724071,0.676236045,0.005847953,0.051036683,0.099946837,0,0.137692717,0.029239766,0,0.029239766
1500000US530530724072,530724072,0.861708666,0.063921328,0,0.050399508,0,0,0.023970498,0,0.023970498
1500000US530530724073,530724073,0.822066822,0.010878011,0.052059052,0.096348096,0,0,0.018648019,0,0.018648019
1500000US530530724081,530724081,0.945,0,0,0.023571429,0,0.031428571,0,0,0
1500000US530530724082,530724082,0.941397093,0.002344116,0.022034693,0.011720581,0.016408814,0.006094702,0,0,0
1500000US530530724083,530724083,0.850717703,0.054545455,0.011483254,0.03923445,0,0,0.044019139,0,0.044019139
1500000US530530724084,530724084,0.911250874,0.032844165,0,0,0,0,0.055904962,0,0.055904962
1500000US530530724091,530724091,0.956036288,0.007676204,0.005582694,0.002791347,0.00628053,0.002791347,0.018841591,0,0.018841591
1500000US530530724092,530724092,0.921861282,0.007901668,0,0,0,0,0.07023705,0,0.07023705
1500000US530530724101,530724101,0.866862457,0.002936858,0,0.072442487,0,0,0.057758199,0,0.057758199
1500000US530530724102,530724102,0.916469194,0.011848341,0,0,0,0.005331754,0.066350711,0,0.066350711
1500000US530530725031,530725031,0.927643785,0.002473717,0.005565863,0.017316017,0,0.018552876,0.028447743,0,0.028447743
1500000US530530725032,530725032,0.819336627,0.002470007,0.052223006,0.03810868,0.01340861,0.009174312,0.065278758,0.002470007,0.062808751
1500000US530530725041,530725041,0.903180543,0.041627689,0.011225444,0,0,0,0.043966324,0,0.043966324
1500000US530530725042,530725042,0.736791237,0.036404639,0.028994845,0.03060567,0,0.024806701,0.142396907,0.004188144,0.138208763
1500000US530530725051,530725051,0.897580645,0,0,0.047580645,0,0.034677419,0.02016129,0,0.02016129
1500000US530530725052,530725052,0.969210174,0,0.009370817,0.013386881,0,0,0.008032129,0,0.008032129
1500000US530530725053,530725053,0.870333988,0.006221349,0,0.087753766,0,0.009495743,0.026195154,0,0.026195154
1500000US530530725054,530725054,0.891764706,0.038431373,0,0.037647059,0,0,0.032156863,0,0.032156863
1500000US530530725061,530725061,0.926587302,0.017857143,0,0,0,0,0.055555556,0,0.055555556
1500000US530530725062,530725062,0.869176471,0.018823529,0.000470588,0.075294118,0.000470588,0.002352941,0.033411765,0,0.033411765
1500000US530530725071,530725071,0.747433265,0.013347023,0.117043121,0.052361396,0,0.028747433,0.041067762,0,0.041067762
1500000US530530725072,530725072,0.926513815,0,0,0.029394474,0,0.018812463,0.025279248,0,0.025279248
1500000US530530726011,530726011,0.832335329,0.023577844,0.02245509,0.022080838,0,0.014221557,0.085329341,0.003742515,0.081586826
1500000US530530726012,530726012,0.857260726,0.004125413,0.048679868,0.01650165,0,0.000825083,0.072607261,0,0.072607261
1500000US530530726013,530726013,0.917610063,0.003773585,0,0.003773585,0.009433962,0.00754717,0.057861635,0,0.057861635
1500000US530530726021,530726021,0.972505092,0,0,0,0.00712831,0,0.020366599,0,0.020366599
1500000US530530726022,530726022,0.955518018,0,0,0.001126126,0,0,0.043355856,0,0.043355856
1500000US530530726023,530726023,0.965782123,0,0,0.009078212,0,0.005586592,0.019553073,0,0.019553073
1500000US530530726031,530726031,1,0,0,0,0,0,0,0,0
1500000US530530726032,530726032,0.902816901,0.018309859,0.026760563,0,0,0,0.052112676,0,0.052112676
1500000US530530726033,530726033,0.955365622,0,0,0.032288699,0,0,0.012345679,0,0.012345679
1500000US530530726034,530726034,0.917853231,0.02245345,0.014238773,0.006571742,0,0,0.038882804,0,0.038882804
1500000US530530726035,530726035,0.758949881,0.138424821,0.026252983,0,0,0,0.076372315,0,0.076372315
1500000US530530728001,530728001,0.771360469,0.089108911,0,0.084341768,0,0.003116978,0.052071874,0,0.052071874
1500000US530530728002,530728002,0.675494917,0.095238095,0.007758159,0.041733547,0.062867844,0,0.116907437,0,0.116907437
1500000US530530729011,530729011,0.697992701,0.165754258,0.007907543,0.058090024,0.007907543,0.002737226,0.059610706,0.011557178,0.048053528
1500000US530530729031,530729031,0.64,0.200540541,0.00027027,0.052702703,0.013243243,0.018918919,0.074324324,0.00972973,0.064594595
1500000US530530729051,530729051,0.77,0.0852,0.0024,0.0524,0.0044,0,0.0856,0,0.0856
1500000US530530729052,530729052,0.645546373,0.167125803,0,0,0.132231405,0.01010101,0.044995409,0,0.044995409
1500000US530530729053,530729053,0.70754717,0.154634947,0,0.010664479,0.016817063,0.009433962,0.100902379,0.013535685,0.087366694
1500000US530530729061,530729061,0.740932642,0.133851468,0,0.033678756,0.016407599,0,0.075129534,0.019861831,0.055267703
1500000US530530729062,530729062,0.761904762,0.060150376,0,0.130325815,0,0.010025063,0.037593985,0.037593985,0
1500000US530530729071,530729071,0.716759777,0.218435754,0.004469274,0.007821229,0.00726257,0.00726257,0.037988827,0.017877095,0.020111732
1500000US530530729072,530729072,0.744377811,0.087706147,0.003248376,0.024237881,0.087706147,0.017741129,0.034982509,0.022238881,0.012743628
1500000US530530729073,530729073,#DIV/0!,#DIV/0!,#DIV/0!,#DIV/0!,#DIV/0!,#DIV/0!,#DIV/0!,#DIV/0!,#DIV/0!
1500000US530530730011,530730011,0.949748744,0,0.025125628,0,0,0,0.025125628,0,0.025125628
1500000US530530730012,530730012,0.92875817,0,0.019607843,0,0,0,0.051633987,0,0.051633987
1500000US530530730013,530730013,0.905383361,0,0.005437738,0.048939641,0,0,0.04023926,0,0.04023926
1500000US530530730014,530730014,0.921259843,0,0.057086614,0,0,0,0.021653543,0,0.021653543
1500000US530530730015,530730015,0.905720339,0.002118644,0.018008475,0.031779661,0,0.003177966,0.039194915,0.003177966,0.036016949
1500000US530530730051,530730051,0.940248027,0.030439684,0.029312289,0,0,0,0,0,0
1500000US530530730052,530730052,0.954682779,0,0,0,0,0,0.045317221,0,0.045317221
1500000US530530730053,530730053,0.859124088,0,0.028467153,0,0,0.04379562,0.068613139,0,0.068613139
1500000US530530730054,530730054,0.807304786,0.011964736,0,0.009445844,0.0302267,0,0.141057935,0,0.141057935
1500000US530530730061,530730061,0.969996052,0,0.012633241,0.014607185,0,0,0.002763522,0,0.002763522
1500000US530530730062,530730062,0.904065041,0,0,0,0,0.048780488,0.047154472,0,0.047154472
1500000US530530731081,530731081,0.85721177,0.042450555,0,0.007718283,0,0.076700434,0.015918958,0,0.015918958
1500000US530530731082,530731082,0.685490635,0.071568353,0,0.046966732,0,0.005311714,0.190662566,0.068493151,0.122169416
1500000US530530731083,530731083,0.554713805,0.087542088,0.015572391,0.063552189,0.067760943,0.007996633,0.202861953,0.025673401,0.177188552
1500000US530530731101,530731101,0.942174733,0.006913891,0,0.042740415,0,0,0.008170962,0,0.008170962
1500000US530530731102,530731102,0.850956697,0.013595166,0.021148036,0.047834844,0,0.006545821,0.059919436,0,0.059919436
1500000US530530731111,530731111,0.900220751,0.00794702,0,0.034878587,0,0.00794702,0.049006623,0,0.049006623
1500000US530530731112,530731112,0.883685801,0.012084592,0.011329305,0,0,0.060422961,0.032477341,0,0.032477341
1500000US530530731113,530731113,0.87721519,0.039240506,0,0.016455696,0,0.02278481,0.044303797,0,0.044303797
1500000US530530731131,530731131,0.897230321,0.027696793,0.009475219,0,0.020408163,0.015306122,0.029883382,0.018221574,0.011661808
1500000US530530731132,530731132,0.785257616,0.068070703,0.024069199,0.04889056,0.003760812,0.019180143,0.050770967,0,0.050770967
1500000US530530731133,530731133,0.792194093,0.01652602,0,0.00281294,0.092827004,0.009142053,0.08649789,0.02742616,0.05907173
1500000US530530731141,530731141,0.816833842,0.145660706,0,0,0,0,0.037505451,0,0.037505451
1500000US530530731142,530731142,0.87459634,0.041980624,0.004305705,0.001614639,0,0.002152853,0.075349839,0,0.075349839
1500000US530530731143,530731143,0.81441048,0.028384279,0,0.017467249,0,0,0.139737991,0.008005822,0.131732169
1500000US530530731151,530731151,0.826442308,0.018269231,0.015865385,0.044230769,0,0.011538462,0.083653846,0.007692308,0.075961538
1500000US530530731152,530731152,0.80660702,0,0.029593944,0.034411562,0,0.03854095,0.090846524,0,0.090846524
1500000US530530731153,530731153,0.931323283,0,0,0,0,0.035175879,0.033500838,0,0.033500838
1500000US530530731161,530731161,0.862773723,0.031143552,0.017518248,0.045742092,0.000486618,0,0.042335766,0,0.042335766
1500000US530530731162,530731162,0.859504132,0,0.020343293,0.018436109,0,0.026700572,0.075015893,0,0.075015893
1500000US530530731171,530731171,0.878581836,0.030111705,0.064108791,0.008742108,0,0.006313745,0.012141816,0,0.012141816
1500000US530530731172,530731172,0.991511036,0.008488964,0,0,0,0,0,0,0
1500000US530530731181,530731181,0.930864198,0.006419753,0.015802469,0.00691358,0,0.008395062,0.031604938,0,0.031604938
1500000US530530731182,530731182,0.921122995,0,0,0.038324421,0,0.003565062,0.036987522,0,0.036987522
1500000US530530731191,530731191,0.932795699,0.004480287,0,0.000896057,0,0.001792115,0.060035842,0,0.060035842
1500000US530530731192,530731192,0.962141698,0.00757166,0.008112493,0.012439156,0,0,0.009734992,0,0.009734992
1500000US530530731201,530731201,0.682142857,0.120918367,0,0.071428571,0.03877551,0.068877551,0.017857143,0,0.017857143
1500000US530530731202,530731202,0.763085399,0.073002755,0.005509642,0.061524334,0,0.005050505,0.091827365,0,0.091827365
1500000US530530731211,530731211,0.803945746,0.025071928,0.014385532,0.027949034,0,0,0.12864776,0,0.12864776
1500000US530530731212,530731212,0.830808081,0.02483165,0.016414141,0.047558923,0.021464646,0.002525253,0.056397306,0.000420875,0.055976431
1500000US530530731221,530731221,0.740458015,0.044627129,0.032295948,0.054609513,0.02524956,0,0.102759836,0.004110393,0.098649442
1500000US530530731222,530731222,0.750637988,0.055778345,0.016040831,0.051403573,0.007291287,0.028436019,0.090411958,0,0.090411958
1500000US530530731231,530731231,0.660012285,0.058353808,0,0.125307125,0.023955774,0.046990172,0.085380835,0,0.085380835
1500000US530530731232,530731232,0.837297297,0.011891892,0,0.035675676,0,0.032972973,0.082162162,0,0.082162162
1500000US530530731241,530731241,0.913274336,0,0.00619469,0.007964602,0,0,0.072566372,0,0.072566372
1500000US530530731242,530731242,0.864380952,0,0.017142857,0.021333333,0,0,0.097142857,0,0.097142857
1500000US530530731251,530731251,0.794523867,0.056942089,0.034892173,0.041192149,0,0.009207657,0.063242064,0,0.063242064
1500000US530530731252,530731252,0.905221339,0,0.022701476,0.019296254,0,0.021566402,0.031214529,0,0.031214529
1500000US530530731253,530731253,0.755750274,0.125410734,0,0.020810515,0,0.044359255,0.053669222,0.010405257,0.043263965
1500000US530530731261,530731261,0.613275613,0.116642617,0.037758538,0.079365079,0.004329004,0.009139009,0.139490139,0,0.139490139
1500000US530530732001,530732001,0.977254265,0,0,0.006498781,0,0,0.016246954,0,0.016246954
1500000US530530732002,530732002,0.939842209,0.004930966,0,0.054240631,0,0.000986193,0,0,0
1500000US530530732003,530732003,1,0,0,0,0,0,0,0,0
1500000US530530732004,530732004,0.937948501,0.000422119,0.003799071,0.014352047,0,0,0.043478261,0,0.043478261
1500000US530530733011,530733011,0.825917686,0.020856507,0.010845384,0.02919911,0,0,0.113181313,0,0.113181313
1500000US530530733012,530733012,0.878361076,0,0,0.034571063,0,0,0.087067862,0,0.087067862
1500000US530530733013,530733013,1,0,0,0,0,0,0,0,0
1500000US530530733014,530733014,0.858670741,0,0,0,0,0,0.141329259,0,0.141329259
1500000US530530733021,530733021,0.891256429,0.006612785,0,0,0,0.022042616,0.08008817,0,0.08008817
1500000US530530733022,530733022,0.873733437,0,0.003117693,0.058456742,0,0.004676539,0.060015588,0,0.060015588
1500000US530530733023,530733023,0.897033159,0.010471204,0.032286213,0.019197208,0.011343805,0,0.029668412,0,0.029668412
1500000US530530734041,530734041,0.954954955,0.014742015,0,0.027027027,0,0,0.003276003,0,0.003276003
1500000US530530734042,530734042,0.933040615,0.004390779,0.008781559,0.004390779,0,0,0.049396268,0,0.049396268
1500000US530530734043,530734043,1,0,0,0,0,0,0,0,0
1500000US530530734044,530734044,0.909090909,0,0,0.020084567,0,0.031712474,0.039112051,0,0.039112051
1500000US530530734045,530734045,0.790636507,0.03945292,0,0.036822725,0,0,0.133087849,0,0.133087849
1500000US530530734051,530734051,0.805201428,0.039265681,0.004079551,0.04436512,0,0.048444671,0.058643549,0,0.058643549
1500000US530530734052,530734052,0.71474359,0.057692308,0.008974359,0.052564103,0.007692308,0.031410256,0.126923077,0.011538462,0.115384615
1500000US530530734061,530734061,0.719382322,0.025026624,0.010117146,0.218317359,0,0,0.02715655,0,0.02715655
1500000US530530734062,530734062,0.928355958,0.036199095,0,0.022624434,0,0,0.012820513,0,0.012820513
1500000US530530734063,530734063,0.776309996,0.020255394,0.01232937,0.026420079,0,0,0.164685161,0,0.164685161
1500000US530530734071,530734071,0.796911197,0,0.034749035,0.020849421,0,0.010810811,0.136679537,0,0.136679537
1500000US530530734072,530734072,0.951737452,0,0,0,0,0,0.048262548,0,0.048262548
1500000US530530734073,530734073,0.858267717,0.021653543,0.005249344,0.017060367,0,0,0.097769029,0.00328084,0.094488189
1500000US530530734081,530734081,0.909341924,0.002300966,0.013805798,0,0,0.046019328,0.028531983,0.00414174,0.024390244
1500000US530530734082,530734082,0.891282051,0,0,0,0.108717949,0,0,0,0
1500000US530530734083,530734083,0.868177137,0.028836251,0.032955716,0.002059732,0,0.03707518,0.030895984,0,0.030895984
1500000US530530735001,530735001,0.874819103,0,0,0,0,0,0.125180897,0.035455861,0.089725036
1500000US530530735002,530735002,0.816772375,0,0.053558844,0,0,0,0.129668781,0,0.129668781
1500000US530530735003,530735003,0.798941799,0.008465608,0.014814815,0.048677249,0,0,0.129100529,0,0.129100529
1500000US530530735004,530735004,0.843843844,0,0.052052052,0,0,0,0.104104104,0,0.104104104
1500000US530530735005,530735005,0.950684932,0,0,0,0,0.032876712,0.016438356,0,0.016438356
1500000US530530735006,530735006,0.945479641,0,0,0.054520359,0,0,0,0,0
1500000US530539400011,539400011,0.738947368,0.042807018,0.010526316,0.110175439,0,0,0.09754386,0.010526316,0.087017544
1500000US530539400012,539400012,0.867143994,0.019093079,0.002386635,0.011137629,0,0.035003978,0.065234686,0.008750994,0.056483691
1500000US530539400021,539400021,0.825439783,0.02232747,0.00338295,0.109607578,0,0.00405954,0.035182679,0.00135318,0.033829499
1500000US530539400022,539400022,0.493163172,0.157702826,0.023701003,0.135824977,0.092980857,0.02461258,0.072014585,0.002734731,0.069279854
1500000US530539400023,539400023,0.66776587,0.061830173,0.016488046,0.113767519,0.002473207,0.008244023,0.129431162,0,0.129431162
1500000US530539400031,539400031,0.509150915,0.131413141,0.00870087,0.256825683,0.01050105,0.00570057,0.077707771,0.00240024,0.075307531
1500000US530539400032,539400032,0.602832512,0.039408867,0.022167488,0.141625616,0.102832512,0.022167488,0.068965517,0.014162562,0.054802956
1500000US530539400033,539400033,0.661565369,0.120682116,0.034105815,0.040227372,0.087888063,0.014866638,0.040664626,0,0.040664626
1500000US530539400041,539400041,0.752118644,0.120762712,0.019774011,0.04519774,0,0,0.062146893,0,0.062146893
1500000US530539400042,539400042,0.922764228,0.026422764,0,0,0.016260163,0,0.034552846,0,0.034552846
1500000US530539400043,539400043,0.859060403,0.007829978,0.01901566,0.043624161,0,0,0.070469799,0,0.070469799
1500000US530539400044,539400044,0.852878465,0.035181237,0.011727079,0.017057569,0.010660981,0,0.07249467,0.025586354,0.046908316
1500000US530539400045,539400045,0.842696629,0.023220974,0.096629213,0,0,0.024719101,0.012734082,0,0.012734082
1500000US530539400046,539400046,0.904669261,0.022697795,0.017509728,0.029831388,0,0.012970169,0.01232166,0,0.01232166
1500000US530539400051,539400051,0.688217523,0.07734139,0.058006042,0.09244713,0,0.003021148,0.080966767,0,0.080966767
1500000US530539400052,539400052,0.651624549,0.069494585,0.018953069,0.125902527,0.009927798,0.057761733,0.06633574,0.00631769,0.060018051
1500000US530539400053,539400053,0.637734125,0.094563728,0.007309274,0.134764733,0.026952947,0.016445866,0.082229328,0,0.082229328
1500000US530539400061,539400061,0.166666667,0.334572491,0.005576208,0.275712515,0.05204461,0.013630731,0.151796778,0.027261462,0.124535316
1500000US530539400062,539400062,0.250971251,0.328671329,0.011655012,0.18026418,0.003108003,0.025641026,0.1996892,0.015540016,0.184149184
1500000US530539400071,539400071,0.328834356,0.040490798,0.141104294,0.2,0.098159509,0.078527607,0.112883436,0,0.112883436
1500000US530539400072,539400072,0.457332229,0.145816073,0.150787075,0.037282519,0.004142502,0.123446562,0.081193041,0.010770505,0.070422535
1500000US530539400073,539400073,0.360032362,0.071197411,0.182038835,0.134304207,0.056634304,0.085760518,0.110032362,0.010517799,0.099514563
1500000US530539400081,539400081,0.669516729,0.079553903,0.00669145,0.156877323,0.007063197,0.013011152,0.067286245,0.011152416,0.056133829
1500000US530539400082,539400082,0.622222222,0.052345679,0.00345679,0.211851852,0.006419753,0.009876543,0.09382716,0,0.09382716
1500000US530539400083,539400083,0.746067416,0.049438202,0.005243446,0.129588015,0.003745318,0.005243446,0.060674157,0,0.060674157
1500000US530539400091,539400091,0.876865672,0.032515991,0.001599147,0.046375267,0,0.010660981,0.031982942,0,0.031982942
1500000US530539400092,539400092,0.906187625,0.005988024,0,0.015968064,0,0,0.071856287,0,0.071856287
1500000US530539400101,539400101,0.821057835,0.035590707,0,0.028670292,0.004943154,0.087988136,0.021749876,0,0.021749876
1500000US530539400102,539400102,0.923961661,0.012140575,0.01341853,0.025559105,0,0.016613419,0.008306709,0,0.008306709
1500000US530539400103,539400103,0.971235195,0,0.001692047,0,0,0,0.027072758,0,0.027072758
1500000US530539400111,539400111,0.702474351,0.035606518,0.003621002,0.202776101,0,0.010863005,0.044659022,0.003017502,0.041641521
1500000US530539400112,539400112,0.697337963,0.021990741,0,0.188657407,0,0.005787037,0.086226852,0,0.086226852
1500000US530539400113,539400113,0.853909465,0.027777778,0.001028807,0.052469136,0,0.00308642,0.061728395,0.023662551,0.038065844
