siteID_INT,siteID,RES_depMEAN_NO2__Plume,RES_depMEAN_VOC__Plume,RES_depMEAN_pm_10__Plu,RES_depMEAN_pm_1__Plum,RES_depMEAN_pm_2_5__Pl
1,1,-0.4202978207374848,0.7211533816339575,-11.91546102867315,4.325546664415278,1.226110406180049
2,2,0.02994638995343024,0.7201593784835665,-9.91546102867315,4.306805078983707,1.2213004133018837
3,3,-0.4382712970090985,0.7197020580320412,-9.91546102867315,4.322936691664033,1.2206234573517287
4,4,1.7022339993791533,0.7187711253250728,2.0845389713268503,4.315851078420486,4.216783282857798
5,5,1.4497584933797256,0.7181045501541976,2.0845389713268503,4.322979412589028,4.214755508445358
6,6,7.857257545973152,0.7175997631420619,-5.91546102867315,4.3076791780201305,1.2119953497486273
7,7,5.239551625281052,1.717058022203978,-5.91546102867315,4.292591489511203,4.209082953296751
8,8,7.460652695792362,0.716863299012493,-12.91546102867315,4.283794424552092,1.2077932429281697
9,9,4.122199408689653,1.7160653577487333,-15.91546102867315,1.2947228891943965,-2.7944123281400755
10,10,4.716752011051895,1.7156880964993793,-15.91546102867315,1.2715036224284049,-2.797309003835557
11,11,-27.509934921420047,0.7149067964453981,-12.91546102867315,4.2786799193668585,1.2003451046903786
12,12,1.108879197153314,0.71480987906387,-11.91546102867315,4.253897861284322,1.198243493445326
13,13,1.1321193704245758,0.7147324564656459,-9.91546102867315,4.252787086583204,1.1978817639690726
14,14,5.135133265417458,1.7147338281264326,-15.91546102867315,1.2526611860896892,-2.802122952257384
15,15,5.143265324109816,1.7147082211841207,-15.91546102867315,1.2522741417929737,-2.802244154200273
16,16,0.1423636682283025,0.7146784878332775,-12.91546102867315,4.2522648618535825,1.1976487925385095
17,17,3.147782423936974,0.7146809578124569,2.0845389713268503,4.2520381720551725,4.197640272902654
18,18,3.14432188400232,0.7146647205646457,2.0845389713268503,4.252159469044578,4.197591487854205
19,19,-26.853720820042426,0.714650952718709,-12.91546102867315,4.252054107672997,1.197534183169915
20,20,-12.4389282335077,3.072463832167095,-12.91546102867315,-0.21961035438415166,-1.8576285807198865
21,21,-15.783648220061504,-1.8437643989398627,-15.91546102867315,-3.2323953862744688,-5.870750795469586
22,22,-10.981581393919113,3.156490886551897,-15.91546102867315,-3.238408309027058,-5.872364708355317
23,23,5.657202573876903,0.5308843126937397,0.2883234682193354,1.9278404998874379,-1.5583219469113834
24,24,5.649054145900058,0.5303523152089116,0.2883234682193354,1.9238623253705498,-1.5616194004077988
25,25,8.754794107687774,0.5306682616279719,44.28832346821933,1.9253109442753953,3.4383273011652813
26,26,4.667165628737582,0.5302647567474956,9.288323468219335,1.9230267414215945,-0.562558030843241
27,27,3.6093919746614507,0.5299386778430932,53.28832346821933,1.9210597870822,4.436461551943133
28,28,3.589703616134182,0.5297835173185013,53.28832346821933,1.9200517809205735,4.435836930889118
29,29,4.524672691337836,-0.4704295773412652,10.288323468219335,1.919016188907733,0.4357452941065896
30,30,4.577554968396907,0.5297283065053855,-13.711676531780665,1.9197404776149085,-1.5642813804614297
31,31,4.660506393239185,0.5299819068353127,21.288323468219335,1.9209173310740084,-0.5642913200354434
32,32,3.582922035107986,0.5296101633141865,109.28832346821933,2.918783972659014,16.434828926288127
33,33,4.794719959866935,0.5302672489084064,50.28832346821933,1.9218415649698528,3.4348350117413355
34,34,4.504347252088367,-0.47073063605501453,18.288323468219335,1.9168959896741313,3.434171798772291
35,35,4.666220797233473,0.5296570297251875,-13.711676531780665,1.9183578406916126,-1.5665751906010774
36,36,6.0307237397096145,0.5293442457368531,0.2883234682193354,1.91204766790635,-1.576900733934841
37,37,5.035928685340295,-0.47064575166888867,18.288323468219335,1.9120680083475037,3.4230466268959043
38,38,5.0311531583031215,-0.4706619512390864,10.288323468219335,1.9119926018484534,0.42304383773100884
39,39,5.026374252654147,0.5293218436501126,9.288323468219335,1.9119171639086971,-0.576958951436203
40,40,6.032009821964465,0.529325656595041,0.2883234682193354,1.9118824697260663,-1.5770670189419098
41,41,5.027232645607217,0.5293094497001523,35.78832346821933,1.911807031789607,1.4229301918931805
42,42,4.022456243821161,0.529293251017096,109.28832346821933,2.91173162528726,16.422927402725982
43,43,5.02925402251112,0.5293086571169394,-13.711676531780665,2.934804526231545,-0.7163265697930141
44,44,5.024477940044235,0.5292924608211607,-13.711676531780665,2.934729161221526,-0.7163293082487909
45,45,4.028088142301691,0.5292970581324987,53.28832346821933,2.9347243175409687,5.283617089051174
46,46,9.02172198681864,0.5292754613412747,44.28832346821933,2.934623799853256,4.283613387069207
47,47,4.0285168802802644,0.5292908701202519,53.28832346821933,2.934669282920467,5.28356166071701
48,48,-2.5967186296684233,-1.1178605547258043,15.128393977200368,-1.881240101262378,1.2005402891644685
49,49,-3.707656136308991,-0.11709580141210862,-9.871606022799632,-1.8844207005680147,-2.799954255326252
50,50,-10.747141065715056,-1.1167648623026176,-22.871606022799632,-1.88695358586439,-2.8007971412989257
51,51,-6.033729997319462,-0.9975538410701073,32.12839397720037,1.281537235843487,8.057922988115173
52,52,-10.002855004460493,-1.9977358686038202,-25.871606022799632,-3.718199602167161,-5.942226866168716
53,53,-5.595716115293577,-1.0002433336074366,-22.871606022799632,-1.7354557105535022,-2.803923542852697
54,54,-4.938697026809663,-1.1214816612740153,-22.871606022799632,-1.8831916782859537,-2.806356557730833
55,55,-11.090086403028643,-0.9967706189517227,-22.871606022799632,-0.7309406913439886,-1.9476169041532136
56,56,-11.376296630760287,-1.0011848499165628,-22.871606022799632,-0.7191246345304023,-1.9482849347715563
57,57,-6.329600298010952,-1.0014696600713804,68.12839397720037,-0.7185340890286511,7.051577686121768
58,58,-1.7094376738085018,-1.2850216856533958,11.541973007934008,-1.886413579674823,1.190056016928711
59,59,-4.734592486210751,-1.2848482716766205,28.541973007934008,0.11292694542528636,7.189977514583351
60,60,-2.693062027866155,-0.28510091754257294,-13.458026992065992,-1.8866885339950414,-2.810220972614726
61,61,-8.696612006320322,-2.2850772653725264,-29.458026992065992,-4.8867640863569335,-6.810223863204765
62,62,-5.719407955980877,-1.2849195988649642,64.541973007934,-1.8873732244521761,6.18969956151145
63,63,-4.782171730439245,-1.2843763338742438,-26.458026992065992,-1.891428982028856,-2.8116278279574054
64,64,7.7527427888322435,-0.20286523853023875,15.73974746787782,-2.411994797056508,-0.11126855208867426
65,65,4.644964212273848,-0.20341430835337082,-22.26025253212218,-2.4117071048223124,-4.112271384053528
66,66,-31.27028147473056,-0.20319955561796865,-18.26025253212218,-2.4140295566127747,-4.112732052857993
67,67,-31.466842612969888,-0.20427438166296064,-18.26025253212218,-2.4142026880354877,-4.114979258565555
68,68,8.128507011609415,-0.20562796223740998,-2.2602525321221805,-2.4067748749569517,-0.11491378923223294
69,69,3.505517506900155,-0.20440616456645255,-5.2602525321221805,-2.4140454193151157,-2.1151867218068645
70,70,8.352515738942902,-0.205030792978107,11.73974746787782,-2.412215285165999,-1.1157582472819456
71,71,4.325303149555335,-0.2051701134891517,90.73974746787782,0.5878366221860745,12.883976984794757
72,72,8.352617336726116,-0.20513116527354613,11.73974746787782,-2.413168141006352,-1.1163274907109155
73,73,8.36661748747834,-0.20510528310650855,-2.2602525321221805,-2.4136304861595477,-0.11645158324154181
74,74,7.475076705647002,-0.20482507826835095,15.73974746787782,-2.416511030046749,-0.11698649457458998
75,75,5.0967152204626025,-0.20612093882096483,-21.26025253212218,-2.4097468162960496,-4.117052673876984
76,76,3.4532884044652796,-0.20497706144688488,-5.2602525321221805,-2.4168507277291553,-2.117426067138524
77,77,4.307699476905771,-0.20581897267755123,-22.26025253212218,-2.4174483828587654,-4.119369101615845
78,78,4.214063390460144,-0.20618799123279885,90.73974746787782,0.5838063730944043,12.880357915098116
79,79,3.674804684040353,-0.21026058356102117,87.55488545544776,0.5721995436872476,12.86759819050745
80,80,7.637979894888289,-0.21044106258797068,-5.44511454455224,-2.4276526976533006,-0.13271637670879954
81,81,4.635876047281116,-0.2104578865708051,-24.44511454455224,-2.4277077322770992,-4.132771805045266
82,82,7.639701479166646,-0.21044532157648144,8.55488545544776,-2.4277831702135444,-1.1327745942101615
83,83,-32.361512769490716,-0.2104790400171499,-21.44511454455224,-2.428048927575773,-4.132944631912906
84,84,7.633834921299666,-0.21050423681066777,8.55488545544776,-2.4280536668891983,-1.1329981839015346
85,85,-32.36572111591719,-0.21051268364647058,-21.44511454455224,-2.4281590282607652,-4.133055488585825
86,86,6.634331563947626,-0.210542204876921,12.55488545544776,-2.4284498968116424,-0.13322643910564125
87,87,7.619989065579816,-0.21063885689970707,-5.44511454455224,-2.428649611877674,-0.1335006901955893
88,88,6.625077959851353,-0.2106221196578799,-28.44511454455224,-2.428750275426779,-4.133504493602686
89,89,2.6288937931662417,-0.2106095592143622,-8.44511454455224,-2.4288257548588916,-2.1335073334813046
90,90,6.620429216967899,-0.2106473026396798,12.55488545544776,-2.4287549732445086,-0.13355799487757736
91,91,3.6306039196867914,-0.21061380361391313,-25.44511454455224,-2.4289562274191354,-4.1335655509826665
92,92,3.122576594161643,-0.21066001283570746,-16.94511454455224,-2.428990848672015,-3.1336735677769667
93,93,3.623848555068477,-0.2106558180269298,87.55488545544776,0.5709840401393365,12.866325519405976
94,94,0.41436054082953433,-0.01772852948228154,-25.755298817602466,-2.485164474703552,-4.308756923086364
95,95,16.54468822030109,-0.07006546576327422,-14.55151432070998,-2.6164279136580006,-4.4670744492863435
96,96,13.545858170163413,-0.07008186929875126,-29.55151432070998,-5.616482979719194,-8.467129877622796
97,97,13.554172661092394,-0.07028963691630263,-29.55151432070998,-5.617429734439156,-8.467912365473168
98,98,-39.45890103242643,-2.0708489171930577,3.4484856792900196,-2.6213404909818934,-1.470459939008478
99,99,7.564005419438768,0.14017456020804442,-33.9122232901471,-0.2549177845567314,-2.735361115091485
100,100,12.761715751665989,0.01350988512450213,-26.55151432070998,-2.633202231056245,-4.482109372672511
101,101,-39.17753332904121,0.012887383955135556,-15.55151432070998,-2.634520529540765,-4.4839729412736915
102,102,-23.113480903179713,0.16707952393691405,-36.708438793254615,-0.20131905004289052,-2.7506198817284178
103,103,5.920270013053585,0.16783111775758774,53.291561206745385,-0.20006968476136677,5.24878567092187
104,104,9.873592447154635,0.16761957677317874,-21.708438793254615,1.7978390221735694,4.2475336396512455
105,105,-23.136985815396137,0.1674644236766829,-36.708438793254615,-0.20258827420312997,-2.752482182528005
106,106,-4.17566502896954,0.1675019228917396,-22.708438793254615,-0.2044068788713318,-1.7540445211980886
107,107,9.902914907785451,0.10626069978348984,2.4484856792900196,-2.7055664440859744,-4.499012631597736
108,108,5.822389842846476,0.16799568919203933,53.291561206745385,-0.2046981146168534,5.244663283539247
109,109,7.9001634574952355,0.16992731907603353,-34.708438793254615,-0.20166449308668888,-2.7569863306714586
110,110,13.854406249601084,0.1693535242955937,-0.708438793254615,3.7963461889255186,6.242619686949873
111,111,-4.1763563833787245,0.16933614128316954,-22.708438793254615,-0.2050820467688439,-1.7585010506718737
112,112,12.644231949115266,-1.8995684532987747,60.448485679290016,-2.684956860048459,4.497917662988868
113,113,15.595756185648582,0.10854172741138068,-14.55151432070998,-2.7287133900922527,-4.5050555879927145
114,114,12.802765477740238,-2.8301117385722137,-39.708438793254615,-3.206194638471409,-6.760571169695004
115,115,12.744111935737731,1.169027657209253,-10.708438793254615,-0.20869258315837413,-0.7607704175735739
116,116,10.872860558480362,0.10927631783044389,2.4484856792900196,-2.738758302140539,-4.508366632335978
117,117,9.762255969731825,0.17030518247733584,-21.708438793254615,1.7918297572113957,4.236953065117896
118,118,14.857497732707607,0.10905922917052369,-26.55151432070998,-2.7386106377947215,-4.508681199552228
119,119,13.97881480017574,-0.014341984738438285,-26.55151432070998,-2.8722245380253355,-4.510273052671266
120,120,13.067303328160932,-1.890693026084623,60.448485679290016,-2.747069568888463,4.487800394288314
121,121,0.11176659073176154,0.10876427076974782,5.44848567929002,-2.7502963856636313,-1.5146681697805349
122,122,12.722651826967393,0.10498803231503318,-28.755298817602466,-5.742727213168195,-8.51779923684704
123,123,-40.28552005822545,0.10486091913071549,-14.755298817602466,-2.742695823554186,-4.518011467023925
124,124,7.58645806744509,0.17190064906272084,-35.504654296362126,-0.21656482427284374,-2.77312855296909
125,125,-0.19205377074368357,0.10521339961185205,6.2447011823975345,-2.7458260118841054,-1.518822404367313
126,126,-40.209203094540165,-1.8949344943255506,4.2447011823975345,-2.745458260597033,-1.518915359665172
127,127,11.7976238573536,0.10509052728901547,-25.755298817602466,-2.7456893652737193,-4.518977380575933
128,128,-40.19770805535788,0.10512053228251217,-14.755298817602466,-2.7458151400115156,-4.518982096800087
129,129,15.806609242387125,0.10511066403690017,-13.755298817602466,-2.7460258313172687,-4.519096706168682
130,130,12.81530122016001,-1.894852185854701,61.244701182397534,-2.7463072313029215,4.480839396572719
131,131,14.817167788023937,0.10515984655483623,-25.755298817602466,-2.746357526613295,-4.519162479775119
132,132,14.814659401552852,0.10512486382903607,-25.755298817602466,-2.746337113242376,-4.519215068232953
133,133,10.819326557229147,0.10515494290171956,3.2447011823975345,-2.7464628879848902,-4.519219784459409
134,134,12.820259244810813,-1.8948390330079177,61.244701182397534,-2.7464879991735387,4.480779302723519
135,135,10.817750759333052,0.10512597679431579,3.2447011823975345,-2.7464675858026197,-4.5192732857343145
136,136,6.4573979948634985,3.17026565045262,31.495345703637874,2.777718552457678,9.225698780211296
137,137,6.1511997128064095,3.1659056736747844,32.291561206745385,2.7652636074698407,9.224810557612734
138,138,15.830263240323333,0.10475556451001644,-13.755298817602466,-2.7479395768250043,-4.520608991986435
139,139,6.60134283245069,3.1739893323579462,31.495345703637874,2.7840693369413785,9.223050593850196
140,140,-2.836564996688736,0.16720993629243708,-18.708438793254615,-0.2348102687627076,-2.7779685674149937
141,141,-2.5242130032885512,0.17268086775801228,-19.504654296362126,-0.22173964697875448,-2.778872967175025
142,142,6.73478981783823,3.1776495764564654,29.902914697422844,2.790840340902882,9.220898473345436
143,143,9.361850220868167,0.17200841412940981,-22.504654296362126,1.7730530693986921,4.2183714382158195
144,144,6.592884130070104,3.18016663008314,29.106699194315325,2.7861656432611355,9.212075631242236
145,145,5.748274907605673,3.1661444048939824,32.291561206745385,2.7467598067843895,9.209549407504547
146,146,-23.806309843410354,0.1738041805686259,-37.504654296362126,-0.23474430965871562,-2.7914745206985208
147,147,12.191171855935757,-2.826159505141638,-40.504654296362126,-3.234859285458363,-6.791638980069172
148,148,5.190514319971307,0.17385568968260667,52.495345703637874,-0.23488919883524062,5.208306555125142
149,149,5.188108716375098,0.1738675262535443,52.495345703637874,-0.23499933095431658,5.208195698454525
150,150,-4.146429124272203,0.17387344313459474,-22.171320963028794,-0.23505446994527546,-2.125193113926681
151,151,13.185157208922512,0.17387007638010532,-1.5046542963621263,3.764865352804854,6.2080838782531425
152,152,12.186675203641201,1.173922435841904,-11.504654296362126,-0.23506404288242067,-0.7919668845682883
153,153,-2.816589899834323,0.1738667105640901,-19.504654296362126,-0.23521482444500208,-2.7919724629003815
154,154,-23.81965604381535,0.17389376222639719,-37.504654296362126,-0.23535494287403225,-2.7921378350903927
155,155,7.178051118724305,0.17388110835939674,-35.504654296362126,-0.23546030424559916,-2.792195139774697
156,156,9.175644400332835,0.17389296689103295,-22.504654296362126,1.7644295636353107,4.207694003554686
157,157,7.174554587118827,0.173874384681441,-35.504654296362126,-0.23562073167509112,-2.7923078727931516
158,158,11.9000068084747,1.1699496941002656,-11.504654296362126,-0.24773576145501153,-0.7938775140089183
159,159,12.099862760126342,-2.8203988085034104,-42.893300805684675,-3.2338245939675474,-6.8024396451576115
160,160,-38.90561871833572,-0.038407935342223976,-18.24133004765975,-2.7195273722469437,-4.551026115284813
161,161,7.945527803833965,-0.5748259007608043,-16.200712780312283,0.3161739875734426,-1.351930993057108
162,162,4.363606310503393,-0.6143118244588894,-21.379564755793677,-0.11795637389985103,-2.2120335345782562
163,163,3.6903970611655126,-0.5924690325148692,-8.379564755793677,-0.17712414520347153,-2.215348990874875
164,164,3.489907235360228,-0.4495610389399123,-21.379564755793677,0.13992469670129992,-2.2102693109989415
165,165,4.213688643636321,-0.5992416812483383,-21.379564755793677,-0.16386911192054043,-2.217830385105475
166,166,-0.228727750488261,-0.5186468396339965,-21.379564755793677,0.08506443464838753,-2.2160293952475767
167,167,0.36136681416115835,-0.5279714214237696,-5.379564755793677,0.10872058026144771,-2.21571832716761
168,168,5.243381823976929,-0.6277646757910376,-11.379564755793677,-0.09292859426191313,-2.217854067660613
169,169,14.394359120395764,-0.027316180612426466,-12.91546102867315,-0.6059139596405956,-2.2493625662683767
170,170,0.08210639463817415,-0.5234466646598113,-5.379564755793677,0.09500206242296372,-2.217411807354625
171,171,7.194681221970406,-1.4948315814921505,-14.608281774097254,1.1001546166967344,-0.5177642471357675
172,172,4.753083288687037,-0.6058091711243567,-21.379564755793677,-0.1533582826987967,-2.2218557602237494
173,173,-0.2945388090469052,-1.4152025104894814,20.08453897132685,0.8651087859044608,0.4482335369829169
174,174,0.27290546899281765,-1.4010904567237172,-12.91546102867315,0.9035184443385091,-0.5503230442437914
175,175,8.991062965427915,-0.5823785247714341,-16.200712780312283,0.3073355816325787,-1.3707629856437062
176,176,13.709039882557763,-0.23234114778584924,-12.91546102867315,-0.9990436690147106,-2.2604757193749263
177,177,3.0345916501404204,-0.3420333556853459,-21.379564755793677,0.3103753214446314,-2.2163566404913295
178,178,0.4705836422098315,-0.7960586636614926,-21.379564755793677,-0.5810522795900326,-2.2269581591240266
179,179,6.5129110206054435,-1.6216051905415276,-14.608281774097254,0.967324241571049,-0.5187710346465852
180,180,1.6544920208157308,-0.44479716933531166,-21.379564755793677,0.11564839247398595,-2.2188146564399203
181,181,6.390728367820152,-0.41974836701034235,7.595502722795231,1.3634233176608461,-0.515861427364209
182,182,0.10718231780041165,-0.7916385316737931,-21.379564755793677,0.4291973507749631,-1.3673935209487933
183,183,7.28493154164504,-0.8745758135805703,-19.787133749578647,0.18266495468543553,-1.3713559623392353
184,184,4.593239462281769,-0.6974083331662235,-21.379564755793677,-0.37893499347146076,-2.226451393013181
185,185,2.790198385976435,-0.8853119613647673,42.08453897132685,-1.1005512765761551,0.5789625503300773
186,186,6.895021920127753,-0.8797164181305757,-20.583349252686162,0.19601933376458192,-1.3710062009191102
187,187,2.075064658521569,-0.8809967367687861,42.08453897132685,-1.0886309792520592,0.5793753469031646
188,188,3.617593105068458,-0.618431867043284,-21.379564755793677,-0.12355266105799245,-2.2229623998775336
189,189,6.328634242501337,-1.627271361881097,-14.608281774097254,0.9803079130199563,-0.5195522039816272
190,190,-4.828980265015492,-0.7175990389282216,-12.91546102867315,-0.7324459797304144,-1.4192621201378284
191,191,-3.9790676753815895,-0.7518296891012481,-12.91546102867315,-0.9009981594748311,-1.4198898346298687
192,192,6.004467652552805,-1.7213009187657593,-14.608281774097254,0.9958902794005553,-0.5195944471694904
193,193,3.9522044573811144,-0.6234392283026222,-21.379564755793677,-0.11151195422703353,-2.2232515096159515
194,194,3.9269355747779287,-0.372966251964546,-14.608281774097254,1.2368921894373415,-0.5223626183809902
195,195,0.8246771450916555,-0.8003546000216357,-21.379564755793677,-0.5734883143325575,-2.229122146262074
196,196,23.767371856983665,-0.8625874234792715,-12.91546102867315,-0.564964457139908,-2.2585672198438287
197,197,8.307612161001973,-0.5748781841679653,-16.200712780312283,0.28261911892919755,-1.374798401758822
198,198,8.811972928752255,-0.8664518216342278,-19.787133749578647,0.15897915856943712,-1.373645969069484
199,199,8.949277564979708,-0.5244490137386437,-12.91546102867315,2.0194643822217486,0.33489517664487245
200,200,-3.229195653249313,-0.8733175661659469,-15.91546102867315,-4.068919573106555,-5.42107852647902
201,201,-6.225327487810151,-0.5569548502225252,-12.91546102867315,-0.3846435600389526,-1.418654132657279
202,202,1.141326284793685,-0.8050899155292255,-21.379564755793677,-0.5614288552265876,-2.228929490957799
203,203,5.93433748218532,-0.4287506435867743,-16.200712780312283,1.3840707893041895,-0.5170963179425829
204,204,16.12368620475425,-1.150068801899637,-12.91546102867315,-0.7327698186892491,-2.253383428008152
205,205,4.8841224530920435,-0.589430477489167,-21.379564755793677,-0.20202842410569843,-2.227331653810711
206,206,4.342719898498665,-0.7812347181970765,-21.379564755793677,0.3978635176932599,-1.3710930707637754
207,207,4.419237257311654,-0.6927231964205869,-21.379564755793677,-0.394446714236949,-2.229120878460466
208,208,13.845176631884257,-0.036348884263802006,0.08453897132685029,-0.6379451290877327,-2.2562978022307076
209,209,-2.5818691036089554,-0.8770334837485478,-15.91546102867315,-4.080501557263389,-5.422542483655716
210,210,3.433238298289332,-0.8891532012390169,-12.91546102867315,-1.1144832329254655,-1.4241370245168081
211,211,4.153612293189234,-0.41411521087737846,28.59550272279523,1.343002916612349,1.479892853403035
212,212,-25.759198129166386,-0.4327876927196814,2.0845389713268503,-0.21251096755784005,-1.4196438808986738
213,213,4.704479318343417,-0.786659360679669,-21.379564755793677,0.41037324161793975,-1.3717888916197563
214,214,7.781021661589158,-0.41193503807522713,-12.91546102867315,1.1798135978195745,-0.5270048048864826
215,215,13.35586998097381,-0.19143706208442168,-12.91546102867315,1.2252787079278349,-0.5312774522512544
216,216,4.7724623425827595,-0.3681847007273231,-14.608281774097254,1.2065962144144038,-0.5261362078742682
217,217,4.82099862689083,-0.5847287123364293,-21.379564755793677,-0.21807123206871637,-2.230340961104093
218,218,-7.271339121961272,-0.6801123470196324,-12.91546102867315,-0.5597193838910854,-1.422144444308243
219,219,6.778949303794683,-0.4247135074809485,6.7992872196877165,1.3689736320513646,-0.5204452442317891
220,220,-6.488074255730705,-0.5966200677307256,-12.91546102867315,-0.5719522658660381,-1.422994683535732
221,221,23.593814770093182,-0.8704561937353655,-12.91546102867315,-0.5907292281037115,-2.262971820117431
222,222,-1.230602266694639,-1.4105106815031985,-12.91546102867315,0.8692640937375486,-0.5581524868350503
223,223,8.5048212332334,-0.410986049697331,-12.91546102867315,1.1672131026585078,-0.5290339485256599
224,224,2.986555421709074,-1.5100386402943857,-12.91546102867315,0.7616591215373205,-0.5567241802696064
225,225,14.5434760451816,-0.029327264729425817,-12.91546102867315,-0.6088686440145281,-2.2583191362054036
226,226,6.246997797018224,-0.433042876163767,-16.200712780312283,1.388765317683351,-0.5211268656946775
227,227,19.760952315898972,0.035030032034793934,-12.91546102867315,-0.6867522245469715,-2.2618037173877097
228,228,3.9810233708470264,-0.40980628362887495,-15.404497277204769,1.3266940458021708,-0.5238225185888812
229,229,9.299741859842207,-0.4602960927814941,-16.200712780312283,0.4373119936735037,-1.3795615366478255
230,230,8.608089984941284,-0.5222481261553726,5.08453897132685,1.988306018281044,0.3290089206674853
231,231,6.270850611604043,-1.4994505903767452,-14.608281774097254,1.09824433645732,-0.5267894305578498
232,232,9.382711230951484,-0.5180366683498017,-12.91546102867315,0.9358465371756566,-0.5330805720186991
233,233,13.76883230608646,-0.18996163506045294,-12.91546102867315,0.18422432111677978,-1.3955926487108297
234,234,12.722723247880488,-0.003017429079663181,-12.91546102867315,-0.7895534724256592,-2.26646943431179
235,235,11.580772225603265,-0.217533688045626,-12.91546102867315,-0.9707100730543772,-2.2677398740808767
236,236,4.234326084084675,-0.4155175897680501,-12.91546102867315,0.7779309463185484,-0.557687963912068
237,237,4.798108372635443,-0.370484200548008,-14.608281774097254,1.2148701031919984,-0.5288557968853045
238,238,3.0527030497706633,-0.34531556395516727,-21.379564755793677,0.3060859692487341,-2.2249441276950135
239,239,4.5358363250226645,-0.45169567322924187,-0.20071278031228346,0.41297781966383695,-1.3815040132903231
240,240,21.772882036784356,-0.9749095066738264,-12.91546102867315,-0.7156145957098445,-2.2645696572645333
241,241,16.986307903096503,0.004796052544850715,-12.91546102867315,-0.7702286853351907,-2.26689364110847
242,242,13.97672878638367,-0.48696272165540755,-12.91546102867315,1.7683764317170514,0.3068653259027858
243,243,7.580300095905109,-0.4444880464950032,-16.200712780312283,1.4158024966207137,-0.5221713323034525
244,244,6.371231343359135,-0.2859041482894116,-12.91546102867315,1.9884363447415794,0.3033005688752528
245,245,12.702694231877263,-0.18849119052854202,-12.91546102867315,0.17083021560777212,-1.3974934907139964
246,246,7.211220082830238,-0.38677208981815103,-12.91546102867315,1.8770800239129812,0.3046860744203119
247,247,11.759734372774227,-0.22150364838603287,-12.91546102867315,-0.9833309500611023,-2.2696663256961385
248,248,6.457500070690514,-0.8855260833963934,-20.583349252686162,0.19869001842326384,-1.3789528899073087
249,249,0.9687884779064433,-1.3990682366714458,-12.91546102867315,0.8957832636657415,-0.5606330189600275
250,250,15.052205002862824,-0.32649777958367565,-12.91546102867315,-1.029808150713393,-2.271626145881174
251,251,-4.394708175344949,-1.4291428358100156,-12.91546102867315,-0.20972623889142739,-1.425018248842802
252,252,15.61380656947671,0.04152922029387973,-12.91546102867315,-0.6735862752018349,-2.2643315131978197
253,253,-1.2282843052056087,-1.4219704865065945,20.08453897132685,0.8325368721694062,0.43626350136084646
254,254,6.015601288625302,-1.0073759891520244,-20.583349252686162,0.05432967708281211,-1.3794452537793642
255,255,19.76463966342368,0.030050117999274262,-12.91546102867315,-0.7047817385243107,-2.2659089133643446
256,256,3.8841012275256332,-0.40496420270999645,-15.404497277204769,1.3088145952646926,-0.5277047334226896
257,257,10.353633497067385,-0.49178067358732647,-12.91546102867315,1.7524938138146737,0.30411865662775917
258,258,7.300558314203105,-0.3571341452044978,-22.97199576200871,0.33254367973840004,-2.2269813345580642
259,259,7.55335757770716,-0.43943412363417345,-16.200712780312283,1.3990241660577283,-0.5249447268625094
260,260,8.90013261372327,-0.5205018892166167,5.08453897132685,0.9409436644111295,-0.5365605891111134
261,261,7.262826560193705,-0.27802188197939537,-7.768211265116221,0.35515691762312684,-2.2262318095791924
262,262,9.555173995814133,-0.3125332580900002,-12.91546102867315,1.0750917708274415,-0.5376904041989352
263,263,12.710125438075451,-0.44774972648560074,-12.91546102867315,-1.1985645423081976,-2.27412158736833
264,264,12.0686701465737,-0.21255611125291884,-12.91546102867315,-0.9629196005415963,-2.2714859268981824
265,265,12.388282420731024,-0.45687915231458254,-12.91546102867315,0.8222210580743123,-0.5540381119648945
266,266,12.80288948089239,-0.1389189404268818,-12.91546102867315,-1.000950024934994,-2.2730645948686172
267,267,9.681577751910417,-0.49608165528788306,-12.91546102867315,1.7393689338044922,0.30249064577408014
268,268,12.396695490905692,-0.4724084822144041,16.08453897132685,0.7795542658905177,-0.5563320742387905
269,269,15.397468371883834,-0.07011875429614478,-12.91546102867315,0.30778073053957655,-1.401925627661269
270,270,-16.921386824483026,-0.29454403139385965,-2.9154610286731497,0.9364226810445402,-0.5627776847848569
271,271,16.47730284785409,0.0009143155454566232,-12.91546102867315,-0.7870040017412592,-2.2721760172855197
272,272,7.805526368815531,-0.351107395782307,-21.379564755793677,0.31284564708953866,-2.2302336035674584
273,273,4.427008308101367,-0.24845899230437296,-22.871606022799632,0.3777599713370208,-2.229589306215689
274,274,14.70381506396439,-0.4835027936063623,-12.91546102867315,1.7684983935914218,0.30005438532135464
275,275,15.363753177724503,-1.1503719132143218,-12.91546102867315,-0.769055363208949,-2.2680463780709372
276,276,-9.262792209750483,-0.4767269987267657,-12.91546102867315,0.7627197553130216,-0.5608192845379794
277,277,14.987574291827023,-0.06897290636096898,-12.91546102867315,0.2880076323681209,-1.4070556139512274
278,278,7.697242549635149,-0.24113169888984198,-22.871606022799632,0.34911235613930813,-2.2368058422496544
279,279,13.563320577078471,-0.45329276787660877,-12.91546102867315,-0.204249404638027,-1.424554790873442
280,280,-13.99052569500349,-0.27898530977238845,-12.91546102867315,1.9899857661109692,0.2905293833472715
281,281,13.188546604268058,-0.46284656773761235,-12.91546102867315,0.7922394180017918,-0.5654250597494102
282,282,3.6488751591015003,-0.8959780308262517,-12.91546102867315,-1.157996066454487,-1.4451062282459883
283,283,12.344056565391835,-0.46844756714769664,16.08453897132685,0.7746417524597646,-0.5679714161945473
284,284,5.262266428392774,-0.25528240717874273,-24.464037029014662,0.37142280082532153,-2.2457740252605616
285,285,9.906782087641734,-0.4977656768081833,-12.91546102867315,1.7086275183538149,0.2819149173024531
286,286,6.6747426496278095,-0.17683133274189422,-24.464037029014662,0.3906680233726334,-2.248512783448265
287,287,4.658889381299346,-0.19004453814486255,-24.464037029014662,-0.5987343759496397,-3.1087865290509233
288,288,4.731384779151039,-0.06886246315254607,-24.464037029014662,0.5658257085477345,-2.2506386350786753
289,289,4.7732698112321295,-1.9839101368994114,-15.91546102867315,-4.179882815258537,-5.462621633045712
290,290,-8.258230364108716,-0.07712566195088888,-25.26025253212218,-1.4625249595350382,-3.974231997008001
291,291,-8.177560897782232,-0.0806728908681702,-25.26025253212218,-1.4616356149544671,-3.979798360998739
292,292,-6.347981695805583,-0.08677578112023365,-21.26025253212218,-1.4498336807092258,-3.9821794466789946
293,293,-6.753425864790483,-0.09355811229334798,-25.26025253212218,-2.4557448721683457,-4.842811219773637
294,294,-6.871756524953597,-0.0983271479114054,-25.26025253212218,-2.4523071078497267,-4.848761727994159
295,295,-6.165808725934394,-0.221980917557286,-25.26025253212218,-2.592081097294752,-4.849192983774827
296,296,-7.186343919214384,-0.11041922830120465,-24.464037029014662,-2.4261503392459574,-4.851562152108087
297,297,4.902075262134524,-1.9841897601405274,-15.91546102867315,-4.206262765542917,-5.483346556545866
298,298,-7.338055149417542,-0.11411953517674611,-25.26025253212218,-2.422618912768421,-4.855589352860463
299,299,-2.685246859432798,-0.1210910632108122,-25.26025253212218,-2.413713640376649,-4.8612276773359895
300,300,-5.010507829091232,-0.1261704341439227,-25.26025253212218,-2.410371533718539,-4.867395841928939
301,301,-5.106418269973574,-0.13034154908572115,-26.056468035229692,-2.40175399995028,-4.8686180544820985
302,302,-8.229411649648053,-0.24477965306671656,113.45149069776436,4.542101376097932,31.13372266435813
303,303,-7.065231780222415,0.021492340955998168,-22.470047065963332,-2.3770135664515166,-4.869820083614101
304,304,-7.0609457381133645,0.027194723918267383,-22.470047065963332,-2.396649628490657,-4.873279866573938
305,305,-7.678223817762699,0.008164551970193612,47.52995293403667,-2.3471947439696024,0.1277280873133435
306,306,-7.368532816195799,0.012219735850750313,116.73373743092915,-1.3607487867552024,18.125564455162134
307,307,-18.15809970943277,-0.31206830029707877,-12.91546102867315,-1.569800413977795,-1.513952836009933
308,308,-8.241692815306411,0.002954417267982623,47.52995293403667,-2.348154731041454,0.1185699874539381
309,309,-12.509773053017774,-0.46013527753739014,88.45149069776436,-2.618602730756187,7.113244100287432
310,310,-10.657619660862203,-0.336173400652952,107.45149069776436,6.513836861183023,37.10950768276871
311,311,-13.206506829523569,-0.43601262627366677,88.45149069776436,-2.4546392048691814,7.110212124681098
312,312,-10.197339314069055,-0.48379784552824345,113.55488545544776,-0.4363855232763285,18.110257461306972
313,313,-7.9034863298420035,-0.24185095703879056,113.45149069776436,4.4939338283686965,31.107265751117822
314,314,-10.590839187555453,-0.4938239617906439,-28.44511454455224,-2.4228204014090267,-4.897342610410533
315,315,-12.027092044434696,-0.4899737169294245,-28.44511454455224,-2.434140224876529,-4.898354367709516
316,316,-11.021291868223472,-0.9044173394028738,-37.411166967718145,-2.431955449964107,-4.9107566226407044
317,317,-6.257753064983973,-0.9067600973457917,-37.411166967718145,-2.4627758639609283,-4.9352280046541495
318,318,0.5238979944813877,-0.9961418476213055,-37.411166967718145,-2.4935517517804016,-4.958630679673448
319,319,-17.71209867101487,-0.11116862805127248,-12.91546102867315,-0.5133472541165602,-0.7402569337092562
320,320,0.31743817752774817,-0.9102420081229992,-37.411166967718145,-2.5144654657924974,-4.975687849851369
321,321,3.2152751945989593,-0.9094594431568317,-37.411166967718145,-2.5427187012618333,-4.993820725295976
322,322,-8.055605018836054,6.087822308690855,-37.411166967718145,-2.5553785786370184,-5.007687190965569
323,323,17.720722544750593,-0.7332346954283087,-10.91546102867315,-1.2413094888006526,-1.5249608506109809
324,324,18.343803170962815,-0.845807481505078,-10.91546102867315,-0.4501320061358669,-1.5290340472468955
325,325,-17.825550545088028,1.2010897587056593,-12.91546102867315,-2.8808369574553865,-4.65710965088773
326,326,-14.43355209482202,1.7153870511067086,34.08453897132685,-4.523719319290315,-3.524575185017895
327,327,18.8632863265672,-0.8493741950662099,-7.91546102867315,0.5757391670333405,-0.5309770817242168
328,328,19.123852629494316,-0.8474917256479957,-11.91546102867315,-2.44462427895359,-2.5317549547732625
329,329,18.45718306778012,-0.8449647888673137,-10.91546102867315,-0.47042529435082514,-1.5327409503189813
330,330,-11.856205706268966,2.4975607600145002,-1.9154610286731497,0.07983204535153021,-0.5296682528904029
331,331,18.961889288294373,-0.8486674328546362,-7.91546102867315,0.5637902890609539,-0.5324994592525485
332,332,17.6510709459998,-0.7335110676852068,-10.91546102867315,-1.2608593715999206,-1.5319433502584587
333,333,19.651477513255323,-0.8443168721891363,-9.91546102867315,2.517155501516335,1.4652387299508263
334,334,-9.556007080674064,0.8170108926650599,-10.91546102867315,-3.297962902661382,-4.66532602687597
335,335,-11.024295244939935,1.7114254018139246,-3.9154610286731497,-4.517303785556216,-5.527795657532252
336,336,-15.988137627828081,0.8908717078679735,-12.91546102867315,-3.2473694473961956,-4.6635610426138605
337,337,-17.33991010214188,1.087643934040321,-12.91546102867315,-3.06426549735,-4.66404661106365
338,338,-10.247307038943404,0.7048773075659591,-12.91546102867315,-3.4755996718304445,-4.668258961728949
339,339,-14.029798746954611,2.3890242522600476,12.89967695889679,-0.7245474644757763,0.5743448273211218
340,340,-16.740216662049114,1.00473170326972,-12.91546102867315,-3.0848240286087574,-4.665681062355073
341,341,-10.7498242844471,-2.6124866294618805,92.89967695889679,-0.7295843965562341,11.573615029353727
342,342,-13.118740014216751,2.3895767343235264,-13.10032304110321,-0.7239391991360264,-0.4264827943071534
343,343,-14.0522520195732,0.8114753880789491,-12.91546102867315,-3.2849061499185126,-4.668027663798238
344,344,-12.253479425867994,1.6019246145937618,-12.91546102867315,-4.705875927807128,-5.532425318149109
345,345,-9.942776023867909,2.388654407573463,-6.100323041103209,-0.7273167117612189,-0.42720067492984093
346,346,-13.74678905889347,0.8084589324490226,-12.91546102867315,-3.2758759780040663,-4.6685903653666365
347,347,-8.759353184958965,2.3877407307531335,4.899676958896791,-0.731484048617034,-0.42864130453593496
348,348,-13.24807325107588,2.3904366119030023,-16.10032304110321,-0.7240786851996432,-0.4287233060175648
349,349,-12.370356367450004,2.3856004692281996,101.89967695889679,-0.7381711918757929,13.570723830562907
350,350,-14.816096272776548,2.4878920274785514,79.08453897132685,-4.886544706365974,2.4638322295926827
351,351,-12.92114842993474,2.3887476977024824,101.89967695889679,-0.7304347858531912,13.569803405775653
352,352,-17.887966935838357,1.196648293835453,-12.91546102867315,-2.887563531142348,-4.668028221630745
353,353,-12.387112764953862,2.3770159671132385,-1.9154610286731497,-0.080383666844412,-0.538760680568501
354,354,-8.71353728556878,2.387698246974743,95.89967695889679,-0.7348704603249274,11.568458622055156
355,355,-15.807879610793854,2.491051958872701,-12.91546102867315,-4.910747379066727,-5.539276270586015
356,356,-16.51089058628792,0.922080009077481,-12.91546102867315,-3.1174733496212426,-4.673053538126137
357,357,-14.844538821105786,2.489148593341863,79.08453897132685,-4.901090088852591,2.4607189624761077
358,358,-14.770383601274474,1.4851531891407523,41.08453897132685,-4.879471488347441,-3.5390430455937434
359,359,17.07838224135201,-0.8542926189902633,-9.91546102867315,0.5639771384512571,-0.5464565981739042
360,360,-17.821946948750902,1.1926661593843062,-12.91546102867315,-2.889351622935692,-4.675826881971471
361,361,19.064006398044427,-0.8480176431596582,-8.91546102867315,4.495186645074675,2.4497958276431717
362,362,-12.80242137752814,2.388925087863818,-16.10032304110321,-0.745593905219593,-0.4439355696498719
363,363,-12.784023955617089,2.3888286711078157,-13.10032304110321,-0.7458711694483924,-0.44394642204094303
364,364,-8.76402629879603,2.388726629520732,95.89967695889679,-0.7462286524227011,11.555986333700739
365,365,-9.767431759213775,2.388747303608636,-6.100323041103209,-0.7462331729420697,-0.44406706615132485
366,366,-13.792656662972325,2.3888850853541856,12.89967695889679,-0.7459649082592108,0.555837037249356
367,367,-8.765952709159638,2.388747969824111,95.89967695889679,-0.7464232106971309,11.555765837449693
368,368,-12.782754319644585,2.388838788579794,101.89967695889679,-0.7462260608419768,13.555720348687254
369,369,-12.78617294579336,2.3888594705479838,-16.10032304110321,-0.7462306128001757,-0.4443330511648096
370,370,-12.781150448456447,2.3888331691617433,-13.10032304110321,-0.7463062066544239,-0.44433599246626976
371,371,-17.822516259454105,1.187179537840266,-12.91546102867315,-2.886049114778089,-4.683912217867938
372,372,9.478802674190803,-0.8516996533422208,27.08453897132685,6.472654739705639,4.434224826547521
373,373,-17.342880376875137,1.1874847667918904,-12.91546102867315,-2.907001458272603,-4.693185129943924
374,374,-18.346832736320643,1.1833680130966733,-12.91546102867315,-2.893043902824246,-4.693881457918703
375,375,-17.22714962761811,1.1781568167383871,-12.91546102867315,-2.880961944547778,-4.697368422569962
376,376,-17.19003625112288,1.1712886625123553,-12.91546102867315,-2.876927460996299,-4.705959662471624
377,377,-10.891826531013155,0.9884250564053936,-17.69275404731824,-2.8561668922290124,-4.705705493377689
378,378,8.769534395826419,-0.856119994499807,27.08453897132685,6.446511955971552,4.4157976687306615
379,379,-16.552361321826645,0.9918249578051739,-13.711676531780665,-2.870348903155673,-4.708429443628358
380,380,-11.681432750186403,1.097191572472191,-17.69275404731824,-2.6946536103028578,-4.71554409903494
381,381,-11.617825000117662,1.0905572089807303,-17.69275404731824,-2.6788454458022457,-4.717131235927521
382,382,-10.51207770404633,1.0837645571444017,-18.488969550425757,-2.6586367673566897,-4.716578981054237
383,383,-17.839945012153166,-0.008423057156252245,-8.976552807664163,-1.8008478823968659,-3.8387613304474177
384,384,7.182855800006877,-0.8598037043736806,-10.91546102867315,0.4246232453442289,-0.5995888924211812
385,385,-10.036055755704162,1.0800578508558072,-18.488969550425757,-2.6542526809697975,-4.720039017575768
386,386,-11.133331770100732,1.0865255369241646,-17.69275404731824,-2.6784909420262935,-4.72335665449334
387,387,-7.3046712801833635,1.162114033957291,-0.4889695504257574,-2.644573074996565,-4.723725280817003
388,388,-7.483997894004833,1.1556924219786304,-18.488969550425757,-2.628616980799059,-4.725041057211978
389,389,-17.452511757549118,-0.00897392179726797,-35.97655280766416,-1.8246911981095337,-3.853527733212295
390,390,-6.945556054786685,1.1495002033222896,4.511030449574243,-2.6233122608229635,-4.731986232748337
391,391,-7.6040481145324,1.1461001686843013,-18.488969550425757,-2.6143267407590898,-4.732446242295136
392,392,6.662665177106604,-0.8635039342001287,-10.91546102867315,0.4022675659444488,-0.6151531488059732
393,393,-9.157454675279872,-0.8597309607861743,-21.488969550425757,-5.602017817249354,-8.735020490398465
394,394,-9.225806340258671,0.7272357846558377,18.544978026408337,-2.590028710045779,-4.739793564859166
395,395,-17.170242586456244,-0.010102264545798878,-35.97655280766416,-1.847651631113294,-3.868794461650274
396,396,-9.284344697256731,0.7209143453211129,-27.455021973591663,-2.5800226121422654,-4.7445885469523255
397,397,2.1411735870103925,-0.7500022217310611,-6.91546102867315,2.5345763557620558,1.369101907563362
398,398,-7.407666346403904,0.7156063775477017,-18.455021973591663,-2.5689521769694537,-4.7472636107294015
399,399,-5.14582499279047,0.701269100160729,80.54497802640833,-2.5333048772679163,2.2478956141418855
400,400,-6.6770880334902785,0.7048971786993738,-9.455021973591663,-2.546699015495811,-4.7530366265672335
401,401,-6.237743830797754,0.7084563029129272,-27.455021973591663,-2.559590243382381,-4.753950002370512
402,402,-4.668725514330019,0.6978217617784681,80.54497802640833,-2.5261937245282766,2.245817178333173
403,403,-16.979670375399415,-0.011424621471378682,-47.97655280766416,-1.8706501270185072,-3.884489403142317
404,404,-4.187342847823292,0.6937488301827675,117.54497802640833,-2.5212794840140944,14.241575718917193
405,405,1.6006562218810387,-0.5782043553132383,-6.91546102867315,2.51314077067876,1.3537326899517694
406,406,-5.188932320427373,0.6897069053503073,117.54497802640833,2.4881548409640217,27.239691409062335
407,407,-6.174513178014207,0.5655797369823679,-27.455021973591663,-2.657024380730988,-4.766811049758342
408,408,-5.001363316929238,0.5683758295003294,117.54497802640833,2.332784619999771,27.232751406162127
409,409,-16.86326202588216,-0.013631123319347793,-29.976552807664163,-1.888714662859826,-3.8990921579307587
410,410,-6.2867875287113435,0.5626049474675061,-27.455021973591663,-2.64930988417116,-4.768013687434287
411,411,-17.88102698846213,0.42152694710870575,-47.490521577606884,-4.797121141338103,-7.90366923008748
412,412,1.0425399228925727,-0.5819975855527042,16.08453897132685,11.49210327651761,8.338325387546263
413,413,-8.200019250171145,0.47129611430361784,48.54497802640834,-2.6484793290632638,-4.773636341867114
414,414,-8.374465284594535,0.46850143279356127,-13.455021973591663,-2.639993130571625,-4.774330032813577
415,415,-8.587438751183216,0.46492790363790326,-13.455021973591663,-2.631385990965967,-4.775072559522183
416,416,-17.575470230933263,0.29401167452002763,-50.18033730455665,-4.792258664917917,-7.910154953911863
417,417,-12.033953284768504,0.3440506020469454,107.54497802640833,-2.7794956352981544,12.223274479267392
418,418,-17.40609060647273,0.08547594972210337,36.81966269544335,-1.9429719937731988,2.086546274074103
419,419,-16.983768423243834,-0.01294755219558974,-29.976552807664163,-1.9135432915687147,-3.913948878962848
420,420,-12.549625700758053,0.3402271675214201,107.54497802640833,-2.7760177585231887,12.219244844332355
421,421,-17.89758042426354,0.5388044906736456,98.50947842239312,1.334350852266624,20.083062047876332
422,422,-13.222771181814709,0.33668219670440425,-27.455021973591663,-2.7663637325425654,-4.780711695389609
423,423,-17.26064413399841,-0.005967232612613671,36.81966269544335,-1.939450198185412,2.0824639999697974
424,424,-17.113110608817202,-0.009769654959390195,-32.18033730455665,-1.9292845163620456,-3.9184879170393776
425,425,-13.842214866669117,0.3328761294267988,114.54497802640833,0.23822705152446844,24.215940493988516
426,426,0.49118517261934613,-0.585873428844323,16.08453897132685,11.467157606212794,8.321542874154261
427,427,-14.358712979260735,0.32885557496843365,122.54497802640833,5.234323884635451,37.20725868226023
428,428,-17.941375774835016,0.5389521522890095,98.50947842239312,0.28753798642436124,19.20899364495229
429,429,-15.028715667617778,-0.44632785393183294,105.50947842239312,5.239340508950555,37.204193490223005
430,430,2.3506574983581743,-0.5893307460978072,86.08453897132685,8.44436097085105,8.30638811805423
431,431,-15.647744523132646,-0.4501831010049999,-36.490521577606884,-2.7600957885355584,-4.801599810456519
432,432,-17.814631174925225,0.5388773504888125,-41.490521577606884,-2.7366551983843905,-4.805199254566826
433,433,-16.26016491390147,-0.4540382917299688,-36.490521577606884,-2.7606957890841315,-4.8080771160701765
434,434,-17.07797563471979,-0.4580796877870479,54.509478422393116,-2.7510635421006597,0.19116489002650283
435,435,2.247953051659522,-0.5930049778938302,86.08453897132685,8.42236696172506,8.290944252215809
436,436,3.1317546671985355,-0.5994822769661499,17.08453897132685,5.3803900291534745,3.262691572465158
437,437,2.983855157191563,-0.603126976463179,18.08453897132685,5.358295273493653,3.2472438017967846
438,438,2.840418412352413,-0.6072532502695667,18.08453897132685,5.334525209160901,3.2301331810553933
439,439,2.851022537040791,-0.6109884527875427,-9.91546102867315,2.313647975184381,0.21483856095692033
440,440,2.8847940303815136,-0.6144229975604809,-9.91546102867315,2.289425030597627,0.19914960349524335
441,441,4.869233475287594,-0.6181253070629904,-7.91546102867315,5.267442153631109,3.1835462480743217
442,442,-8.745088138117197,0.7847154301324379,86.08453897132685,-4.631153379457707,3.8659838425275908
443,443,-24.667183457939444,0.7827082899420361,42.08453897132685,-4.637658509982707,1.865677439962674
444,444,-8.666858288584507,-2.2171753066739512,-15.91546102867315,-7.637500491842964,-8.134529414732405
445,445,-8.425478277759066,-2.4278011109974167,-15.91546102867315,-7.8134529235106385,-8.137785994269997
446,446,-24.430407803634846,0.5731535411898339,42.08453897132685,-4.811482796871729,1.8611726832729616
447,447,-8.458503175214673,0.6633097074570218,86.08453897132685,-4.806085826868696,3.859093436070033
448,448,4.834607683174937,-0.5339838649204303,-9.91546102867315,1.2461715894264103,0.16834321404465413
449,449,-6.538159551373518,-0.47635645043620567,0.8996769588967908,-2.5367551481788624,-1.6022139049928459
450,450,-6.533609278357037,-0.4763271674411613,0.8996769588967908,-2.536734443085585,-1.6022662906027083
451,451,-4.534781417201774,-0.4763359182048421,-16.10032304110321,-2.536759700137061,-1.6022673048449096
452,452,-7.5334051996445375,-0.47635827193158775,-9.10032304110321,-2.5372702997585534,-1.6026598165716823
453,453,-8.520667151347753,0.5237322273267906,-0.10032304110320922,-2.537073076973634,-0.6027052546227143
454,454,4.799839146008523,-0.5374877233216484,-9.91546102867315,1.2229349059346788,0.15274523410785434
455,455,-5.85639734352778,-0.4711896585016566,0.8996769588967908,-2.524214899190433,-1.6036888666994802
456,456,-4.208894865815559,-0.4740252452497016,11.89967695889679,-2.5325188054981638,0.39587789974917165
457,457,-7.695337084088877,0.530108701871062,-0.10032304110320922,-2.521108411451273,-0.6040986205436614
458,458,-6.693049017755818,-0.4699219825225467,-2.100323041103209,-2.5218342744452187,-1.6046592429139483
459,459,-5.745993894782732,-0.47037929076355667,0.8996769588967908,-2.523280421075576,-1.604822586619557
460,460,-3.7531742824802112,-0.47048866469806594,-16.10032304110321,-2.524233180058154,-1.6053921343216562
461,461,-3.7836848861712546,-0.47089242850497737,11.89967695889679,-2.5273733146838637,0.3928349196175045
462,462,6.668200530783963,-0.4237286598160528,-9.91546102867315,1.3707499452742837,0.14249631677159869
463,463,6.59286886230079,-0.5445973251446241,-9.91546102867315,1.1936698969722244,0.12700376730987273
464,464,5.498144983713573,-0.5483047914984254,-8.91546102867315,3.1718631831001716,2.1114071565998103
465,465,5.3931014800326835,-0.43469241747496423,-8.91546102867315,3.3052067513101093,2.0960215082650393
466,466,7.273758098687537,-0.4382813932968608,31.08453897132685,1.2829815545241132,0.08051552009301588
467,467,7.363433618898938,-0.4418800926303632,31.08453897132685,1.2605455520116493,0.06489482112955614
468,468,7.447886798829877,-0.44396280371274854,-10.91546102867315,-0.7645699184806745,-1.9483766900692245
469,469,7.9336091257438,-0.44750509677821526,-10.91546102867315,-0.7866394900220826,-1.9638234972091198
470,470,10.437324313142746,-0.3338971101642345,-10.50789203488818,4.34697635287322,2.0207480027220157
471,471,10.949517079103288,-0.2205868156428772,-10.50789203488818,4.477166084002263,2.003429766605052
472,472,11.353086835010878,-0.10695015461468871,-12.50789203488818,-1.389424181007847,-2.0120599429780555
473,473,11.81348126989235,0.12328065977922897,-12.50789203488818,-1.1048916327750575,-2.030370564367061
474,474,11.162410127128567,0.0026163495160588246,92.49210796511181,6.7168770583317325,12.95387967435299
475,475,11.527823478517647,0.11637756692361345,92.49210796511181,6.850561914883336,12.938667005022424
476,476,9.859627955570133,0.11301326663526878,-11.50789203488818,1.8283003502721655,-0.07668055851843292
477,477,13.320165536111986,0.22645340732604036,-10.50789203488818,2.964671672657076,0.908422657882582
478,478,13.676723179713193,0.2229319752335931,-10.50789203488818,2.9427138754417967,0.8928202152787179
479,479,11.045499529736873,0.2193515222586062,-11.50789203488818,2.9211839567759057,0.8772341526866114
480,480,11.482768971592435,0.12665411594663056,-11.50789203488818,2.887871744981993,0.8542691738857116
481,481,8.787862286995676,0.12328816975660306,52.49210796511182,3.866138732528995,4.838941844477446
482,482,9.090844696590864,-0.05567398637553023,52.49210796511182,3.844792511595287,4.823735869146319
483,483,13.47017252160883,-0.05987671098969183,-10.50789203488818,3.8206436480253387,0.8060244620426147
484,484,12.665451570165487,-0.06317264923156918,-12.50789203488818,0.7974918924238352,-1.2094637261771908
485,485,12.927064412061839,-0.06671907862553184,-12.50789203488818,0.7755340637697401,-1.225066168781055
486,486,14.135608537914827,-0.07010322943659553,-12.50789203488818,-1.2466567091721146,-3.2404643430067637
487,487,14.368880307452574,0.04360562102069554,-12.50789203488818,-1.1129905923469678,-3.2558909160140814
488,488,10.589383967927404,0.04011228476041673,-11.50789203488818,2.865674287438061,0.7287436190700163
489,489,10.72024456334075,0.036840177344614755,-11.50789203488818,2.8432319034117555,0.7133358602571178
490,490,7.941268154780268,0.03236987307506156,-11.50789203488818,0.815136598325175,-1.3067648985987006
491,491,5.105507408887895,0.028913580446751408,-12.50789203488818,-0.20672525453783663,-1.3224169883566361
492,492,5.264242349654605,0.025449956934598283,-12.50789203488818,-0.22799419791932252,-1.3378864638094683
493,493,7.317047849010102,0.022244591643587275,38.49210796511182,10.749448661043992,6.646541470141244
494,494,7.3742930507005084,-0.09827979289740862,38.49210796511182,10.572077661204446,6.630877868734572
495,495,6.389832101102719,-0.10155837894955755,-5.5078920348881795,-0.4497309451060829,-2.3844524019774695
496,496,6.371877403233231,-0.1047908909958728,-5.5078920348881795,-0.471459405604179,-2.3997263315359874
497,497,4.2221194938488935,-0.10769130907836888,1.4921079651118205,3.5052724295252773,1.5848876144332849
498,498,13.147876750987777,-0.11243314614529076,4.4921079651118205,9.474512467621267,6.562713034570066
499,499,13.099510350326895,-0.11571165538861083,4.4921079651118205,9.453639596977112,6.547471814323657
500,500,10.977493388721424,-0.1187471732611447,-10.50789203488818,4.4315998344454215,2.532079421278027
501,501,10.842175089928126,-0.12184946490310988,-10.50789203488818,4.409368110279431,2.516786271829133
502,502,8.749199523312335,-0.12541714541219995,-11.50789203488818,1.3863632292852088,-0.49960236060705654
503,503,6.725672996322796,0.9885119792501527,-8.50789203488818,9.520143925819035,5.485135272196885
504,504,3.095705787212232,0.8650255479375897,-4.5078920348881795,1.321273938003145,-0.5454736950115375
505,505,0.40769634656489373,0.8591126708825958,-11.50789203488818,1.2788844613407804,-0.5752879020380703
506,506,1.0867634592543958,0.8558574835489177,-11.50789203488818,1.2560305593192425,-0.5916707532941672
507,507,-2.9976587993883754,0.8521038464210964,-10.50789203488818,3.225048254704788,1.3870521697575384
508,508,-2.2841914027545442,0.8500708373254817,-11.50789203488818,2.2015110078361744,0.3720288594452512
509,509,-8.037872492066672,1.0251131637375557,19.49210796511182,-0.07795401775266697,-1.6337933978506953
510,510,-8.202099353844932,1.0227372123017249,19.49210796511182,-0.06818294904750388,-1.6336321333432124
511,511,-7.8460985441289814,1.0274187722743162,30.49210796511182,1.9112968962360455,0.36547492783407165
512,512,-7.65611783986752,1.0296257807441729,30.49210796511182,1.900542966540904,0.3646896508165014
513,513,-2.710864265067759,0.8571263074978803,-6.5078920348881795,0.1666636464621547,-0.631542287308605
514,514,-10.262244810286212,0.8668048316707839,-10.50789203488818,5.1262947676503785,2.3668594698483503
515,515,-2.352058151858998,0.8594934102015581,-6.5078920348881795,0.1564878902376563,-0.6320382010283652
516,516,-12.06494638449405,0.8617643335573595,0.49210796511182053,7.146126543847288,3.367352137991233
517,517,-11.72051447776672,0.8641608667878509,0.49210796511182053,7.135453676629226,3.36662386138714
518,518,-2.5783271685453713,0.8523131927759229,-11.50789203488818,0.18577764127762464,-0.6315039996667053
519,519,-8.292427216504805,1.02004922113459,-11.50789203488818,0.9394390746657493,-0.6350986768368188
520,520,-2.0838556867654603,0.8546176813649544,-11.50789203488818,0.1751854303870033,-0.6321755801327384
521,521,-7.378471486392186,1.0316008450182887,-9.50789203488818,6.887924394627483,3.362660507177324
522,522,-9.792305537899239,0.9275898963458082,-10.50789203488818,4.959266819476262,2.365340997152259
523,523,-8.465264987565405,0.9299573388348608,-11.50789203488818,0.948774552882135,-0.6353272363163569
524,524,-7.116199217384512,1.0355267155379047,-11.50789203488818,-0.1366838051039636,-0.6413738439841694
525,525,-7.075638308223773,1.0330823534364573,-9.50789203488818,6.872682242871825,3.3584525177539604
526,526,-6.949977994810265,0.9204831879590181,11.49210796511182,2.6966237747249693,1.3572264003685461
527,527,-6.802241100233129,0.9229097097659984,11.49210796511182,2.6864212198490947,1.3567283567415558
528,528,-5.601568526255786,0.9252689759401185,-11.50789203488818,-0.32553133466197437,-1.6448493476980985
529,529,-5.417569507280433,0.9277009022734259,-5.5078920348881795,1.6629626247342344,0.3538031808393356
530,530,-5.461672159370217,1.057764475494026,7.4921079651118205,5.757102782712202,3.3514042444977434
531,531,-5.278157750795501,0.9303090774270684,-5.5078920348881795,1.6526795593919132,0.353248542497127
532,532,-3.538618122925236,1.0554580334315817,-12.50789203488818,-0.23308344702100925,-1.6485382986814017
533,533,-4.82948724733145,0.9474013831951364,-13.50789203488818,-3.4295758894571264,-3.650178632575745
534,534,-3.6312922695053196,1.0532420668466314,-12.50789203488818,-0.22332019085720134,-1.6484828703449352
535,535,-7.737551957750611,-0.15524923411676284,-10.50789203488818,2.3539304046644887,0.34698372062204896
536,536,-3.809328289832237,1.051112596599915,-10.50789203488818,3.78628731558117,1.351513224820522
537,537,-5.0617278252847555,0.8323123394608047,-13.50789203488818,-3.595923823579149,-3.6513529728975413
538,538,-6.362685715559579,0.8347004383781484,-11.50789203488818,0.39388150702082925,-0.651745129639778
539,539,-5.01556264306582,-0.16041322614349918,-12.50789203488818,-2.626180939948206,-3.6525170693721947
540,540,-19.428357199998445,1.0598344359627236,-12.50789203488818,-0.255031476442646,-1.6502343144739058
541,541,-7.9610546075608895,-0.15322485230347604,-10.50789203488818,2.343329652009494,0.34625590042765
542,542,-19.56830832957027,1.0621154621270352,-12.50789203488818,-0.26546163523087074,-1.6507418412652441
543,543,-4.085387635892868,0.9318759397945509,-10.50789203488818,3.6407425431337828,1.3515646468995897
544,544,-5.353768244302973,-0.15793861489080818,-12.50789203488818,-2.636600612899805,-3.6531844914442786
545,545,-6.671678348806616,0.8370643736573711,-11.50789203488818,0.3833063131932235,-0.6524716820325835
546,546,-22.166314597801,-0.2683667061140942,-12.50789203488818,-1.8230302994926433,-2.6547596095670087
547,547,-22.415936928126555,-0.266171043314283,-12.50789203488818,-1.8333906876447799,-2.6553184570145874
548,548,-23.022382223939346,-0.37876363323286344,-12.50789203488818,-2.0094953366426083,-2.6564432516028376
549,549,-22.680974586685174,-0.381149991747894,-12.50789203488818,-1.9996157189970702,-2.656222400367241
550,550,-6.376548067328859,-0.46421694096221544,-12.50789203488818,-2.020467707224107,-2.657398870596282
551,551,-7.347177063700677,-0.45828369612304876,-12.50789203488818,-1.0449380955800294,-1.6583422679696014
552,552,-6.740132636663688,-0.4619279983441782,-12.50789203488818,-1.0313945016935193,-1.6584060638030564
553,553,-4.693307326563357,-0.4561164928900374,5.4921079651118205,-1.0578647013754576,-1.6607051987130887
554,554,-4.127752577956251,-0.4588443991240281,-11.50789203488818,-1.0801792143831435,-1.6761082920132395
555,555,-3.58540343964847,-0.4615315108819211,-11.50789203488818,-1.1023630674753733,-1.691453015675478
556,556,-1.0190986645423514,-0.4644523997570782,-8.50789203488818,3.8755417179883622,2.292779473803776
557,557,-0.5168413560474896,-0.4671562108976621,-8.50789203488818,3.8537148889013864,2.2775017408381615
558,558,1.9761602161796787,-0.4699599674533199,-10.50789203488818,1.832265684544332,1.2622385622478731
559,559,2.386458005731029,-0.47275412314668275,-10.50789203488818,2.8332164503113333,2.107482607811935
560,560,2.786913438484909,-0.4756778482151549,-11.50789203488818,0.8117487250218787,0.09200567768147394
561,561,3.1291713625500854,-0.4784017983768516,-11.50789203488818,0.7895210210079071,0.07644613752082208
562,562,6.447880945420309,-1.3638633962168556,-11.50789203488818,1.9225005160846678,1.0608865973624724
563,563,6.770882436836352,-1.3665279129103867,-11.50789203488818,1.900213194059333,1.045218229017923
564,564,-19.89501864558688,-0.3692561626179893,-11.50789203488818,1.8789700032988321,1.0300162599441798
565,565,-19.572914634410918,-0.37213473717912815,-11.50789203488818,1.8574452050842325,1.0147501400501433
566,566,-19.30948533606019,-1.3747836818927524,7.4921079651118205,-1.1652561824293173,-2.000774408752303
567,567,-18.992242569858327,-1.3778987208888593,7.4921079651118205,-1.185993905254037,-2.0162231936628636
568,568,24.211468008766754,-0.3804211588802471,-3.5078920348881795,2.791595554399464,1.9684232587659132
569,569,25.402090863216223,-0.38303688122997714,-12.50789203488818,-1.2309640624277876,-2.0472023592719744
570,570,26.59961026800149,-0.3858258899209155,-17.50789203488818,-9.252031048602902,-10.062397532923438
571,571,26.74638892550951,-0.38853068205094754,-17.50789203488818,-9.274203759480713,-10.077901695456742
572,572,21.876008996393992,-0.27408730134764636,22.49210796511182,5.858716086137825,3.9064299361963926
573,573,21.985806431942095,-0.2767991783106625,22.49210796511182,5.836850062459213,3.890990837298151
574,574,23.108733211147744,-0.2797099050888645,-11.50789203488818,0.8158101729514087,-0.12446961139772483
575,575,23.186803744655542,-0.2823771491766738,-11.50789203488818,0.7939050276123183,-0.14007002551718628
576,576,21.255071475185126,-0.2846963656386614,5.4921079651118205,-0.2289315089000823,-1.1557063438095945
577,577,20.866965653702266,-0.28711349690941446,-10.50789203488818,2.749623880194882,0.8290839281636018
578,578,21.523991896894664,-0.2895305116777682,-10.50789203488818,2.7264899276397827,0.8134893966493628
579,579,20.084192096079633,-0.2927408591073186,-12.304107537995694,0.7054545900868519,-0.20191765219675162
580,580,20.718061558740366,-0.29542360256186795,-12.304107537995694,0.6820093254446178,-0.21763069790952372
581,581,-14.581161568869222,-0.29645802872355764,-11.304107537995694,3.657942732034421,1.7690293802523094
582,582,14.098697429289183,-0.2978262750089622,-11.304107537995694,2.6335406935659975,1.7547176622615304
583,583,14.67168547889533,-0.3000832824844366,-11.304107537995694,2.6106361305493593,1.7394515930812169
584,584,18.07290680658099,-0.42034587055428996,0.6958924620043057,2.4360670540345097,0.7245352346073055
585,585,18.213691754131496,-0.42402048646815493,0.6958924620043057,2.423566571750783,0.7120675610542015
586,586,16.36032534269202,-0.4276439382243,-13.304107537995694,-3.590133750025643,-3.3009257942246926
587,587,15.658345468504091,-0.5480001847560705,-12.304107537995694,0.23543884983690333,-0.3159432219317573
588,588,16.04624595524098,-0.5504909328559975,-12.304107537995694,0.21318126388346315,-0.33155722689808087
589,589,15.089977625609116,-0.5540809982680757,-10.304107537995694,4.200053093678754,2.655684468451728
590,590,10.628204516369587,-0.5572343750809241,-13.304107537995694,-1.7914819163513798,-1.3450545084091878
591,591,10.703197674465727,-0.560835069121193,-13.304107537995694,-1.8067123595608123,-1.3589060140074842
592,592,6.854085536664648,-0.5645075801850783,-13.304107537995694,-2.8184349382361873,-2.371077478126775
593,593,7.660801564199437,-0.5684915532486674,-12.304107537995694,1.1635303236608578,0.6128320259278048
594,594,8.319612308920428,-0.5713483100460452,-12.304107537995694,1.145017297422818,0.5981614183371029
595,595,7.941172245075144,-0.5736622025007452,-11.304107537995694,3.1236544418230707,2.582741691463486
596,596,8.524730182974475,-0.575947291754318,-11.304107537995694,3.102285058846668,2.567534803315315
597,597,8.094473681339128,-0.5780040575841201,-11.304107537995694,2.0798669511515655,1.5518080653305368
598,598,0.7409341627954618,-0.579884320081677,-12.304107537995694,0.0573071356435193,-0.46381760341878575
599,599,-0.5244426155392894,-0.4576349158586901,32.69589246200431,0.16781000440626315,-0.478805364542648
600,600,0.17597139123732575,-0.46360982403562834,-13.304107537995694,-1.8119331440417028,-2.4780776964824973
601,601,-1.6546417821294064,-0.4513736376087123,-13.304107537995694,-2.8527977499174284,-2.479813166295667
602,602,-0.15522231540742304,-0.4607050769019503,32.69589246200431,0.177552564132057,-0.47869607994675434
603,603,1.1328534757181359,-0.44504104595754557,10.695892462004306,2.1262826002222823,0.5190601120545217
604,604,-1.2443061118047432,-0.44821576228848814,-13.304107537995694,-2.863653777724096,-2.480604883748679
605,605,1.4882157403876555,-0.32466123713198747,10.695892462004306,2.271290788087377,0.518613236947207
606,606,0.8215346794860832,-0.3214525875952752,13.695892462004306,9.26106185342801,6.518111846318181
607,607,1.1332949432161321,-0.3182409740613563,13.695892462004306,9.25089256823022,6.517719283879973
608,608,1.4199130342371262,-0.3154880515440477,-11.10032304110321,-0.7593822656977025,-1.4827307353813772
609,609,0.12582217527176098,-0.4546362232099206,-13.304107537995694,-1.843510912379159,-1.4800409650900939
610,610,1.6754741781172484,-0.3127324925683641,-11.10032304110321,-0.7699824951138581,-1.4834597219545422
611,611,1.895824225125299,-0.309956175228264,24.89967695889679,0.2187505916329897,2.515359345149367
612,612,-8.824080098656843,-0.3810466703261217,21.89967695889679,4.888241717550329,3.50761727952386
613,613,-7.58501440095859,-0.3886585473293911,-1.1003230411032092,2.9184859005326445,1.5085761440918795
614,614,-8.356736891292451,-0.38370228049585897,21.89967695889679,4.897591080281444,3.5075002866886287
615,615,-5.823269802596689,-0.29529065092088014,22.89967695889679,2.166003502654469,0.5117759767777024
616,616,-7.113858747288075,-0.39420756119156475,-14.10032304110321,-3.060448863964865,-3.4909808349193234
617,617,-9.349471436361064,-0.4960069148815207,19.89967695889679,0.722001511507095,0.5065505503004069
618,618,1.0637818515012398,-0.30731245109331806,-13.10032304110321,0.20634725183513325,-0.48677107057094915
619,619,-6.170178777888243,-0.2896600024007405,12.89967695889679,-2.854502318042897,-2.489176903759965
620,620,-6.54225633451561,-0.401872196200481,-13.10032304110321,-0.03008053210187711,-0.49001831908075744
621,621,-7.314150492397838,-0.39171028535052854,-14.10032304110321,-3.0709751354421684,-3.4917079958583734
622,622,-5.995073558778419,-0.2924944661740325,12.89967695889679,-2.8447578206243875,-2.48906624993732
623,623,-7.943893783828354,-0.3863508080546316,11.89967695889679,-1.0929635296551936,-1.4926662518801486
624,624,-6.35861752413204,-0.2872723691091248,8.89967695889679,2.1349216571217724,1.5100944139376828
625,625,1.1878845265554308,-0.3043134580773659,-13.10032304110321,0.19506434263676198,-0.48784621800511374
626,626,-5.7462146789526045,-0.3012869516780716,22.89967695889679,2.185020122980937,0.511765530084876
627,627,-6.739220118255677,-0.3993825942933198,-13.10032304110321,-0.04113322312102241,-0.491031952725276
628,628,-5.750177982350801,-0.2983060055627671,22.89967695889679,2.1747101987808506,0.5112071897583981
629,629,-6.9405755768652995,-0.3969834627937108,-13.10032304110321,-1.0520965286100505,-1.4918823948030386
