"GEO_ID","id"
"NAME","Geographic Area Name"
"C24030_001E","Estimate!!Total"
"C24030_001M","Margin of Error!!Total"
"C24030_002E","Estimate!!Total!!Male"
"C24030_002M","Margin of Error!!Total!!Male"
"C24030_003E","Estimate!!Total!!Male!!Agriculture, forestry, fishing and hunting, and mining"
"C24030_003M","Margin of Error!!Total!!Male!!Agriculture, forestry, fishing and hunting, and mining"
"C24030_004E","Estimate!!Total!!Male!!Agriculture, forestry, fishing and hunting, and mining!!Agriculture, forestry, fishing and hunting"
"C24030_004M","Margin of Error!!Total!!Male!!Agriculture, forestry, fishing and hunting, and mining!!Agriculture, forestry, fishing and hunting"
"C24030_005E","Estimate!!Total!!Male!!Agriculture, forestry, fishing and hunting, and mining!!Mining, quarrying, and oil and gas extraction"
"C24030_005M","Margin of Error!!Total!!Male!!Agriculture, forestry, fishing and hunting, and mining!!Mining, quarrying, and oil and gas extraction"
"C24030_006E","Estimate!!Total!!Male!!Construction"
"C24030_006M","Margin of Error!!Total!!Male!!Construction"
"C24030_007E","Estimate!!Total!!Male!!Manufacturing"
"C24030_007M","Margin of Error!!Total!!Male!!Manufacturing"
"C24030_008E","Estimate!!Total!!Male!!Wholesale trade"
"C24030_008M","Margin of Error!!Total!!Male!!Wholesale trade"
"C24030_009E","Estimate!!Total!!Male!!Retail trade"
"C24030_009M","Margin of Error!!Total!!Male!!Retail trade"
"C24030_010E","Estimate!!Total!!Male!!Transportation and warehousing, and utilities"
"C24030_010M","Margin of Error!!Total!!Male!!Transportation and warehousing, and utilities"
"C24030_011E","Estimate!!Total!!Male!!Transportation and warehousing, and utilities!!Transportation and warehousing"
"C24030_011M","Margin of Error!!Total!!Male!!Transportation and warehousing, and utilities!!Transportation and warehousing"
"C24030_012E","Estimate!!Total!!Male!!Transportation and warehousing, and utilities!!Utilities"
"C24030_012M","Margin of Error!!Total!!Male!!Transportation and warehousing, and utilities!!Utilities"
"C24030_013E","Estimate!!Total!!Male!!Information"
"C24030_013M","Margin of Error!!Total!!Male!!Information"
"C24030_014E","Estimate!!Total!!Male!!Finance and insurance, and real estate and rental and leasing"
"C24030_014M","Margin of Error!!Total!!Male!!Finance and insurance, and real estate and rental and leasing"
"C24030_015E","Estimate!!Total!!Male!!Finance and insurance, and real estate and rental and leasing!!Finance and insurance"
"C24030_015M","Margin of Error!!Total!!Male!!Finance and insurance, and real estate and rental and leasing!!Finance and insurance"
"C24030_016E","Estimate!!Total!!Male!!Finance and insurance, and real estate and rental and leasing!!Real estate and rental and leasing"
"C24030_016M","Margin of Error!!Total!!Male!!Finance and insurance, and real estate and rental and leasing!!Real estate and rental and leasing"
"C24030_017E","Estimate!!Total!!Male!!Professional, scientific, and management, and administrative and waste management services"
"C24030_017M","Margin of Error!!Total!!Male!!Professional, scientific, and management, and administrative and waste management services"
"C24030_018E","Estimate!!Total!!Male!!Professional, scientific, and management, and administrative and waste management services!!Professional, scientific, and technical services"
"C24030_018M","Margin of Error!!Total!!Male!!Professional, scientific, and management, and administrative and waste management services!!Professional, scientific, and technical services"
"C24030_019E","Estimate!!Total!!Male!!Professional, scientific, and management, and administrative and waste management services!!Management of companies and enterprises"
"C24030_019M","Margin of Error!!Total!!Male!!Professional, scientific, and management, and administrative and waste management services!!Management of companies and enterprises"
"C24030_020E","Estimate!!Total!!Male!!Professional, scientific, and management, and administrative and waste management services!!Administrative and support and waste management services"
"C24030_020M","Margin of Error!!Total!!Male!!Professional, scientific, and management, and administrative and waste management services!!Administrative and support and waste management services"
"C24030_021E","Estimate!!Total!!Male!!Educational services, and health care and social assistance"
"C24030_021M","Margin of Error!!Total!!Male!!Educational services, and health care and social assistance"
"C24030_022E","Estimate!!Total!!Male!!Educational services, and health care and social assistance!!Educational services"
"C24030_022M","Margin of Error!!Total!!Male!!Educational services, and health care and social assistance!!Educational services"
"C24030_023E","Estimate!!Total!!Male!!Educational services, and health care and social assistance!!Health care and social assistance"
"C24030_023M","Margin of Error!!Total!!Male!!Educational services, and health care and social assistance!!Health care and social assistance"
"C24030_024E","Estimate!!Total!!Male!!Arts, entertainment, and recreation, and accommodation and food services"
"C24030_024M","Margin of Error!!Total!!Male!!Arts, entertainment, and recreation, and accommodation and food services"
"C24030_025E","Estimate!!Total!!Male!!Arts, entertainment, and recreation, and accommodation and food services!!Arts, entertainment, and recreation"
"C24030_025M","Margin of Error!!Total!!Male!!Arts, entertainment, and recreation, and accommodation and food services!!Arts, entertainment, and recreation"
"C24030_026E","Estimate!!Total!!Male!!Arts, entertainment, and recreation, and accommodation and food services!!Accommodation and food services"
"C24030_026M","Margin of Error!!Total!!Male!!Arts, entertainment, and recreation, and accommodation and food services!!Accommodation and food services"
"C24030_027E","Estimate!!Total!!Male!!Other services, except public administration"
"C24030_027M","Margin of Error!!Total!!Male!!Other services, except public administration"
"C24030_028E","Estimate!!Total!!Male!!Public administration"
"C24030_028M","Margin of Error!!Total!!Male!!Public administration"
"C24030_029E","Estimate!!Total!!Female"
"C24030_029M","Margin of Error!!Total!!Female"
"C24030_030E","Estimate!!Total!!Female!!Agriculture, forestry, fishing and hunting, and mining"
"C24030_030M","Margin of Error!!Total!!Female!!Agriculture, forestry, fishing and hunting, and mining"
"C24030_031E","Estimate!!Total!!Female!!Agriculture, forestry, fishing and hunting, and mining!!Agriculture, forestry, fishing and hunting"
"C24030_031M","Margin of Error!!Total!!Female!!Agriculture, forestry, fishing and hunting, and mining!!Agriculture, forestry, fishing and hunting"
"C24030_032E","Estimate!!Total!!Female!!Agriculture, forestry, fishing and hunting, and mining!!Mining, quarrying, and oil and gas extraction"
"C24030_032M","Margin of Error!!Total!!Female!!Agriculture, forestry, fishing and hunting, and mining!!Mining, quarrying, and oil and gas extraction"
"C24030_033E","Estimate!!Total!!Female!!Construction"
"C24030_033M","Margin of Error!!Total!!Female!!Construction"
"C24030_034E","Estimate!!Total!!Female!!Manufacturing"
"C24030_034M","Margin of Error!!Total!!Female!!Manufacturing"
"C24030_035E","Estimate!!Total!!Female!!Wholesale trade"
"C24030_035M","Margin of Error!!Total!!Female!!Wholesale trade"
"C24030_036E","Estimate!!Total!!Female!!Retail trade"
"C24030_036M","Margin of Error!!Total!!Female!!Retail trade"
"C24030_037E","Estimate!!Total!!Female!!Transportation and warehousing, and utilities"
"C24030_037M","Margin of Error!!Total!!Female!!Transportation and warehousing, and utilities"
"C24030_038E","Estimate!!Total!!Female!!Transportation and warehousing, and utilities!!Transportation and warehousing"
"C24030_038M","Margin of Error!!Total!!Female!!Transportation and warehousing, and utilities!!Transportation and warehousing"
"C24030_039E","Estimate!!Total!!Female!!Transportation and warehousing, and utilities!!Utilities"
"C24030_039M","Margin of Error!!Total!!Female!!Transportation and warehousing, and utilities!!Utilities"
"C24030_040E","Estimate!!Total!!Female!!Information"
"C24030_040M","Margin of Error!!Total!!Female!!Information"
"C24030_041E","Estimate!!Total!!Female!!Finance and insurance, and real estate and rental and leasing"
"C24030_041M","Margin of Error!!Total!!Female!!Finance and insurance, and real estate and rental and leasing"
"C24030_042E","Estimate!!Total!!Female!!Finance and insurance, and real estate and rental and leasing!!Finance and insurance"
"C24030_042M","Margin of Error!!Total!!Female!!Finance and insurance, and real estate and rental and leasing!!Finance and insurance"
"C24030_043E","Estimate!!Total!!Female!!Finance and insurance, and real estate and rental and leasing!!Real estate and rental and leasing"
"C24030_043M","Margin of Error!!Total!!Female!!Finance and insurance, and real estate and rental and leasing!!Real estate and rental and leasing"
"C24030_044E","Estimate!!Total!!Female!!Professional, scientific, and management, and administrative and waste management services"
"C24030_044M","Margin of Error!!Total!!Female!!Professional, scientific, and management, and administrative and waste management services"
"C24030_045E","Estimate!!Total!!Female!!Professional, scientific, and management, and administrative and waste management services!!Professional, scientific, and technical services"
"C24030_045M","Margin of Error!!Total!!Female!!Professional, scientific, and management, and administrative and waste management services!!Professional, scientific, and technical services"
"C24030_046E","Estimate!!Total!!Female!!Professional, scientific, and management, and administrative and waste management services!!Management of companies and enterprises"
"C24030_046M","Margin of Error!!Total!!Female!!Professional, scientific, and management, and administrative and waste management services!!Management of companies and enterprises"
"C24030_047E","Estimate!!Total!!Female!!Professional, scientific, and management, and administrative and waste management services!!Administrative and support and waste management services"
"C24030_047M","Margin of Error!!Total!!Female!!Professional, scientific, and management, and administrative and waste management services!!Administrative and support and waste management services"
"C24030_048E","Estimate!!Total!!Female!!Educational services, and health care and social assistance"
"C24030_048M","Margin of Error!!Total!!Female!!Educational services, and health care and social assistance"
"C24030_049E","Estimate!!Total!!Female!!Educational services, and health care and social assistance!!Educational services"
"C24030_049M","Margin of Error!!Total!!Female!!Educational services, and health care and social assistance!!Educational services"
"C24030_050E","Estimate!!Total!!Female!!Educational services, and health care and social assistance!!Health care and social assistance"
"C24030_050M","Margin of Error!!Total!!Female!!Educational services, and health care and social assistance!!Health care and social assistance"
"C24030_051E","Estimate!!Total!!Female!!Arts, entertainment, and recreation, and accommodation and food services"
"C24030_051M","Margin of Error!!Total!!Female!!Arts, entertainment, and recreation, and accommodation and food services"
"C24030_052E","Estimate!!Total!!Female!!Arts, entertainment, and recreation, and accommodation and food services!!Arts, entertainment, and recreation"
"C24030_052M","Margin of Error!!Total!!Female!!Arts, entertainment, and recreation, and accommodation and food services!!Arts, entertainment, and recreation"
"C24030_053E","Estimate!!Total!!Female!!Arts, entertainment, and recreation, and accommodation and food services!!Accommodation and food services"
"C24030_053M","Margin of Error!!Total!!Female!!Arts, entertainment, and recreation, and accommodation and food services!!Accommodation and food services"
"C24030_054E","Estimate!!Total!!Female!!Other services, except public administration"
"C24030_054M","Margin of Error!!Total!!Female!!Other services, except public administration"
"C24030_055E","Estimate!!Total!!Female!!Public administration"
"C24030_055M","Margin of Error!!Total!!Female!!Public administration"
