id,whiteper,blackper,natper,asianper,paciper,othper,multiper,mulothper,mulpluper
1500000US530530602001,0.857142857,0.039097744,0,0.046616541,0.057142857,0,0,0,0
1500000US530530603001,0.947483589,0,0,0.039387309,0,0,0.013129103,0,0.013129103
1500000US530530603002,0.795614035,0.125438596,0,0,0,0,0.078947368,0.004385965,0.074561404
1500000US530530603003,0.838670695,0.037462236,0.009063444,0.008459215,0.037462236,0.013897281,0.054984894,0.007250755,0.047734139
1500000US530530604001,0.911142454,0,0,0.060648801,0,0,0.028208745,0,0.028208745
1500000US530530604002,0.923959828,0.017216643,0,0.017216643,0,0,0.041606887,0,0.041606887
1500000US530530604003,0.88162762,0,0,0.050554871,0,0.008631319,0.05918619,0.018495684,0.040690506
1500000US530530604004,0.919806763,0,0,0.005797101,0,0.007729469,0.066666667,0.000966184,0.065700483
1500000US530530604005,0.92998679,0,0,0.029062087,0,0,0.040951123,0,0.040951123
1500000US530530605001,0.967032967,0,0,0.012362637,0,0,0.020604396,0,0.020604396
1500000US530530605002,0.963529412,0,0,0.025882353,0,0,0.010588235,0,0.010588235
1500000US530530605003,0.895005097,0.017329256,0,0.017329256,0,0.044852192,0.0254842,0,0.0254842
1500000US530530605004,0.73381295,0.070143885,0.019784173,0.048561151,0,0,0.127697842,0,0.127697842
1500000US530530605005,0.904761905,0.007936508,0,0.014739229,0.027210884,0,0.045351474,0,0.045351474
1500000US530530606001,0.890569395,0.06227758,0.016014235,0.013345196,0,0.00088968,0.016903915,0.016014235,0.00088968
1500000US530530606002,0.77689243,0.028685259,0.01752988,0.043027888,0,0,0.133864542,0,0.133864542
1500000US530530606003,0.915441176,0.042892157,0,0.041666667,0,0,0,0,0
1500000US530530606004,0.873534338,0.021775544,0.015912898,0.061139028,0,0,0.027638191,0,0.027638191
1500000US530530606005,0.873905429,0,0,0.101576182,0,0,0.024518389,0,0.024518389
1500000US530530606006,1,0,0,0,0,0,0,0,0
1500000US530530607001,0.705105634,0.079225352,0,0,0,0.088028169,0.127640845,0,0.127640845
1500000US530530607002,0.848268839,0.037678208,0.013238289,0.089613035,0,0,0.011201629,0,0.011201629
1500000US530530607003,0.91541502,0.032411067,0,0.052173913,0,0,0,0,0
1500000US530530607004,0.906862745,0,0,0,0,0.093137255,0,0,0
1500000US530530607005,0.852525253,0.008080808,0.008080808,0.046464646,0.002693603,0,0.082154882,0.002693603,0.079461279
1500000US530530607006,0.832378223,0.007163324,0.008595989,0.091690544,0,0,0.06017192,0,0.06017192
1500000US530530608001,0.956862745,0,0,0.02745098,0,0,0.015686275,0,0.015686275
1500000US530530608002,0.954898911,0.020217729,0,0,0,0,0.024883359,0,0.024883359
1500000US530530608003,0.920162382,0,0,0.056833559,0,0.00135318,0.02165088,0,0.02165088
1500000US530530608004,1,0,0,0,0,0,0,0,0
1500000US530530608005,0.905882353,0,0,0,0,0.016470588,0.077647059,0.017647059,0.06
1500000US530530608006,0.983606557,0,0,0,0,0,0.016393443,0,0.016393443
1500000US530530608007,0.977891156,0,0,0,0,0,0.022108844,0.022108844,0
1500000US530530609031,0.788550323,0.180055402,0,0.011080332,0,0,0.020313943,0,0.020313943
1500000US530530609032,0.857142857,0.038690476,0,0.08531746,0,0.005952381,0.012896825,0,0.012896825
1500000US530530609033,0.862179487,0.036858974,0,0.023237179,0,0,0.077724359,0,0.077724359
1500000US530530609041,0.829230769,0,0,0,0,0.041538462,0.129230769,0,0.129230769
1500000US530530609042,0.763923525,0.07439734,0.052784705,0.035743973,0,0,0.073150457,0.007481297,0.06566916
1500000US530530609043,0.905333333,0,0.018666667,0.001333333,0,0,0.074666667,0,0.074666667
1500000US530530609044,0.861111111,0.041269841,0,0.058730159,0,0,0.038888889,0,0.038888889
1500000US530530609051,0.71800102,0.153493116,0,0.023967364,0,0.008159102,0.096379398,0,0.096379398
1500000US530530609052,0.819672131,0.036299766,0.022248244,0.036299766,0,0,0.085480094,0,0.085480094
1500000US530530609053,0.839948784,0.138284251,0,0,0,0,0.021766965,0,0.021766965
1500000US530530609054,0.940668203,0.044930876,0,0,0,0,0.014400922,0,0.014400922
1500000US530530609055,0.722171946,0.029864253,0,0.221719457,0,0,0.026244344,0,0.026244344
1500000US530530609061,0.769607843,0.074754902,0.008578431,0.029411765,0.017156863,0.047181373,0.053308824,0,0.053308824
1500000US530530609062,0.686030429,0.062240664,0,0.134163209,0,0,0.117565698,0,0.117565698
1500000US530530610011,0.906588004,0.019665683,0,0,0,0,0.073746313,0.007866273,0.065880039
1500000US530530610012,0.825653798,0,0,0.164383562,0,0,0.00996264,0,0.00996264
1500000US530530610013,0.883733333,0.0208,0,0.0544,0.014933333,0,0.026133333,0,0.026133333
1500000US530530610021,0.651406509,0.26751241,0.007170436,0.030888031,0,0.024269167,0.018753447,0,0.018753447
1500000US530530610022,0.918660287,0.013157895,0,0,0,0.068181818,0,0,0
1500000US530530610023,0.802771855,0.095948827,0,0.088486141,0,0,0.012793177,0,0.012793177
1500000US530530610024,0.920661157,0.00661157,0,0.029752066,0,0,0.042975207,0,0.042975207
1500000US530530611001,0.926866821,0,0,0.02617398,0,0,0.046959199,0,0.046959199
1500000US530530611002,0.929149798,0,0,0.070850202,0,0,0,0,0
1500000US530530611003,0.743622449,0.039540816,0,0.131377551,0.00255102,0.022959184,0.05994898,0.003826531,0.056122449
1500000US530530611004,0.872913992,0.017971759,0,0.066752246,0,0,0.042362003,0,0.042362003
1500000US530530611005,0.812330009,0.113327289,0,0.031731641,0,0,0.042611061,0,0.042611061
1500000US530530611006,0.652565881,0.142163662,0.020804438,0.033287101,0,0,0.151178918,0,0.151178918
1500000US530530611007,0.767666989,0.058083253,0,0.085188771,0,0,0.089060987,0.030977735,0.058083253
1500000US530530612001,0.667194093,0.221518987,0,0.022679325,0,0.080696203,0.007911392,0,0.007911392
1500000US530530612002,0.593277311,0.090756303,0,0.144537815,0,0.057142857,0.114285714,0.033613445,0.080672269
1500000US530530612003,0.870277078,0,0.023929471,0.044080605,0,0.003778338,0.057934509,0,0.057934509
1500000US530530612004,0.677455357,0.050223214,0,0.060267857,0.013392857,0,0.198660714,0,0.198660714
1500000US530530612005,0.867060561,0.090103397,0,0.013293944,0,0,0.029542097,0,0.029542097
1500000US530530612006,0.838862559,0.043838863,0,0,0,0.017772512,0.099526066,0,0.099526066
1500000US530530613001,0.680597015,0.143283582,0.031343284,0.059701493,0.031343284,0.008955224,0.044776119,0,0.044776119
1500000US530530613002,0.716014898,0.169459963,0.01396648,0.008379888,0,0,0.092178771,0,0.092178771
1500000US530530613003,0.533406353,0.336254107,0,0.058050383,0,0.006571742,0.065717415,0.007667032,0.058050383
1500000US530530613004,0.56547619,0.31547619,0,0.03125,0,0,0.087797619,0,0.087797619
1500000US530530613005,0.58611482,0.137516689,0.022696929,0.06141522,0.014686248,0.006675567,0.170894526,0.014686248,0.156208278
1500000US530530613006,0.626948775,0.19376392,0.043429844,0,0,0,0.135857461,0,0.135857461
1500000US530530614001,0.590486039,0.260599793,0.007238883,0.008273009,0,0.017580145,0.11582213,0,0.11582213
1500000US530530614002,0.561235357,0.289669862,0.009052183,0.012779553,0.0314164,0.002662407,0.093184239,0.013312034,0.079872204
1500000US530530614003,0.523495466,0.113767519,0,0.237427865,0,0.044517725,0.080791426,0,0.080791426
1500000US530530615001,0.917041801,0.021864952,0.022508039,0.007073955,0,0.010289389,0.021221865,0,0.021221865
1500000US530530615002,0.65237167,0.198180637,0,0.016894087,0,0.02014295,0.112410656,0,0.112410656
1500000US530530615003,0.894077449,0.039863326,0.007972665,0.01594533,0,0,0.04214123,0,0.04214123
1500000US530530615004,0.872727273,0.01010101,0.037373737,0,0,0,0.07979798,0,0.07979798
1500000US530530616011,0.613684211,0.121578947,0.005263158,0.154210526,0.003684211,0.003157895,0.098421053,0.003684211,0.094736842
1500000US530530616021,0.712802768,0.098039216,0.011534025,0.058823529,0.028835063,0.011534025,0.078431373,0.010380623,0.06805075
1500000US530530617001,0.600790514,0.166007905,0,0.08201581,0.006916996,0,0.144268775,0,0.144268775
1500000US530530617002,0.2875,0.15375,0,0.3625,0.0075,0,0.18875,0,0.18875
1500000US530530617003,0.650496141,0.285556781,0.009922822,0,0,0,0.054024256,0,0.054024256
1500000US530530617004,0.252016129,0.227822581,0,0.088709677,0,0.35483871,0.076612903,0,0.076612903
1500000US530530617005,0.520766773,0.265175719,0,0.101171459,0,0.034078807,0.078807242,0,0.078807242
1500000US530530618001,0.547291093,0.145087236,0.03030303,0.042240588,0,0.125803489,0.109274564,0,0.109274564
1500000US530530618002,0.586037365,0.03539823,0.01179941,0.267453294,0.006882989,0.006882989,0.085545723,0,0.085545723
1500000US530530618003,0.702764977,0.142857143,0.013824885,0,0.01843318,0.034562212,0.087557604,0,0.087557604
1500000US530530619001,0.452054795,0.060502283,0.02283105,0.117579909,0,0.239726027,0.107305936,0,0.107305936
1500000US530530619002,0.728421053,0.112631579,0.022105263,0.051578947,0,0.028421053,0.056842105,0,0.056842105
1500000US530530620001,0.772675086,0,0.047072331,0.008036739,0,0.079219288,0.092996556,0,0.092996556
1500000US530530620002,0.389179756,0.202443281,0.023560209,0.016579407,0,0.126527051,0.241710297,0.073298429,0.168411867
1500000US530530620003,0.573473282,0,0.04389313,0.054389313,0,0.13740458,0.190839695,0,0.190839695
1500000US530530620004,0.559296098,0.069625096,0.014537108,0.085692425,0.123947972,0.050497322,0.096403979,0,0.096403979
1500000US530530623001,0.472040668,0.031953522,0.078431373,0.194625999,0,0.016702977,0.206245461,0.008714597,0.197530864
1500000US530530623002,0.448275862,0.079885057,0.005172414,0.120689655,0,0.240229885,0.105747126,0.036781609,0.068965517
1500000US530530623003,0.376126126,0.105855856,0,0.31006006,0,0.151651652,0.056306306,0,0.056306306
1500000US530530623004,0.556039173,0.177366703,0,0.165397171,0,0,0.101196953,0.063112078,0.038084875
1500000US530530624001,0.676880223,0.055710306,0.011142061,0.256267409,0,0,0,0,0
1500000US530530624002,0.549107143,0.060267857,0.013392857,0.193080357,0.022321429,0,0.161830357,0,0.161830357
1500000US530530624003,0.840271878,0.022090059,0.056924384,0.018691589,0,0,0.06202209,0,0.06202209
1500000US530530624004,0.952813067,0.026315789,0,0,0,0,0.020871143,0,0.020871143
1500000US530530624005,0.45952381,0.402380952,0.06547619,0.033333333,0,0,0.039285714,0,0.039285714
1500000US530530625001,0.535474235,0.334578043,0.031366692,0,0,0.098581031,0,0,0
1500000US530530625002,0.958583106,0,0.003814714,0.03760218,0,0,0,0,0
1500000US530530625003,0.810375671,0,0.051878354,0.037567084,0,0,0.100178891,0,0.100178891
1500000US530530625004,0.621184919,0.033213645,0,0,0,0.317773788,0.027827648,0,0.027827648
1500000US530530625005,0.346863469,0.169741697,0,0.274907749,0,0,0.208487085,0,0.208487085
1500000US530530625006,0.614864865,0.156756757,0,0.085135135,0,0,0.143243243,0,0.143243243
1500000US530530625007,0.539014374,0.218685832,0,0.242299795,0,0,0,0,0
1500000US530530626001,0.459960938,0.251953125,0.047851563,0.17578125,0.028320313,0,0.036132813,0,0.036132813
1500000US530530626002,0.656312625,0.145791583,0.012024048,0.045591182,0,0.03256513,0.107715431,0,0.107715431
1500000US530530628011,0.722527473,0.119047619,0,0.084249084,0,0,0.074175824,0,0.074175824
1500000US530530628012,0.512285582,0.378766806,0,0.004636069,0,0.006954103,0.097357441,0,0.097357441
1500000US530530628013,0.572511369,0.239514907,0,0.021728146,0,0.075795856,0.090449722,0.004042446,0.086407276
1500000US530530628014,0.6657277,0.159624413,0,0.01314554,0,0.029107981,0.132394366,0,0.132394366
1500000US530530628021,0.618991794,0.194607268,0.022860492,0.032239156,0,0.006447831,0.124853458,0.005275498,0.11957796
1500000US530530628022,0.444599303,0.222299652,0,0.133797909,0.094773519,0,0.104529617,0,0.104529617
1500000US530530628023,0.629139073,0.067171239,0.006622517,0.139072848,0.034058657,0.073793756,0.050141911,0,0.050141911
1500000US530530629001,0.555800294,0.221365639,0.02349486,0.036343612,0,0.051395007,0.111600587,0.017988253,0.093612335
1500000US530530629002,0.464872945,0.2122571,0,0.069506726,0,0.15470852,0.098654709,0,0.098654709
1500000US530530629003,0.853709509,0.043887147,0,0,0,0.001044932,0.101358412,0.086729363,0.014629049
1500000US530530629004,0.629053178,0.150453956,0.016861219,0.098573281,0,0,0.105058366,0,0.105058366
1500000US530530629005,0.864938608,0.016371078,0,0,0,0.118690314,0,0,0
1500000US530530629006,0.680481283,0.151069519,0.018716578,0.10828877,0,0,0.04144385,0,0.04144385
1500000US530530630001,0.587219344,0.153713299,0,0.04835924,0.042314335,0.031951641,0.136442142,0,0.136442142
1500000US530530630002,0.598573612,0.118186449,0.013245033,0.017829852,0,0.127865512,0.124299542,0,0.124299542
1500000US530530631001,0.788491446,0.076205288,0,0.01399689,0,0,0.121306376,0,0.121306376
1500000US530530631002,0.571088165,0.025416998,0.015885624,0.072279587,0,0.213661636,0.10166799,0.057982526,0.043685465
1500000US530530631003,0.469223007,0.096871847,0.136226034,0,0.138244198,0,0.159434914,0,0.159434914
1500000US530530631004,0.433898305,0.102372881,0.006779661,0.162033898,0.150508475,0,0.14440678,0,0.14440678
1500000US530530632001,0.700975081,0.065005417,0.008667389,0.187432286,0,0,0.037919827,0,0.037919827
1500000US530530632002,0.484375,0.124023438,0.01953125,0.029785156,0.079101563,0.04296875,0.220214844,0.004882813,0.215332031
1500000US530530632003,0.633637549,0.052151239,0,0.022164276,0,0.211212516,0.08083442,0,0.08083442
1500000US530530632004,0.733082707,0.025062657,0.015037594,0.016290727,0,0.012531328,0.197994987,0.020050125,0.177944862
1500000US530530632005,0.784722222,0,0,0.054166667,0,0,0.161111111,0,0.161111111
1500000US530530633001,0.199870214,0.160285529,0,0.207008436,0,0.339390006,0.093445814,0.009733939,0.083711875
1500000US530530633002,0.425407166,0.178501629,0.033550489,0.114332248,0.070032573,0.13713355,0.041042345,0.041042345,0
1500000US530530633003,0.336669049,0.045032166,0,0.313080772,0.065761258,0.166547534,0.072909221,0,0.072909221
1500000US530530633004,0.306948109,0.112576957,0.016710642,0.178540018,0,0.385224274,0,0,0
1500000US530530633005,0.448805461,0.260238908,0.01109215,0.178327645,0,0.063993174,0.037542662,0.005972696,0.031569966
1500000US530530634001,0.498438476,0.206745784,0.013741412,0.138038726,0,0.027482823,0.11555278,0,0.11555278
1500000US530530634002,0.745075319,0.030706837,0.081112399,0.096755504,0.019119351,0,0.027230591,0.009269988,0.017960603
1500000US530530634003,0.427260813,0.02621232,0,0.404980341,0.060288336,0.034076016,0.047182176,0,0.047182176
1500000US530530634004,0.578431373,0.196078431,0,0.12745098,0,0,0.098039216,0,0.098039216
1500000US530530634005,0.673063742,0.145305003,0,0.010281014,0,0.042494859,0.12885538,0.036326251,0.09252913
1500000US530530634006,0.30126183,0.076498423,0,0.315457413,0.038643533,0,0.268138801,0,0.268138801
1500000US530530635011,0.553695955,0.079497908,0,0.013947001,0,0.193863319,0.158995816,0,0.158995816
1500000US530530635012,0.498940678,0.047669492,0,0.197033898,0,0,0.256355932,0.088983051,0.167372881
1500000US530530635013,0.339248434,0.30480167,0,0.180584551,0.009394572,0.053235908,0.112734864,0,0.112734864
1500000US530530635014,0.537528868,0.12182448,0,0.049076212,0.065242494,0.080254042,0.146073903,0,0.146073903
1500000US530530635021,0.361914257,0.224327019,0,0.226321037,0,0.00997009,0.177467597,0,0.177467597
1500000US530530635022,0.398034398,0.076576577,0.004504505,0.35012285,0.084766585,0.011875512,0.074119574,0.002047502,0.072072072
1500000US530530635023,0.414943296,0.060707138,0,0.318879253,0.126084056,0,0.079386258,0,0.079386258
1500000US530530701001,0.905479452,0,0.009589041,0.026027397,0,0.034246575,0.024657534,0,0.024657534
1500000US530530701002,#DIV/0!,#DIV/0!,#DIV/0!,#DIV/0!,#DIV/0!,#DIV/0!,#DIV/0!,#DIV/0!,#DIV/0!
1500000US530530701003,0.959677419,0,0.010997067,0.008064516,0,0,0.021260997,0,0.021260997
1500000US530530701004,0.969354839,0.008064516,0,0,0,0,0.022580645,0,0.022580645
1500000US530530702031,0.879614094,0.020134228,0.02307047,0.003775168,0,0.007969799,0.065436242,0.011744966,0.053691275
1500000US530530702032,0.857430528,0.062021748,0.004027386,0.008054772,0,0.004027386,0.06443818,0,0.06443818
1500000US530530702033,0.981868898,0.018131102,0,0,0,0,0,0,0
1500000US530530702041,1,0,0,0,0,0,0,0,0
1500000US530530702042,0.867788462,0,0.029807692,0.028365385,0,0,0.074038462,0,0.074038462
1500000US530530702051,0.900490852,0,0.006247211,0.003569835,0,0.045515395,0.044176707,0,0.044176707
1500000US530530702052,0.992647059,0,0,0,0,0,0.007352941,0,0.007352941
1500000US530530702061,0.977183833,0.004563233,0.002607562,0,0,0,0.015645372,0,0.015645372
1500000US530530702062,0.964980545,0.009338521,0.00155642,0,0,0,0.024124514,0,0.024124514
1500000US530530702063,0.970941884,0.009018036,0,0.006012024,0,0,0.014028056,0,0.014028056
1500000US530530702071,0.868421053,0,0.016541353,0,0,0,0.115037594,0,0.115037594
1500000US530530702072,0.939555556,0.009777778,0.013333333,0.022222222,0,0,0.015111111,0,0.015111111
1500000US530530702073,0.977578475,0.008071749,0,0.007174888,0,0,0.007174888,0,0.007174888
1500000US530530702074,0.742946708,0,0.011755486,0,0,0.010971787,0.234326019,0,0.234326019
1500000US530530703071,0.894358974,0,0,0.08,0,0,0.025641026,0.008205128,0.017435897
1500000US530530703072,0.97139714,0,0,0.01760176,0,0,0.0110011,0,0.0110011
1500000US530530703073,0.95754717,0,0,0.025300172,0.003859348,0,0.01329331,0,0.01329331
1500000US530530703081,0.972493888,0.010391198,0.000611247,0,0,0.000611247,0.015892421,0,0.015892421
1500000US530530703082,0.96641575,0,0,0.022003474,0,0,0.011580776,0.011580776,0
1500000US530530703091,0.873067535,0.032546786,0,0,0.087062653,0,0.007323027,0,0.007323027
1500000US530530703092,0.865583456,0.023633678,0.013293944,0.028557361,0,0.007877893,0.061053668,0,0.061053668
1500000US530530703093,0.902897814,0,0.010676157,0.004575496,0,0.006609049,0.075241484,0,0.075241484
1500000US530530703101,0.86836518,0.017515924,0.006900212,0,0,0.018577495,0.088641189,0,0.088641189
1500000US530530703102,0.851282051,0,0,0,0,0.126923077,0.021794872,0,0.021794872
1500000US530530703103,0.848757271,0,0.017451084,0.043892121,0,0,0.089899524,0,0.089899524
1500000US530530703104,0.85037037,0.014814815,0,0,0,0,0.134814815,0,0.134814815
1500000US530530703111,0.874458874,0.03030303,0,0.062770563,0,0.018759019,0.013708514,0,0.013708514
1500000US530530703112,0.950396825,0.006613757,0.024470899,0.011243386,0,0,0.007275132,0,0.007275132
1500000US530530703113,0.747470101,0.027598896,0.004599816,0.011039558,0,0.166513339,0.042778289,0.011039558,0.03173873
1500000US530530703121,0.997927461,0.001036269,0.001036269,0,0,0,0,0,0
1500000US530530703122,0.830368488,0.017789072,0.002858958,0.043202033,0,0.013659466,0.092121982,0.003494282,0.0886277
1500000US530530703123,0.941997063,0,0,0.022026432,0,0,0.035976505,0,0.035976505
1500000US530530703131,0.935964259,0,0.034996277,0,0,0,0.029039464,0,0.029039464
1500000US530530703132,0.782188841,0,0,0,0,0,0.217811159,0,0.217811159
1500000US530530703133,0.991859737,0,0,0.008140263,0,0,0,0,0
1500000US530530703134,0.934673367,0,0.065326633,0,0,0,0,0,0
1500000US530530703135,0.871038251,0,0,0.028415301,0,0,0.100546448,0,0.100546448
1500000US530530703141,0.913150147,0,0,0.0171737,0,0,0.069676153,0,0.069676153
1500000US530530703142,0.941333333,0,0.005333333,0,0,0,0.053333333,0.007111111,0.046222222
1500000US530530703151,0.956865564,0,0,0,0,0.043134436,0,0,0
1500000US530530703152,0.710641399,0.039358601,0,0.096209913,0.052478134,0,0.101311953,0,0.101311953
1500000US530530703153,0.682698314,0.011867583,0,0.264834478,0,0,0.040599625,0,0.040599625
1500000US530530703154,0.911483254,0,0,0,0,0,0.088516746,0,0.088516746
1500000US530530703161,0.643784787,0.047619048,0,0.158936302,0,0,0.149659864,0,0.149659864
1500000US530530703162,0.654060393,0.098798006,0.005863383,0.158604515,0,0,0.082673703,0,0.082673703
1500000US530530704011,0.831177232,0.002587322,0,0.019404916,0,0.129366106,0.017464424,0,0.017464424
1500000US530530704012,0.915052161,0,0,0.062593145,0,0.005961252,0.016393443,0.010432191,0.005961252
1500000US530530704031,0.990196078,0,0,0,0,0,0.009803922,0,0.009803922
1500000US530530704032,0.93637621,0,0,0,0.030428769,0,0.033195021,0,0.033195021
1500000US530530704033,0.816462168,0,0.033742331,0.006646217,0.044478528,0.006134969,0.092535787,0.003578732,0.088957055
1500000US530530704041,0.91347207,0.017889741,0.002190581,0.008397225,0,0,0.058050383,0,0.058050383
1500000US530530704042,0.927988478,0,0,0.042246759,0,0,0.029764762,0,0.029764762
1500000US530530707031,0.835112693,0.042704626,0.005931198,0.09252669,0,0,0.023724792,0,0.023724792
1500000US530530707032,0.774872449,0.056760204,0.011479592,0.156887755,0,0,0,0,0
1500000US530530707033,0.882320134,0,0.047964306,0.056887897,0,0,0.012827663,0,0.012827663
1500000US530530707034,0.803940887,0,0,0.01773399,0,0,0.178325123,0,0.178325123
1500000US530530707035,0.955223881,0,0,0,0,0,0.044776119,0.003198294,0.041577825
1500000US530530711001,0.803240741,0,0.007716049,0.154320988,0,0.00462963,0.030092593,0,0.030092593
1500000US530530711002,0.882235529,0,0.00998004,0.043912176,0,0.006986028,0.056886228,0,0.056886228
1500000US530530712051,0.836851112,0.007415859,0.037079293,0.070735881,0,0,0.047917855,0,0.047917855
1500000US530530712052,0.840364495,0.028687141,0.0239622,0.050624367,0.009112386,0.005062437,0.042186973,0,0.042186973
1500000US530530712061,0.958125623,0,0.026919242,0.014955135,0,0,0,0,0
1500000US530530712062,0.661676647,0.103792415,0,0.047904192,0,0.056886228,0.129740519,0,0.129740519
1500000US530530712063,0.881264108,0.031151242,0.019413093,0.01489842,0,0.006320542,0.046952596,0,0.046952596
1500000US530530712064,0.790966779,0.060843598,0.016424039,0.079507279,0,0.006718925,0.04553938,0,0.04553938
1500000US530530712071,0.827755102,0.017959184,0,0.035102041,0,0.035918367,0.083265306,0,0.083265306
1500000US530530712072,0.813274982,0.018234865,0.006564551,0.009117433,0,0.106856309,0.04595186,0.00547046,0.0404814
1500000US530530712073,0.693812375,0.036726547,0.006387226,0.105389222,0,0.009580838,0.148103792,0,0.148103792
1500000US530530712081,0.935403727,0.013664596,0,0.009937888,0,0.008695652,0.032298137,0,0.032298137
1500000US530530712082,0.853122252,0.05057168,0,0.054969217,0,0,0.041336851,0,0.041336851
1500000US530530712083,0.68627451,0.024438761,0,0.10400682,0,0.031543052,0.153736857,0,0.153736857
1500000US530530712091,0.856518283,0.027424483,0,0.03418124,0.008346582,0.012718601,0.060810811,0,0.060810811
1500000US530530712092,0.82739726,0,0,0.083561644,0,0.045205479,0.043835616,0.010958904,0.032876712
1500000US530530712093,0.801111111,0.108888889,0,0.052222222,0,0,0.037777778,0,0.037777778
1500000US530530712101,1,0,0,0,0,0,0,0,0
1500000US530530712102,0.869026549,0.003539823,0.013274336,0.017699115,0.007964602,0.02300885,0.065486726,0,0.065486726
1500000US530530712103,0.896551724,0.001894657,0,0.063660477,0,0,0.037893141,0,0.037893141
1500000US530530713041,0.635862654,0.020347605,0,0.016108521,0.006782535,0.024162781,0.296735905,0.016956337,0.279779568
1500000US530530713042,0.817422434,0.03221957,0,0.090294352,0.002386635,0.010739857,0.046937152,0.022673031,0.024264121
1500000US530530713043,0.559610706,0.418491484,0,0,0,0,0.02189781,0.02189781,0
1500000US530530713051,0.756416465,0.032445521,0,0.06779661,0.038256659,0.053753027,0.051331719,0,0.051331719
1500000US530530713052,0.842505855,0.097189696,0,0.015807963,0,0,0.044496487,0,0.044496487
1500000US530530713061,0.874905803,0,0,0,0,0,0.125094197,0,0.125094197
1500000US530530713062,0.741812643,0.111195735,0,0.11195735,0,0,0.035034273,0,0.035034273
1500000US530530713063,0.65920763,0.088407924,0,0.114820249,0,0,0.137564197,0,0.137564197
1500000US530530713064,0.719202899,0.038949275,0,0.110507246,0,0,0.13134058,0,0.13134058
1500000US530530713071,0.922356091,0.018072289,0,0,0.012048193,0,0.047523427,0,0.047523427
1500000US530530713072,0.801075269,0.01344086,0.094086022,0.03046595,0,0,0.0609319,0.051075269,0.009856631
1500000US530530713073,0.7002997,0.19030969,0,0.049450549,0,0.003496503,0.056443556,0.008491508,0.047952048
1500000US530530713091,0.675,0.075,0,0.055128205,0.053205128,0,0.141666667,0,0.141666667
1500000US530530713092,0.745205479,0,0,0.020547945,0.067123288,0,0.167123288,0.006849315,0.160273973
1500000US530530713093,0.710982659,0.06688687,0,0.016515277,0.011560694,0,0.1940545,0,0.1940545
1500000US530530713101,0.793956044,0.009615385,0,0.106684982,0,0,0.08974359,0,0.08974359
1500000US530530713102,0.74455376,0.04111033,0,0.07167955,0,0.065354884,0.077301476,0.012649332,0.064652143
1500000US530530714031,0.785239852,0.132841328,0.002214022,0.031734317,0.006642066,0,0.041328413,0.006642066,0.034686347
1500000US530530714032,0.844444444,0.029239766,0,0.045614035,0,0.007017544,0.073684211,0,0.073684211
1500000US530530714033,0.702702703,0.015015015,0.034834835,0.034234234,0.052252252,0.010810811,0.15015015,0.013213213,0.136936937
1500000US530530714061,0.523809524,0.144953579,0.002096436,0.080263552,0.121293801,0.053608865,0.073974244,0,0.073974244
1500000US530530714062,0.708916728,0.012527634,0.128960943,0.101694915,0.011053795,0,0.036845984,0,0.036845984
1500000US530530714063,0.582905983,0.167521368,0,0.181196581,0,0,0.068376068,0,0.068376068
1500000US530530714064,0.752207792,0.028051948,0.042077922,0.087272727,0.016103896,0,0.074285714,0.013506494,0.060779221
1500000US530530714071,0.868403016,0,0,0.017135024,0.034955449,0.015078821,0.06442769,0.010966415,0.053461275
1500000US530530714072,0.659634318,0.23347398,0,0.085794655,0,0,0.021097046,0,0.021097046
1500000US530530714073,0.760822511,0.049242424,0,0.023268398,0.042748918,0.006493506,0.117424242,0,0.117424242
1500000US530530714074,0.722141823,0.110950314,0,0.016401351,0.027496382,0.049686445,0.073323685,0,0.073323685
1500000US530530714081,0.72842774,0.118051879,0,0.022233986,0.075172049,0,0.056114346,0,0.056114346
1500000US530530714082,0.739424704,0.021150592,0,0.010998308,0.060067682,0,0.168358714,0,0.168358714
1500000US530530714083,0.508393285,0.17146283,0.026378897,0.033573141,0.059952038,0.075539568,0.12470024,0,0.12470024
1500000US530530714091,0.62106136,0.087893864,0.008291874,0.031509121,0.134328358,0,0.116915423,0,0.116915423
1500000US530530714092,0.695193435,0,0,0.065650645,0.221570926,0,0.017584994,0,0.017584994
1500000US530530714093,0.711152882,0.12406015,0.001879699,0.045739348,0.007518797,0,0.109649123,0.006892231,0.102756892
1500000US530530714094,0.473523422,0.134419552,0.097759674,0.059063136,0,0.010183299,0.225050916,0,0.225050916
1500000US530530714101,0.656824147,0.104330709,0,0.230314961,0,0,0.008530184,0,0.008530184
1500000US530530714102,0.911264947,0.010698553,0.049087476,0.010069226,0,0,0.018879799,0,0.018879799
1500000US530530714103,0.707782673,0.121879589,0,0.0680372,0.086637298,0,0.01566324,0,0.01566324
1500000US530530714104,0.677966102,0.218585622,0.018702513,0.051431911,0.024547049,0.008766803,0,0,0
1500000US530530714111,0.595137013,0.23388653,0.003473562,0.027402547,0,0.049015824,0.091084523,0.006947125,0.084137399
1500000US530530714112,0.928648649,0,0.008648649,0,0.03027027,0,0.032432432,0,0.032432432
1500000US530530714113,0.771410967,0.089340727,0,0.013555145,0,0.030807147,0.094886014,0.014171288,0.080714726
1500000US530530715031,0.553927315,0.317702227,0.016998828,0.035169988,0.007620164,0.000586166,0.067995311,0.00996483,0.058030481
1500000US530530715032,0.694933921,0.080396476,0.047907489,0.013215859,0.046255507,0.017070485,0.100220264,0,0.100220264
1500000US530530715033,0.645378151,0.203361345,0,0.090756303,0,0,0.060504202,0,0.060504202
1500000US530530715034,0.653281853,0.051737452,0,0.045559846,0.131274131,0.014671815,0.103474903,0.026254826,0.077220077
1500000US530530715041,0.777843955,0.1048243,0,0.007147111,0.015485408,0.039904705,0.054794521,0,0.054794521
1500000US530530715042,0.796640141,0.068523431,0.00397878,0.052608311,0.018567639,0,0.059681698,0.002210433,0.057471264
1500000US530530715043,0.760609358,0.057671382,0,0.043525571,0,0,0.138193689,0.007616975,0.130576714
1500000US530530715044,0.55,0.12875,0.0075,0.19,0.0425,0.01375,0.0675,0,0.0675
1500000US530530715051,0.638047138,0.202020202,0,0.059483726,0.058922559,0.004489338,0.037037037,0,0.037037037
1500000US530530715052,0.824339839,0.049368542,0,0.022962113,0,0,0.103329506,0,0.103329506
1500000US530530715053,0.638297872,0.1827853,0,0.074468085,0,0,0.104448743,0.063829787,0.040618956
1500000US530530715054,0.766689608,0.0660702,0,0.013076394,0.058499656,0.006882312,0.088781831,0.011699931,0.0770819
1500000US530530715061,0.729185727,0.122598353,0.032936871,0.012808783,0.075937786,0,0.026532479,0,0.026532479
1500000US530530715062,0.603808639,0.081281932,0.011147236,0.029725964,0.088248955,0.043195541,0.142591732,0.003715745,0.138875987
1500000US530530715063,0.580865604,0.090546697,0.026765376,0.142369021,0.134396355,0,0.025056948,0,0.025056948
1500000US530530716011,0.430555556,0.208979328,0.042312661,0.070090439,0,0.195413437,0.052648579,0.0374677,0.015180879
1500000US530530716012,0.559411765,0.03,0.004117647,0.369411765,0.004117647,0.001176471,0.031764706,0,0.031764706
1500000US530530716021,0.528247224,0.082085949,0,0.125543216,0.118300338,0.040077257,0.105746016,0,0.105746016
1500000US530530716022,0.620710784,0.097426471,0,0.161764706,0,0.038602941,0.081495098,0.009191176,0.072303922
1500000US530530716023,0.509043928,0.15503876,0,0.213436693,0.005684755,0,0.116795866,0,0.116795866
1500000US530530716024,0.77877095,0.131843575,0.039106145,0,0,0,0.05027933,0,0.05027933
1500000US530530717031,0.537054409,0.200281426,0.011257036,0.119136961,0.012664165,0.101313321,0.018292683,0,0.018292683
1500000US530530717032,0.477438137,0.118631732,0,0.213245997,0.058224163,0,0.132459971,0.026200873,0.106259098
1500000US530530717041,0.450738916,0.077762139,0.028501056,0.077762139,0.066502463,0.234693878,0.064039409,0,0.064039409
1500000US530530717042,0.488355681,0.223006351,0,0.009880028,0,0.007762879,0.27099506,0.020465773,0.250529287
1500000US530530717043,0.342239186,0.211195929,0.132315522,0.055979644,0,0.059796438,0.198473282,0,0.198473282
1500000US530530717051,0.774983455,0.000661813,0,0.086035738,0.006618134,0.06287227,0.06882859,0,0.06882859
1500000US530530717052,0.575342466,0.139269406,0.068493151,0.078386606,0.080669711,0.008371385,0.049467275,0,0.049467275
1500000US530530717053,0.46389325,0.027472527,0.032182104,0.124803768,0.14678179,0.110675039,0.094191523,0,0.094191523
1500000US530530717061,0.570016474,0.184514003,0.006040637,0.075782537,0.056562328,0.01372872,0.093355299,0,0.093355299
1500000US530530717071,0.811808118,0.044280443,0.009840098,0.06396064,0,0.060270603,0.009840098,0,0.009840098
1500000US530530717072,0.659242762,0.04454343,0.023385301,0.023385301,0,0.081291759,0.168151448,0,0.168151448
1500000US530530717073,0.764972777,0.083484574,0.007259528,0.103448276,0.005444646,0.005444646,0.029945554,0,0.029945554
1500000US530530718031,0.491997216,0.201809325,0.018789144,0.12526096,0,0.144745999,0.017397356,0,0.017397356
1500000US530530718032,0.724896266,0.114522822,0.00373444,0.090871369,0,0.010788382,0.055186722,0,0.055186722
1500000US530530718033,0.447761194,0.317503392,0,0.012211669,0.054274084,0.092265943,0.075983718,0,0.075983718
1500000US530530718034,0.913730255,0,0,0.086269745,0,0,0,0,0
1500000US530530718051,0.415552855,0.068043742,0,0.236938032,0.085054678,0.159173755,0.035236938,0.008505468,0.02673147
1500000US530530718052,0.293343087,0.062179956,0,0.207022677,0.091441112,0.195318215,0.150694952,0,0.150694952
1500000US530530718053,0.266318538,0.232375979,0.065274151,0.082506527,0.250652742,0.002088773,0.10078329,0,0.10078329
1500000US530530718061,0.368836292,0.129783037,0.097435897,0.011045365,0.087968442,0.181065089,0.123865878,0,0.123865878
1500000US530530718062,0.549936789,0.292667509,0.004424779,0.054361568,0.008217446,0.041087231,0.049304678,0,0.049304678
1500000US530530718071,0.493170732,0.205853659,0.029756098,0.090243902,0.010243902,0.004390244,0.166341463,0.02,0.146341463
1500000US530530718072,0.562378798,0.085972851,0.006464124,0.100840336,0.050420168,0.066580478,0.127343245,0.006464124,0.120879121
1500000US530530718081,0.710078534,0.105366492,0.008507853,0,0,0.125,0.05104712,0,0.05104712
1500000US530530718082,0.628571429,0.106493506,0.009090909,0.197402597,0.005194805,0.033116883,0.02012987,0,0.02012987
1500000US530530718083,0.335413417,0,0,0.03900156,0.04524181,0.243369735,0.336973479,0,0.336973479
1500000US530530719011,0.764313508,0.06614786,0.033351862,0.047248471,0,0.030016676,0.058921623,0,0.058921623
1500000US530530719012,0.592534992,0.063763608,0,0.166407465,0.026438569,0.029548989,0.121306376,0,0.121306376
1500000US530530719013,0.520692974,0,0,0.313763234,0.07892204,0.018286814,0.068334937,0,0.068334937
1500000US530530719014,0.658786446,0.107959023,0.065405831,0.104018913,0,0,0.063829787,0,0.063829787
1500000US530530719021,0.588068182,0.071022727,0.009943182,0.068892045,0,0.031960227,0.230113636,0.057528409,0.172585227
1500000US530530719022,0.977564103,0.022435897,0,0,0,0,0,0,0
1500000US530530719023,0.921,0.047,0.018,0,0,0,0.014,0.014,0
1500000US530530719024,0.96835443,0,0,0.03164557,0,0,0,0,0
1500000US530530719025,0.923679061,0.029354207,0,0,0,0,0.046966732,0,0.046966732
1500000US530530720001,0.555288462,0.092948718,0,0.047275641,0,0.269230769,0.03525641,0,0.03525641
1500000US530530720002,0.604636591,0.244360902,0.026942356,0.054511278,0,0,0.069548872,0,0.069548872
1500000US530530720003,0.575518263,0.012833169,0,0.075024679,0,0.189536032,0.147087858,0,0.147087858
1500000US530530720004,0.588688946,0.017994859,0.039845758,0.106683805,0.008997429,0.227506427,0.010282776,0,0.010282776
1500000US530530721051,0.565614618,0.05730897,0.009966777,0.301495017,0,0,0.065614618,0,0.065614618
1500000US530530721052,0.806149036,0.01980198,0.003647733,0.084418968,0.005211047,0.011464304,0.069306931,0.004689943,0.064616988
1500000US530530721053,0.680894309,0.197154472,0.021341463,0.048780488,0.010162602,0.008130081,0.033536585,0,0.033536585
1500000US530530721054,0.641958968,0.072137657,0,0.138980807,0.012574454,0.00794176,0.126406353,0.009927201,0.116479153
1500000US530530721061,0.797413793,0.041666667,0,0.068965517,0,0,0.091954023,0.07183908,0.020114943
1500000US530530721062,0.760273973,0,0,0.075342466,0,0,0.164383562,0,0.164383562
1500000US530530721063,0.64863749,0.160611065,0.004954583,0.075557391,0.00867052,0,0.101568951,0,0.101568951
1500000US530530721064,0.517638589,0.17350612,0,0.043196544,0,0.156227502,0.109431246,0.008639309,0.100791937
1500000US530530721071,0.744766506,0.07568438,0,0.043478261,0,0.024959742,0.111111111,0,0.111111111
1500000US530530721072,0.788135593,0.074730354,0,0.053929122,0,0.035439137,0.047765794,0,0.047765794
1500000US530530721073,0.591170825,0.111324376,0.012476008,0.144913628,0,0.011516315,0.128598848,0,0.128598848
1500000US530530721074,0.680952381,0.084126984,0,0.085714286,0,0.149206349,0,0,0
1500000US530530721081,0.549497848,0.163558106,0.035868006,0.081779053,0,0,0.169296987,0,0.169296987
1500000US530530721082,0.597266036,0.112513144,0.063091483,0.048370137,0.10935857,0.014721346,0.054679285,0,0.054679285
1500000US530530721083,0.791102515,0,0,0.027079304,0,0,0.181818182,0.077369439,0.104448743
1500000US530530721084,0.748471616,0.122270742,0.021834061,0.017467249,0.034497817,0.007423581,0.048034934,0,0.048034934
1500000US530530721085,0.710049423,0.116144975,0.044481054,0.099670511,0,0,0.029654036,0,0.029654036
1500000US530530721091,0.847169811,0.012578616,0.02327044,0.052830189,0,0,0.064150943,0,0.064150943
1500000US530530721092,0.689088191,0.075734928,0,0.158445441,0.037867464,0,0.038863976,0,0.038863976
1500000US530530721111,0.733070866,0.059055118,0,0.121259843,0,0.007086614,0.079527559,0,0.079527559
1500000US530530721112,0.857751278,0.007666099,0,0.026405451,0.028109029,0,0.080068143,0,0.080068143
1500000US530530721121,0.639097744,0.085392052,0,0.08915145,0.04887218,0.015037594,0.12244898,0,0.12244898
1500000US530530721122,0.527258567,0.142523364,0.005451713,0.03271028,0.151090343,0.069314642,0.07165109,0.024922118,0.046728972
1500000US530530721123,0.592819615,0.125218914,0.053415061,0.084063047,0.030647986,0.021891419,0.091943958,0.034150613,0.057793345
1500000US530530723051,0.705834684,0.065640194,0.017828201,0.109400324,0.021880065,0,0.079416532,0,0.079416532
1500000US530530723052,0.738601824,0.023302938,0.031408308,0.06585613,0,0,0.1408308,0,0.1408308
1500000US530530723053,0.838630807,0,0.012224939,0.079462103,0,0,0.069682152,0,0.069682152
1500000US530530723054,0.835214447,0,0,0,0,0,0.164785553,0,0.164785553
1500000US530530723055,0.649028801,0.17280643,0.018754186,0.021433356,0.01406564,0.01138647,0.112525117,0.026121902,0.086403215
1500000US530530723056,0.888086643,0,0,0.030685921,0,0.081227437,0,0,0
1500000US530530723071,0.597395551,0.213239284,0.010851872,0.031470429,0.015735214,0.016277808,0.115029843,0,0.115029843
1500000US530530723072,0.879573171,0,0,0.073170732,0,0,0.047256098,0,0.047256098
1500000US530530723073,0.857923497,0.034153005,0,0.107923497,0,0,0,0,0
1500000US530530723074,0.678571429,0.222744361,0,0.047932331,0,0,0.05075188,0,0.05075188
1500000US530530723081,0.503144654,0.051886792,0,0.031446541,0.30581761,0.051100629,0.056603774,0,0.056603774
1500000US530530723082,0.861478218,0,0,0.053842389,0.009789525,0,0.074889868,0,0.074889868
1500000US530530723083,0.774822695,0.034574468,0,0.040780142,0,0.044326241,0.105496454,0,0.105496454
1500000US530530723084,0.489221557,0.077844311,0,0.076047904,0,0.305389222,0.051497006,0,0.051497006
1500000US530530723085,0.722800926,0.046296296,0.006365741,0.116898148,0,0,0.107638889,0,0.107638889
1500000US530530723091,0.790373654,0,0,0.130462318,0.001899937,0,0.077264091,0,0.077264091
1500000US530530723092,0.808686091,0.025838373,0,0.020340847,0,0.112699285,0.032435404,0,0.032435404
1500000US530530723093,0.742412451,0.049805447,0.035019455,0.015564202,0,0.034241245,0.122957198,0,0.122957198
1500000US530530723094,0.801098901,0.079120879,0,0.11978022,0,0,0,0,0
1500000US530530723101,0.959122632,0.017946162,0,0.010967099,0,0,0.011964108,0,0.011964108
1500000US530530723102,0.871345029,0.026315789,0.011695906,0.014619883,0,0,0.076023392,0,0.076023392
1500000US530530723103,0.691425723,0.063808574,0.01445663,0.107676969,0,0.003988036,0.118644068,0,0.118644068
1500000US530530723111,0.647101449,0.079710145,0,0.005072464,0,0.013768116,0.254347826,0.007971014,0.246376812
1500000US530530723112,0.446790541,0.169763514,0.035472973,0.137668919,0,0.058277027,0.152027027,0,0.152027027
1500000US530530723113,0.623873874,0.163288288,0.011824324,0.051801802,0,0.006756757,0.142454955,0.021959459,0.120495495
1500000US530530723121,0.66163142,0.033987915,0,0.273413897,0,0,0.030966767,0,0.030966767
1500000US530530723122,0.682872102,0.110695587,0,0.035153328,0,0.013462977,0.157816006,0,0.157816006
1500000US530530723123,0.689384801,0.15681544,0,0.149577805,0,0,0.004221954,0,0.004221954
1500000US530530723131,0.653377111,0.097091932,0.007035647,0.111163227,0,0.015478424,0.115853659,0,0.115853659
1500000US530530723132,0.884866039,0.013758146,0,0.068066618,0,0,0.033309196,0,0.033309196
1500000US530530724051,0.927368421,0,0.016842105,0.034210526,0.008947368,0,0.012631579,0,0.012631579
1500000US530530724052,0.934506754,0,0.021694638,0.024559967,0.003683995,0,0.015554646,0,0.015554646
1500000US530530724061,0.933758587,0.011776251,0.006378803,0.038272816,0,0.000490677,0.009322866,0,0.009322866
1500000US530530724062,0.939530235,0.002998501,0.007996002,0.035982009,0,0,0.013493253,0,0.013493253
1500000US530530724063,0.95666356,0.003727866,0.007921715,0,0,0.009319664,0.022367195,0,0.022367195
1500000US530530724071,0.697660099,0.008004926,0.060960591,0.060960591,0,0.133004926,0.039408867,0,0.039408867
1500000US530530724072,0.888535032,0.054140127,0,0.047770701,0,0,0.00955414,0,0.00955414
1500000US530530724073,0.847267939,0.023041475,0.038183015,0.074391047,0,0,0.017116524,0,0.017116524
1500000US530530724081,0.973642173,0,0,0.026357827,0,0,0,0,0
1500000US530530724082,0.946711474,0,0.023043687,0.011041767,0.014882381,0.004320691,0,0,0
1500000US530530724083,0.849250936,0.061797753,0.014044944,0.04588015,0,0,0.029026217,0,0.029026217
1500000US530530724084,0.916223404,0.027260638,0,0,0,0,0.056515957,0,0.056515957
1500000US530530724091,0.961485557,0.008253095,0.004814305,0,0,0.00343879,0.022008253,0.010316369,0.011691884
1500000US530530724092,0.962686567,0.01119403,0,0,0,0,0.026119403,0,0.026119403
1500000US530530724101,0.860805861,0.003139717,0,0.080062794,0,0,0.055991627,0,0.055991627
1500000US530530724102,0.959270517,0.009118541,0.007294833,0,0,0,0.024316109,0,0.024316109
1500000US530530725031,0.941956882,0.001658375,0.003869541,0.004975124,0,0.02763958,0.019900498,0,0.019900498
1500000US530530725032,0.85559427,0.003097174,0.003484321,0.042973287,0.016647309,0.003484321,0.074719319,0.003097174,0.071622145
1500000US530530725041,0.900464157,0.045899948,0.011346055,0,0,0,0.04228984,0,0.04228984
1500000US530530725042,0.778630838,0.035508637,0.023992322,0.027511196,0.001919386,0.006078055,0.126359565,0.004798464,0.1215611
1500000US530530725051,0.866920152,0,0,0.063117871,0,0.031939163,0.038022814,0,0.038022814
1500000US530530725052,0.890526316,0,0.009122807,0.089122807,0,0,0.01122807,0,0.01122807
1500000US530530725053,0.787878788,0.005644682,0.003862151,0.15389186,0,0.010398099,0.038324421,0,0.038324421
1500000US530530725054,0.893728223,0.041811847,0,0.029616725,0,0,0.034843206,0,0.034843206
1500000US530530725061,0.90376203,0.01399825,0.033245844,0,0,0,0.048993876,0,0.048993876
1500000US530530725062,0.855437666,0.015915119,0.000442087,0.083554377,0.000442087,0.003094607,0.041114058,0,0.041114058
1500000US530530725071,0.924698795,0.018072289,0,0,0,0,0.057228916,0,0.057228916
1500000US530530725072,0.946133333,0,0,0.013333333,0,0.016,0.024533333,0,0.024533333
1500000US530530726011,0.811825809,0.04194966,0.031562125,0.03475829,0,0.015181782,0.064722333,0.003595685,0.061126648
1500000US530530726012,0.841720037,0.002744739,0.053979872,0.019213175,0,0.001829826,0.080512351,0,0.080512351
1500000US530530726013,0.913117547,0.003407155,0,0.022714367,0,0.007950028,0.052810903,0,0.052810903
1500000US530530726021,0.969409283,0,0.009493671,0,0,0,0.021097046,0,0.021097046
1500000US530530726022,0.914872798,0,0,0.001956947,0,0.06409002,0.019080235,0,0.019080235
1500000US530530726023,0.923929099,0,0,0.009601182,0,0.006646972,0.059822747,0,0.059822747
1500000US530530726031,1,0,0,0,0,0,0,0,0
1500000US530530726032,0.921325052,0.014492754,0.038302277,0,0,0,0.025879917,0,0.025879917
1500000US530530726033,0.93386545,0.019384265,0,0.046750285,0,0,0,0,0
1500000US530530726034,0.921485088,0.026171637,0.017650639,0,0,0,0.034692635,0,0.034692635
1500000US530530726035,0.798858773,0.154065621,0.005706134,0,0.005706134,0.005706134,0.029957204,0,0.029957204
1500000US530530728001,0.727561277,0.106330453,0,0.098395345,0,0.002645036,0.065067889,0,0.065067889
1500000US530530728002,0.716041979,0.096251874,0.007196402,0.098650675,0,0,0.08185907,0,0.08185907
1500000US530530729011,0.715503631,0.161351437,0.015787812,0.02683928,0.019892643,0.014209031,0.046416167,0.013577518,0.032838649
1500000US530530729031,0.643022583,0.204979734,0,0.027793862,0.013607412,0.044585987,0.066010423,0.007527504,0.058482918
1500000US530530729051,0.709761672,0.207966046,0,0.028077049,0.001305909,0.005223637,0.047665687,0,0.047665687
1500000US530530729052,0.67366136,0.241678726,0,0,0.058610709,0.00723589,0.018813314,0,0.018813314
1500000US530530729053,0.837754473,0.109191857,0,0,0,0.019740901,0.03331277,0.016039482,0.017273288
1500000US530530729061,0.831527094,0.096551724,0.020689655,0.021674877,0.00591133,0,0.02364532,0.002955665,0.020689655
1500000US530530729062,0.744282744,0.164241164,0.004158004,0.029106029,0.004158004,0.03950104,0.014553015,0.013513514,0.001039501
1500000US530530729071,0.819471624,0.14481409,0,0.002446184,0.004892368,0.010763209,0.017612524,0.003913894,0.01369863
1500000US530530729072,0.71800102,0.06654768,0.020652728,0.029576747,0.087200408,0.021672616,0.056348802,0.034931158,0.021417644
1500000US530530729073,#DIV/0!,#DIV/0!,#DIV/0!,#DIV/0!,#DIV/0!,#DIV/0!,#DIV/0!,#DIV/0!,#DIV/0!
1500000US530530730011,0.841008772,0,0.076754386,0,0,0,0.082236842,0,0.082236842
1500000US530530730012,1,0,0,0,0,0,0,0,0
1500000US530530730013,0.92162819,0.010328068,0,0.004860267,0,0,0.063183475,0,0.063183475
1500000US530530730014,0.93685052,0,0.04716227,0,0,0,0.01598721,0,0.01598721
1500000US530530730015,0.917148362,0.002890173,0.009633911,0.03371869,0,0.001926782,0.034682081,0.002890173,0.031791908
1500000US530530730051,0.981921979,0,0.018078021,0,0,0,0,0,0
1500000US530530730052,0.936204147,0,0.031897927,0,0,0,0.031897927,0,0.031897927
1500000US530530730053,0.916742909,0,0.010978957,0,0,0.060384263,0.01189387,0,0.01189387
1500000US530530730054,0.89194499,0,0,0.00540275,0.023084479,0,0.07956778,0,0.07956778
1500000US530530730061,0.963592233,0,0.0052589,0.004045307,0,0,0.02710356,0,0.02710356
1500000US530530730062,0.871414441,0,0.012858556,0,0,0.042532146,0.073194857,0,0.073194857
1500000US530530731081,0.807062877,0.027562446,0,0.006459948,0,0.145564169,0.01335056,0,0.01335056
1500000US530530731082,0.711986681,0.063263041,0,0.044950055,0.016648169,0.019422863,0.14372919,0.069922309,0.073806881
1500000US530530731083,0.580352885,0.108726753,0.015736767,0.036242251,0.07200763,0.019551741,0.167381974,0.04434907,0.123032904
1500000US530530731101,0.95986433,0.00508762,0,0.027699265,0,0,0.007348785,0,0.007348785
1500000US530530731102,0.866207575,0.021151008,0.022134776,0.032464338,0,0.006886375,0.051155927,0,0.051155927
1500000US530530731111,0.856495468,0.010070493,0.020140987,0.039274924,0,0.008056395,0.065961732,0,0.065961732
1500000US530530731112,0.876702509,0.008602151,0.011469534,0,0,0.06953405,0.033691756,0,0.033691756
1500000US530530731113,0.825641026,0.046153846,0.012820513,0.017948718,0,0.017948718,0.079487179,0,0.079487179
1500000US530530731131,0.896532746,0.031370391,0.006604293,0.007705008,0.015410017,0.009906439,0.032471106,0.010456797,0.022014309
1500000US530530731132,0.778033794,0.075652842,0.022273425,0.034178187,0.002304147,0.019969278,0.067588326,0.010368664,0.057219662
1500000US530530731133,0.795033504,0.017343319,0,0.010642491,0.095388254,0.009065826,0.072526606,0.019314151,0.053212456
1500000US530530731141,0.736710963,0.138289037,0,0.012873754,0.013704319,0.068936877,0.02948505,0,0.02948505
1500000US530530731142,0.874794069,0.042284459,0.005491488,0,0,0.001098298,0.076331686,0,0.076331686
1500000US530530731143,0.915814319,0.019669552,0,0.007867821,0,0,0.056648308,0,0.056648308
1500000US530530731151,0.82047619,0.01952381,0.015714286,0.035238095,0,0.011428571,0.097619048,0.006666667,0.090952381
1500000US530530731152,0.809492419,0,0.003955175,0.025708635,0.011865524,0.036914964,0.112063283,0,0.112063283
1500000US530530731153,0.928270042,0,0,0,0,0.033755274,0.037974684,0,0.037974684
1500000US530530731161,0.823234624,0.072437358,0,0.024145786,0.000911162,0,0.079271071,0,0.079271071
1500000US530530731162,0.947319778,0,0,0.013863216,0,0.009242144,0.029574861,0,0.029574861
1500000US530530731171,0.842445328,0.045228628,0.073558648,0.013916501,0,0.004970179,0.019880716,0,0.019880716
1500000US530530731172,1,0,0,0,0,0,0,0,0
1500000US530530731181,0.905759162,0.003664921,0,0.007329843,0,0.040837696,0.042408377,0,0.042408377
1500000US530530731182,0.943109987,0,0,0.036241045,0,0,0.020648968,0,0.020648968
1500000US530530731191,0.952841596,0.00120919,0,0.00120919,0,0.00241838,0.042321644,0,0.042321644
1500000US530530731192,0.948449104,0.007863696,0.004805592,0.01965924,0,0,0.019222368,0.006989952,0.012232416
1500000US530530731201,0.736024845,0.121118012,0,0.052795031,0,0.064773736,0.025288376,0,0.025288376
1500000US530530731202,0.65971564,0.075829384,0.007109005,0.046919431,0,0.120853081,0.08957346,0,0.08957346
1500000US530530731211,0.716006885,0.021944923,0.020223752,0.05292599,0,0,0.188898451,0,0.188898451
1500000US530530731212,0.845679012,0.020697168,0.017066086,0.027596224,0,0.002904866,0.086056645,0.00399419,0.082062455
1500000US530530731221,0.849028401,0.020926756,0.035127055,0.037369208,0,0,0.05754858,0.005979073,0.051569507
1500000US530530731222,0.774881517,0.0352065,0.009478673,0.063303995,0.011509817,0.004400812,0.101218687,0,0.101218687
1500000US530530731231,0.69466832,0.064786113,0,0.118412895,0.027278363,0.004029758,0.090824551,0,0.090824551
1500000US530530731232,0.827377347,0.021804967,0,0.015748031,0,0.041792853,0.093276802,0,0.093276802
1500000US530530731241,0.944680851,0,0,0.008510638,0,0,0.046808511,0,0.046808511
1500000US530530731242,0.945348837,0,0.013565891,0.007751938,0,0,0.033333333,0,0.033333333
1500000US530530731251,0.790514722,0.067655653,0.010788941,0.096875702,0,0.00606878,0.028096201,0,0.028096201
1500000US530530731252,0.959974984,0,0,0.013758599,0,0,0.026266417,0,0.026266417
1500000US530530731253,0.670864819,0.153092639,0,0.043380912,0,0.053736356,0.078925273,0.032745592,0.046179681
1500000US530530731261,0.656841601,0.092739037,0.01917086,0.070213276,0.006470165,0.00790798,0.146657081,0,0.146657081
1500000US530530732001,0.946125461,0,0,0.015498155,0,0,0.038376384,0,0.038376384
1500000US530530732002,0.927360775,0.006053269,0,0.064164649,0,0.002421308,0,0,0
1500000US530530732003,1,0,0,0,0,0,0,0,0
1500000US530530732004,0.926181102,0.000492126,0.008366142,0.017224409,0,0.029527559,0.018208661,0,0.018208661
1500000US530530733011,0.813186813,0.022869023,0.012771013,0.033264033,0,0,0.117909118,0,0.117909118
1500000US530530733012,0.732531931,0,0,0.015777611,0,0.202854996,0.048835462,0,0.048835462
1500000US530530733013,0.768115942,0,0,0,0,0.072463768,0.15942029,0.077294686,0.082125604
1500000US530530733014,0.822990844,0,0,0,0,0,0.177009156,0,0.177009156
1500000US530530733021,0.85963521,0.006344171,0,0.008723236,0,0.01665345,0.108643933,0,0.108643933
1500000US530530733022,0.837386018,0,0,0.056990881,0,0.004559271,0.10106383,0,0.10106383
1500000US530530733023,0.933333333,0,0.006926407,0.014718615,0,0,0.045021645,0,0.045021645
1500000US530530734041,0.934977578,0.021674141,0,0.024663677,0,0,0.018684604,0,0.018684604
1500000US530530734042,0.901001112,0.011123471,0.010011123,0,0,0,0.077864294,0.03003337,0.047830923
1500000US530530734043,0.957507082,0,0,0,0,0.042492918,0,0,0
1500000US530530734044,0.920696325,0,0,0.050290135,0,0,0.02901354,0,0.02901354
1500000US530530734045,0.860117459,0.021356113,0,0.031500267,0,0,0.087026161,0,0.087026161
1500000US530530734051,0.844800828,0.010863942,0.003103983,0.038799793,0,0.046559752,0.055871702,0,0.055871702
1500000US530530734052,0.693221523,0.111809923,0,0.053808526,0.009783368,0.022361985,0.109014675,0.01397624,0.095038435
1500000US530530734061,0.804664723,0.034402332,0.006997085,0.109037901,0,0.008746356,0.036151603,0,0.036151603
1500000US530530734062,0.951303155,0.024691358,0,0.010288066,0,0,0.013717421,0,0.013717421
1500000US530530734063,0.851431659,0.020529444,0.01458671,0.007563479,0,0,0.105888709,0,0.105888709
1500000US530530734071,0.8320971,0,0.039109912,0.020903574,0,0.009440324,0.09844909,0,0.09844909
1500000US530530734072,0.974549311,0,0,0,0,0,0.025450689,0,0.025450689
1500000US530530734073,0.838808251,0.040488923,0.005347594,0.009931245,0,0,0.105423988,0.003055768,0.10236822
1500000US530530734081,0.949105915,0.002292526,0.006877579,0.007336084,0,0.021549748,0.012838148,0.002292526,0.010545621
1500000US530530734082,0.944668008,0,0.027162978,0.028169014,0,0,0,0,0
1500000US530530734083,0.851089588,0.037530266,0.031476998,0,0,0.039951574,0.039951574,0,0.039951574
1500000US530530735001,0.951054852,0,0,0.016033755,0,0,0.032911392,0,0.032911392
1500000US530530735002,0.815912637,0,0.08424337,0,0,0,0.099843994,0,0.099843994
1500000US530530735003,0.866920152,0.006653992,0.008555133,0.029467681,0,0,0.088403042,0,0.088403042
1500000US530530735004,0.92491839,0,0.032644178,0,0,0,0.042437432,0,0.042437432
1500000US530530735005,0.926007326,0,0.032234432,0,0,0.028571429,0.013186813,0,0.013186813
1500000US530530735006,0.869843528,0.012091038,0.061877667,0.041963016,0,0,0.014224751,0,0.014224751
1500000US530539400011,0.791727141,0.029027576,0.002902758,0.08490566,0,0,0.091436865,0.010159652,0.081277213
1500000US530539400012,0.903300077,0.011511896,0.001534919,0.008442057,0,0.030698388,0.044512663,0.007674597,0.036838066
1500000US530539400021,0.846720214,0.008701473,0.004016064,0.101740295,0,0.004685408,0.034136546,0.002008032,0.032128514
1500000US530539400022,0.474634566,0.147893379,0.01805675,0.184006879,0.106620808,0.015477214,0.053310404,0.002579536,0.050730868
1500000US530539400023,0.726548673,0.040707965,0.016814159,0.085840708,0.003539823,0,0.126548673,0,0.126548673
1500000US530539400031,0.496107784,0.152994012,0.008083832,0.256586826,0.011077844,0.004491018,0.070658683,0.002694611,0.067964072
1500000US530539400032,0.709034268,0.039252336,0.016199377,0.112149533,0.048598131,0.018691589,0.056074766,0.014330218,0.041744548
1500000US530539400033,0.684470377,0.111759425,0.030520646,0.038150808,0.078994614,0.013464991,0.042639138,0,0.042639138
1500000US530539400041,0.787321063,0.115201091,0.012269939,0.040218132,0,0,0.044989775,0,0.044989775
1500000US530539400042,0.933810376,0.044722719,0,0,0.021466905,0,0,0,0
1500000US530539400043,0.868544601,0.007042254,0.014084507,0.03286385,0,0,0.077464789,0,0.077464789
1500000US530539400044,0.855900621,0.029813665,0.019875776,0.021118012,0,0,0.073291925,0.031055901,0.042236025
1500000US530539400045,0.862096774,0.034677419,0.066129032,0.005645161,0,0.016129032,0.015322581,0,0.015322581
1500000US530539400046,0.889818689,0.037656904,0.016736402,0.020920502,0,0.011157601,0.023709902,0,0.023709902
1500000US530539400051,0.687872763,0.064943671,0.056991385,0.092113983,0,0.003313453,0.094764745,0,0.094764745
1500000US530539400052,0.638457922,0.069111425,0.020686413,0.135401975,0.010813352,0.064409967,0.061118947,0.007052186,0.054066761
1500000US530539400053,0.677897574,0.097933513,0.003144654,0.098831986,0.036837376,0.016621743,0.068733154,0,0.068733154
1500000US530539400061,0.190039318,0.275884666,0,0.26802097,0.085190039,0.019003932,0.161861075,0.013761468,0.148099607
1500000US530539400062,0.287194671,0.318282754,0.047372317,0.122131754,0.00296077,0.03034789,0.191709845,0.027387121,0.164322724
1500000US530539400071,0.438829787,0.091755319,0.093085106,0.054521277,0.128989362,0.073138298,0.119680851,0,0.119680851
1500000US530539400072,0.504038772,0.104200323,0.134894992,0.035541195,0,0.143780291,0.077544426,0.008077544,0.069466882
1500000US530539400073,0.359471366,0.033480176,0.136563877,0.189427313,0.074889868,0.110132159,0.096035242,0.014096916,0.081938326
1500000US530539400081,0.661162958,0.105886576,0.007537688,0.136396267,0.00143575,0.009691314,0.077889447,0.012562814,0.065326633
1500000US530539400082,0.621330724,0.083659491,0.006849315,0.194227006,0.005870841,0.008317025,0.079745597,0,0.079745597
1500000US530539400083,0.78436019,0.021327014,0.007109005,0.111374408,0.003159558,0.004739336,0.06793049,0,0.06793049
1500000US530539400091,0.900628212,0.038834951,0.002284409,0.035408338,0,0.006282125,0.016561965,0,0.016561965
1500000US530539400092,0.896583564,0.004616805,0,0.01754386,0,0,0.081255771,0,0.081255771
1500000US530539400101,0.833333333,0.038580247,0,0.024691358,0.007201646,0.062242798,0.033950617,0,0.033950617
1500000US530539400102,0.933762058,0.012861736,0.007073955,0.03022508,0,0.005787781,0.010289389,0,0.010289389
1500000US530539400103,0.952145215,0,0,0,0,0,0.047854785,0,0.047854785
1500000US530539400111,0.74005487,0.027434842,0.008916324,0.170781893,0,0.005486968,0.047325103,0.002743484,0.044581619
1500000US530539400112,0.704217536,0.020532741,0,0.203107658,0,0.003884573,0.068257492,0,0.068257492
1500000US530539400113,0.856015779,0.025641026,0.001972387,0.036489152,0.007889546,0.00295858,0.069033531,0.018737673,0.050295858
