"GEO_ID","id"
"NAME","Geographic Area Name"
"B24080_001E","Estimate!!Total"
"B24080_001M","Margin of Error!!Total"
"B24080_002E","Estimate!!Total!!Male"
"B24080_002M","Margin of Error!!Total!!Male"
"B24080_003E","Estimate!!Total!!Male!!Private for-profit wage and salary workers"
"B24080_003M","Margin of Error!!Total!!Male!!Private for-profit wage and salary workers"
"B24080_004E","Estimate!!Total!!Male!!Private for-profit wage and salary workers!!Employee of private company workers"
"B24080_004M","Margin of Error!!Total!!Male!!Private for-profit wage and salary workers!!Employee of private company workers"
"B24080_005E","Estimate!!Total!!Male!!Private for-profit wage and salary workers!!Self-employed in own incorporated business workers"
"B24080_005M","Margin of Error!!Total!!Male!!Private for-profit wage and salary workers!!Self-employed in own incorporated business workers"
"B24080_006E","Estimate!!Total!!Male!!Private not-for-profit wage and salary workers"
"B24080_006M","Margin of Error!!Total!!Male!!Private not-for-profit wage and salary workers"
"B24080_007E","Estimate!!Total!!Male!!Local government workers"
"B24080_007M","Margin of Error!!Total!!Male!!Local government workers"
"B24080_008E","Estimate!!Total!!Male!!State government workers"
"B24080_008M","Margin of Error!!Total!!Male!!State government workers"
"B24080_009E","Estimate!!Total!!Male!!Federal government workers"
"B24080_009M","Margin of Error!!Total!!Male!!Federal government workers"
"B24080_010E","Estimate!!Total!!Male!!Self-employed in own not incorporated business workers"
"B24080_010M","Margin of Error!!Total!!Male!!Self-employed in own not incorporated business workers"
"B24080_011E","Estimate!!Total!!Male!!Unpaid family workers"
"B24080_011M","Margin of Error!!Total!!Male!!Unpaid family workers"
"B24080_012E","Estimate!!Total!!Female"
"B24080_012M","Margin of Error!!Total!!Female"
"B24080_013E","Estimate!!Total!!Female!!Private for-profit wage and salary workers"
"B24080_013M","Margin of Error!!Total!!Female!!Private for-profit wage and salary workers"
"B24080_014E","Estimate!!Total!!Female!!Private for-profit wage and salary workers!!Employee of private company workers"
"B24080_014M","Margin of Error!!Total!!Female!!Private for-profit wage and salary workers!!Employee of private company workers"
"B24080_015E","Estimate!!Total!!Female!!Private for-profit wage and salary workers!!Self-employed in own incorporated business workers"
"B24080_015M","Margin of Error!!Total!!Female!!Private for-profit wage and salary workers!!Self-employed in own incorporated business workers"
"B24080_016E","Estimate!!Total!!Female!!Private not-for-profit wage and salary workers"
"B24080_016M","Margin of Error!!Total!!Female!!Private not-for-profit wage and salary workers"
"B24080_017E","Estimate!!Total!!Female!!Local government workers"
"B24080_017M","Margin of Error!!Total!!Female!!Local government workers"
"B24080_018E","Estimate!!Total!!Female!!State government workers"
"B24080_018M","Margin of Error!!Total!!Female!!State government workers"
"B24080_019E","Estimate!!Total!!Female!!Federal government workers"
"B24080_019M","Margin of Error!!Total!!Female!!Federal government workers"
"B24080_020E","Estimate!!Total!!Female!!Self-employed in own not incorporated business workers"
"B24080_020M","Margin of Error!!Total!!Female!!Self-employed in own not incorporated business workers"
"B24080_021E","Estimate!!Total!!Female!!Unpaid family workers"
"B24080_021M","Margin of Error!!Total!!Female!!Unpaid family workers"
