Y2015_Total,Y2015_0,Y2015_0.25,Y2015_0.5,Y2015_1,Y2015_2,Y2015_3,Y2015_4,Y2015_5,Y2015_6,Y2015_7,Y2015_8,Y2015_9,Y2015_10,Y2015_11,Y2015_11.5,Y2015_12,Y2015_GED,Y2015_12.5,"Y2015_Some college, 13",Y2015_14,Y2015_16,Y2015_18,Y2015_Prf,Y2015_20,id,newid
807,0,0,0,0,0,0,0,0,0,0,20,21,0,20,0,108,41,27,144,58,209,116,19,24,1500000US530530602001,530602001
1139,1,0,0,0,0,0,0,0,0,0,0,2,2,6,0,176,18,47,188,69,249,223,104,54,1500000US530530603001,530603001
819,0,0,0,0,0,0,0,0,0,0,0,0,0,0,8,228,43,47,108,99,220,41,0,25,1500000US530530603002,530603002
1222,0,0,0,0,0,0,0,0,0,0,5,5,11,12,2,216,55,83,182,165,279,145,40,22,1500000US530530603003,530603003
498,0,0,0,0,0,0,0,0,0,0,0,0,0,0,6,30,8,10,62,11,163,106,68,34,1500000US530530604001,530604001
548,0,0,0,0,0,0,0,0,0,0,0,0,0,0,0,52,0,35,41,35,224,135,19,7,1500000US530530604002,530604002
508,0,0,0,0,0,0,0,0,0,0,0,0,0,0,0,94,30,32,88,58,103,86,6,11,1500000US530530604003,530604003
751,0,0,0,0,0,0,0,0,0,0,0,0,0,0,13,140,0,34,163,107,228,58,8,0,1500000US530530604004,530604004
592,0,0,0,0,0,0,0,0,0,0,0,7,0,0,25,62,29,48,135,41,133,92,0,20,1500000US530530604005,530604005
635,0,0,0,0,0,0,0,0,0,0,0,0,31,0,0,27,10,89,42,94,187,68,62,25,1500000US530530605001,530605001
684,0,0,0,0,0,0,0,0,0,0,0,0,0,0,12,44,0,22,83,101,226,145,39,12,1500000US530530605002,530605002
454,0,0,0,0,0,0,0,0,0,0,0,0,0,0,0,64,18,12,112,55,92,82,19,0,1500000US530530605003,530605003
366,9,0,0,0,0,0,0,0,0,0,0,0,0,0,0,24,27,10,78,11,146,7,30,24,1500000US530530605004,530605004
711,15,0,0,0,0,0,0,0,0,0,0,0,0,0,18,70,0,0,34,21,317,81,69,86,1500000US530530605005,530605005
841,0,0,0,0,0,0,0,0,1,1,0,0,0,1,0,85,27,27,89,43,252,193,108,14,1500000US530530606001,530606001
931,0,0,0,0,0,0,0,0,0,0,0,0,0,0,0,106,65,59,156,137,181,157,55,15,1500000US530530606002,530606002
573,15,0,0,0,0,0,0,0,0,0,17,0,0,0,11,114,12,28,73,30,202,41,16,14,1500000US530530606003,530606003
643,0,0,0,0,0,0,0,0,0,0,0,0,0,14,14,72,0,0,120,40,188,165,18,12,1500000US530530606004,530606004
494,15,0,0,0,0,0,0,0,0,0,0,0,0,0,0,147,33,13,0,78,103,65,14,26,1500000US530530606005,530606005
480,0,0,0,0,0,0,0,0,0,0,0,0,20,0,0,81,22,0,208,0,91,58,0,0,1500000US530530606006,530606006
784,0,0,0,0,0,0,0,0,0,0,0,0,0,0,0,132,40,0,59,15,304,166,50,18,1500000US530530607001,530607001
690,0,0,0,0,0,0,0,0,0,0,0,0,0,0,0,89,22,27,104,31,198,167,22,30,1500000US530530607002,530607002
770,0,0,0,0,0,0,0,0,0,0,0,0,0,0,0,133,14,0,116,67,208,117,95,20,1500000US530530607003,530607003
636,0,0,0,0,0,0,0,0,0,0,0,0,0,134,0,93,38,31,61,52,146,49,17,15,1500000US530530607004,530607004
214,0,0,0,0,0,0,0,0,0,0,0,0,0,13,0,39,0,9,63,0,54,36,0,0,1500000US530530607005,530607005
368,0,0,0,0,0,0,0,0,0,0,0,0,0,0,0,62,0,18,14,0,143,118,13,0,1500000US530530607006,530607006
552,0,0,0,0,0,0,0,0,0,0,0,0,0,0,0,79,66,13,117,50,104,83,24,16,1500000US530530608001,530608001
561,0,0,0,0,0,0,0,0,0,0,0,0,0,0,0,162,16,0,164,30,87,65,0,37,1500000US530530608002,530608002
646,2,0,0,0,0,0,0,0,0,0,0,0,0,0,0,92,13,11,216,93,145,31,11,32,1500000US530530608003,530608003
428,0,0,0,0,0,0,0,0,0,0,0,0,23,37,0,36,63,45,82,0,95,23,24,0,1500000US530530608004,530608004
488,0,0,0,0,15,0,0,0,0,0,0,0,0,16,51,100,14,78,34,12,145,13,10,0,1500000US530530608005,530608005
677,0,0,0,0,0,0,0,0,0,0,0,0,0,0,17,244,14,60,26,43,170,90,13,0,1500000US530530608006,530608006
428,0,0,0,0,0,0,0,0,0,0,0,0,0,14,0,50,14,56,74,94,73,34,11,8,1500000US530530608007,530608007
576,0,0,0,0,0,0,0,0,0,0,2,0,40,2,19,171,0,27,143,20,128,7,8,9,1500000US530530609031,530609031
915,0,0,0,8,0,10,0,0,0,0,0,0,3,7,36,255,51,89,193,86,70,107,0,0,1500000US530530609032,530609032
952,10,0,0,0,0,0,0,0,0,0,10,10,13,17,0,163,10,52,112,123,219,147,44,22,1500000US530530609033,530609033
558,0,0,0,0,0,0,0,0,0,0,37,0,0,70,14,112,15,38,74,143,55,0,0,0,1500000US530530609041,530609041
1250,0,0,0,0,0,0,0,0,0,0,0,31,27,76,18,144,14,102,385,104,225,89,0,35,1500000US530530609042,530609042
690,1,0,0,0,0,0,0,0,0,0,0,27,0,0,0,126,73,0,67,126,260,10,0,0,1500000US530530609043,530609043
1146,0,0,0,0,0,0,0,31,0,14,38,12,0,12,86,299,24,102,184,91,215,38,0,0,1500000US530530609044,530609044
1464,0,0,0,0,0,0,13,0,15,0,35,0,0,70,63,326,57,185,211,170,178,131,0,10,1500000US530530609051,530609051
750,0,0,0,0,0,0,0,0,21,0,0,0,0,5,0,231,68,40,78,62,166,63,0,16,1500000US530530609052,530609052
671,0,0,0,0,0,0,0,0,0,0,0,0,0,0,0,135,16,64,140,72,188,44,12,0,1500000US530530609053,530609053
1037,0,0,0,0,0,0,0,0,0,0,0,0,0,0,17,301,35,33,173,112,251,48,50,17,1500000US530530609054,530609054
1008,0,0,0,0,0,0,0,0,0,0,0,0,0,0,0,158,39,98,186,143,204,74,55,51,1500000US530530609055,530609055
1222,8,0,0,0,0,0,0,0,0,5,0,13,7,5,5,306,31,109,271,110,218,110,18,6,1500000US530530609061,530609061
525,0,5,0,0,0,0,0,0,0,0,0,5,13,20,6,89,12,31,90,32,141,57,10,14,1500000US530530609062,530609062
741,0,0,0,0,0,0,0,0,0,0,0,0,0,9,27,177,28,103,96,81,154,66,0,0,1500000US530530610011,530610011
694,0,0,0,0,0,0,0,0,0,0,0,0,0,0,0,223,0,16,76,43,177,73,69,17,1500000US530530610012,530610012
1452,8,0,0,0,0,0,0,0,0,0,15,0,0,26,17,310,40,55,194,171,256,247,84,29,1500000US530530610013,530610013
1501,34,0,0,0,85,0,40,108,9,6,11,0,98,128,40,308,63,179,157,67,85,63,0,20,1500000US530530610021,530610021
580,18,0,0,0,0,0,11,0,10,0,0,0,7,84,0,100,0,74,109,14,153,0,0,0,1500000US530530610022,530610022
856,0,0,0,0,0,0,0,0,0,0,0,24,0,28,76,154,37,93,118,51,143,118,14,0,1500000US530530610023,530610023
439,0,0,0,0,0,0,0,0,0,0,0,0,9,0,0,84,14,79,161,15,66,11,0,0,1500000US530530610024,530610024
696,0,0,0,0,0,0,0,0,0,0,0,0,21,11,13,121,17,40,193,52,152,59,0,17,1500000US530530611001,530611001
367,0,0,0,0,0,0,0,0,0,0,0,0,0,15,0,164,15,32,46,49,46,0,0,0,1500000US530530611002,530611002
513,0,0,0,0,0,0,0,0,20,0,6,0,6,23,44,187,0,25,74,0,108,20,0,0,1500000US530530611003,530611003
656,0,0,0,0,0,0,0,0,15,0,0,0,16,16,14,140,52,99,113,0,163,0,0,28,1500000US530530611004,530611004
776,0,0,0,0,0,0,0,0,0,0,0,0,44,8,16,230,33,43,153,51,150,16,32,0,1500000US530530611005,530611005
1081,18,0,0,0,0,0,22,0,0,0,0,0,24,0,0,227,22,54,265,144,154,124,27,0,1500000US530530611006,530611006
773,0,0,0,0,0,0,0,0,0,0,16,0,0,15,29,313,16,11,157,61,120,11,24,0,1500000US530530611007,530611007
860,0,0,0,0,9,0,0,0,10,0,0,0,5,0,39,247,26,10,191,115,116,92,0,0,1500000US530530612001,530612001
533,0,0,0,0,0,0,0,0,0,0,0,0,0,24,10,117,19,32,82,99,131,9,0,10,1500000US530530612002,530612002
640,0,0,0,0,0,0,0,0,0,11,34,8,12,47,41,98,29,25,72,52,184,17,0,10,1500000US530530612003,530612003
625,0,0,0,0,0,0,0,0,10,0,20,9,37,37,8,202,50,11,39,18,144,24,16,0,1500000US530530612004,530612004
476,0,0,0,0,0,0,0,0,0,0,9,0,8,9,17,101,24,30,85,9,113,71,0,0,1500000US530530612005,530612005
596,0,0,0,0,0,0,0,0,0,0,0,0,0,17,0,159,0,41,82,85,117,66,29,0,1500000US530530612006,530612006
579,29,0,0,0,4,0,0,0,3,7,19,7,3,13,8,190,30,28,101,24,79,6,19,9,1500000US530530613001,530613001
673,20,0,0,0,0,0,16,11,0,0,0,0,0,7,15,109,48,46,147,51,159,31,0,13,1500000US530530613002,530613002
609,9,0,0,0,0,0,0,0,13,0,0,6,7,42,40,209,35,46,61,42,74,4,0,21,1500000US530530613003,530613003
428,12,0,0,0,0,0,0,0,0,0,0,0,0,8,7,94,40,10,114,0,81,57,0,5,1500000US530530613004,530613004
472,38,0,0,0,0,0,0,0,3,13,0,0,5,0,0,157,86,21,60,17,50,22,0,0,1500000US530530613005,530613005
510,14,0,0,0,0,0,0,0,0,8,11,12,31,26,17,91,38,11,74,27,91,49,0,10,1500000US530530613006,530613006
605,0,0,0,0,11,0,12,0,5,0,0,29,19,36,7,121,72,35,135,53,54,16,0,0,1500000US530530614001,530614001
1172,44,0,0,0,0,0,0,15,19,0,35,32,49,155,19,188,253,98,162,37,53,8,5,0,1500000US530530614002,530614002
622,39,0,0,0,10,0,0,32,0,0,15,14,40,31,12,125,72,37,65,45,62,23,0,0,1500000US530530614003,530614003
1372,14,0,0,0,0,0,0,0,0,0,0,0,54,0,0,224,26,33,228,144,375,190,54,30,1500000US530530615001,530615001
998,0,0,0,0,0,0,0,0,0,0,0,17,0,68,0,147,18,80,112,170,205,122,59,0,1500000US530530615002,530615002
718,18,0,0,0,0,0,0,0,0,0,17,7,19,14,0,150,0,39,192,17,120,57,53,15,1500000US530530615003,530615003
758,8,0,0,0,0,0,0,0,3,2,0,0,0,36,69,52,85,14,160,101,160,60,0,8,1500000US530530615004,530615004
1612,37,0,0,0,0,0,0,30,68,0,13,0,21,54,18,257,65,102,328,87,251,201,74,6,1500000US530530616011,530616011
531,10,0,0,0,0,0,0,0,0,0,22,21,0,8,0,36,48,23,134,65,115,25,16,8,1500000US530530616021,530616021
668,5,0,0,6,0,0,0,0,0,0,0,42,0,0,20,70,54,54,174,51,117,60,15,0,1500000US530530617001,530617001
593,0,0,0,0,0,0,0,0,0,0,18,0,55,71,0,118,15,19,110,91,69,0,0,27,1500000US530530617002,530617002
518,0,0,0,0,0,0,0,0,8,0,0,0,0,0,0,175,0,6,154,43,88,37,7,0,1500000US530530617003,530617003
406,50,0,0,0,0,0,0,0,40,5,0,0,0,0,18,27,40,39,69,29,62,27,0,0,1500000US530530617004,530617004
795,0,0,0,0,0,0,0,0,0,0,23,16,27,53,8,223,53,66,97,100,77,52,0,0,1500000US530530617005,530617005
633,0,0,0,0,0,0,0,12,0,0,6,0,17,6,51,105,19,37,284,47,45,4,0,0,1500000US530530618001,530618001
659,0,0,0,0,0,0,19,0,13,0,44,9,0,0,6,251,118,42,60,52,34,11,0,0,1500000US530530618002,530618002
416,14,0,0,0,0,0,0,0,0,0,0,0,12,28,47,31,45,33,112,13,42,33,0,6,1500000US530530618003,530618003
647,0,0,0,0,0,0,0,0,70,3,2,16,0,0,4,96,58,37,69,75,125,80,5,7,1500000US530530619001,530619001
715,0,0,0,0,0,0,0,0,0,0,10,2,16,50,5,224,41,37,107,41,168,14,0,0,1500000US530530619002,530619002
700,23,0,0,0,0,0,8,0,32,7,11,76,45,9,20,136,39,73,127,23,54,17,0,0,1500000US530530620001,530620001
636,10,0,0,0,0,3,0,8,37,0,4,11,43,29,15,125,17,27,124,66,114,3,0,0,1500000US530530620002,530620002
621,11,0,0,0,0,0,8,0,37,0,13,0,0,0,16,170,50,55,105,39,93,15,9,0,1500000US530530620003,530620003
949,73,0,0,0,22,0,0,12,0,0,4,8,19,21,58,226,52,62,145,120,103,13,11,0,1500000US530530620004,530620004
886,0,0,0,0,0,0,0,26,4,0,0,0,5,14,29,335,74,70,149,36,116,24,4,0,1500000US530530623001,530623001
799,42,0,0,0,4,0,0,0,50,0,0,36,0,64,28,200,41,53,156,59,38,28,0,0,1500000US530530623002,530623002
796,40,0,0,0,0,6,0,0,0,8,0,8,65,0,0,155,67,48,141,66,156,27,9,0,1500000US530530623003,530623003
631,0,0,0,0,0,0,13,0,0,0,0,7,9,98,39,113,29,27,139,36,77,36,0,8,1500000US530530623004,530623004
1073,0,0,0,71,0,0,0,0,0,18,44,101,17,20,0,232,15,147,132,64,212,0,0,0,1500000US530530624001,530624001
722,44,0,0,0,0,0,0,0,0,0,0,0,0,0,13,143,43,121,108,126,97,27,0,0,1500000US530530624002,530624002
786,0,0,0,0,0,0,0,0,0,0,0,0,34,0,0,266,179,90,78,59,64,16,0,0,1500000US530530624003,530624003
721,0,0,0,0,0,0,0,0,0,0,0,0,0,0,43,171,35,58,105,45,235,29,0,0,1500000US530530624004,530624004
530,0,0,0,0,0,0,0,0,0,0,0,0,54,8,16,28,0,60,245,11,81,16,11,0,1500000US530530624005,530624005
840,0,0,0,0,0,0,0,0,0,0,0,0,0,0,116,171,25,147,134,92,107,48,0,0,1500000US530530625001,530625001
913,0,0,0,0,0,0,0,0,0,0,0,0,0,25,37,389,34,15,177,94,108,34,0,0,1500000US530530625002,530625002
405,0,0,0,0,0,0,0,0,0,47,0,16,0,0,0,46,0,12,123,20,115,26,0,0,1500000US530530625003,530625003
645,0,0,0,0,0,0,0,51,0,0,0,44,64,79,0,153,19,0,100,85,50,0,0,0,1500000US530530625004,530625004
1095,96,0,0,0,0,0,0,0,0,0,0,0,0,27,18,516,0,56,169,96,93,24,0,0,1500000US530530625005,530625005
593,12,0,0,0,0,0,0,0,17,0,0,22,12,18,0,259,0,34,66,78,48,27,0,0,1500000US530530625006,530625006
769,34,0,0,0,0,0,0,0,0,0,0,0,116,0,0,198,70,59,107,74,111,0,0,0,1500000US530530625007,530625007
725,0,0,0,0,0,0,0,0,0,0,0,5,16,17,0,195,60,60,138,65,148,21,0,0,1500000US530530626001,530626001
1418,0,0,0,0,0,0,0,0,0,0,19,8,22,39,51,337,23,155,434,119,186,25,0,0,1500000US530530626002,530626002
891,0,0,10,0,0,0,0,0,0,0,0,0,43,53,75,228,0,52,142,130,83,75,0,0,1500000US530530628011,530628011
1105,0,0,0,0,0,0,0,0,28,11,22,0,35,17,59,402,41,66,232,58,81,53,0,0,1500000US530530628012,530628012
1009,20,0,0,0,0,12,0,0,0,5,9,0,34,40,17,276,36,112,166,84,149,49,0,0,1500000US530530628013,530628013
702,0,0,0,0,0,0,0,0,0,0,0,16,0,54,0,151,38,53,75,212,88,15,0,0,1500000US530530628014,530628014
1136,26,0,0,0,0,0,0,0,0,2,0,0,35,31,74,250,74,102,175,86,197,66,18,0,1500000US530530628021,530628021
913,34,0,0,16,0,0,0,0,0,0,0,0,8,26,33,157,149,158,153,95,73,11,0,0,1500000US530530628022,530628022
732,0,0,0,0,0,0,0,0,0,0,0,0,0,0,24,168,75,46,119,56,112,58,60,14,1500000US530530628023,530628023
1296,46,0,0,0,0,0,0,0,25,0,24,16,0,34,27,166,131,117,360,84,244,10,0,12,1500000US530530629001,530629001
1060,38,0,0,0,0,44,0,0,43,0,15,0,14,61,16,120,81,124,230,79,128,49,0,18,1500000US530530629002,530629002
614,33,0,0,0,0,0,0,1,0,0,1,0,14,22,12,102,50,68,67,85,159,0,0,0,1500000US530530629003,530629003
692,0,0,0,13,0,0,0,0,0,0,0,0,15,28,0,169,36,139,146,76,12,58,0,0,1500000US530530629004,530629004
513,0,0,0,0,0,0,0,26,0,0,0,0,85,105,36,92,15,38,76,13,27,0,0,0,1500000US530530629005,530629005
569,0,0,0,10,0,0,0,11,10,0,48,0,0,0,31,171,81,25,85,38,23,0,0,36,1500000US530530629006,530629006
815,10,0,0,0,0,0,0,0,24,0,16,0,7,39,0,191,29,24,246,79,109,41,0,0,1500000US530530630001,530630001
1278,18,0,0,65,0,0,0,0,17,24,39,15,48,98,42,337,74,98,242,116,34,11,0,0,1500000US530530630002,530630002
530,10,0,0,0,0,0,0,0,0,0,0,64,20,0,0,138,43,58,100,54,22,21,0,0,1500000US530530631001,530631001
754,0,0,0,0,0,0,8,26,0,10,30,25,10,7,36,194,62,65,115,84,57,25,0,0,1500000US530530631002,530631002
472,10,0,0,0,0,0,0,0,0,8,0,0,21,0,25,164,15,70,47,29,66,17,0,0,1500000US530530631003,530631003
1027,57,0,0,0,0,0,0,0,0,0,9,44,8,8,26,298,41,85,250,46,126,29,0,0,1500000US530530631004,530631004
781,15,0,0,0,0,0,0,8,10,0,7,0,19,0,35,211,44,107,140,56,90,27,0,12,1500000US530530632001,530632001
1505,27,0,0,0,32,0,0,0,0,0,0,29,62,29,8,377,94,211,411,173,43,9,0,0,1500000US530530632002,530632002
472,0,0,0,0,0,0,0,0,3,0,27,4,12,0,4,175,9,42,68,41,87,0,0,0,1500000US530530632003,530632003
535,0,0,0,0,0,0,0,0,0,0,0,13,0,13,14,136,25,35,169,53,62,15,0,0,1500000US530530632004,530632004
604,2,0,0,0,0,0,0,0,0,0,0,7,19,2,24,241,106,94,9,14,56,30,0,0,1500000US530530632005,530632005
1101,70,0,0,0,0,8,18,18,52,16,0,130,0,5,15,349,21,131,92,74,46,56,0,0,1500000US530530633001,530633001
1740,15,0,0,0,0,20,0,12,62,29,6,12,55,22,58,460,118,189,389,115,108,70,0,0,1500000US530530633002,530633002
854,136,0,0,0,0,0,0,0,6,0,0,0,40,30,0,192,13,81,238,18,87,13,0,0,1500000US530530633003,530633003
713,0,0,0,0,0,0,0,0,0,18,0,103,0,0,0,30,18,72,121,73,250,28,0,0,1500000US530530633004,530633004
784,31,0,30,0,0,0,22,0,14,0,12,0,66,0,54,246,21,45,97,50,96,0,0,0,1500000US530530633005,530633005
562,13,0,0,8,0,0,0,0,0,0,0,51,20,14,15,219,15,28,32,15,76,56,0,0,1500000US530530634001,530634001
1483,21,0,0,0,0,0,0,0,0,0,0,13,0,0,49,636,101,79,240,208,119,17,0,0,1500000US530530634002,530634002
466,30,0,0,0,0,0,0,0,10,36,0,15,0,0,11,63,36,74,80,48,49,14,0,0,1500000US530530634003,530634003
508,11,0,0,0,0,0,0,0,0,0,1,0,53,17,0,129,33,29,49,106,63,17,0,0,1500000US530530634004,530634004
1053,0,0,0,0,0,0,0,0,0,0,4,4,50,74,28,298,83,87,275,27,114,9,0,0,1500000US530530634005,530634005
785,25,0,0,0,0,0,0,0,27,0,49,21,0,12,0,215,21,76,115,69,139,16,0,0,1500000US530530634006,530634006
491,35,0,0,0,0,0,0,0,0,0,0,8,0,0,10,106,87,108,88,0,10,28,11,0,1500000US530530635011,530635011
720,0,0,0,0,10,9,0,0,15,0,0,6,41,0,9,186,60,50,153,49,99,33,0,0,1500000US530530635012,530635012
847,14,0,0,0,0,0,0,0,0,0,8,1,0,25,13,276,22,45,103,146,132,51,11,0,1500000US530530635013,530635013
974,37,0,0,0,0,42,0,0,0,31,30,92,75,7,55,278,45,64,132,59,27,0,0,0,1500000US530530635014,530635014
855,40,0,0,0,0,0,18,0,28,0,0,13,7,0,30,219,101,27,68,99,160,13,0,32,1500000US530530635021,530635021
1642,10,0,0,0,0,0,0,19,4,0,8,0,97,63,78,504,160,178,214,76,202,19,10,0,1500000US530530635022,530635022
976,16,22,0,0,0,0,0,0,8,0,46,9,0,9,0,346,19,43,236,54,113,32,23,0,1500000US530530635023,530635023
509,21,0,0,0,0,0,0,1,16,2,16,2,3,2,3,111,8,62,98,36,123,3,0,2,1500000US530530701001,530701001
0,0,0,0,0,0,0,0,0,0,0,0,0,0,0,0,0,0,0,0,0,0,0,0,0,1500000US530530701002,530701002
986,0,0,0,0,0,0,0,0,0,0,8,0,35,63,24,190,59,77,138,109,194,72,0,17,1500000US530530701003,530701003
877,0,0,0,0,0,0,0,0,14,0,0,0,17,60,11,178,82,48,187,99,73,108,0,0,1500000US530530701004,530701004
1495,0,0,0,0,0,0,0,0,9,0,0,55,0,0,24,372,57,146,228,147,308,140,0,9,1500000US530530702031,530702031
1611,0,0,0,0,0,0,0,0,0,0,7,10,0,34,21,586,140,169,269,213,122,31,0,9,1500000US530530702032,530702032
459,15,0,0,0,0,0,0,0,10,0,0,10,44,18,0,76,39,72,91,11,36,26,0,11,1500000US530530702033,530702033
977,8,0,0,0,0,0,0,0,0,0,11,0,75,58,24,273,65,79,196,115,44,21,8,0,1500000US530530702041,530702041
1579,8,0,0,0,0,0,0,0,0,0,8,0,37,56,21,470,110,183,271,263,112,40,0,0,1500000US530530702042,530702042
1561,29,0,0,0,0,0,0,0,0,9,0,47,53,70,44,379,103,137,232,226,180,52,0,0,1500000US530530702051,530702051
660,0,0,0,0,0,6,0,0,0,17,17,6,11,15,0,236,5,56,105,11,140,34,0,1,1500000US530530702052,530702052
1091,0,0,0,0,0,0,0,0,0,0,2,4,25,25,32,348,56,103,176,158,105,46,9,2,1500000US530530702061,530702061
886,12,0,0,0,0,0,0,0,0,0,7,12,17,0,15,319,69,53,155,110,57,50,10,0,1500000US530530702062,530702062
745,0,0,0,0,0,0,0,0,0,0,4,27,9,7,26,235,147,55,93,76,48,11,7,0,1500000US530530702063,530702063
675,0,0,0,0,0,0,0,0,0,0,0,0,0,7,0,248,73,82,127,88,14,28,8,0,1500000US530530702071,530702071
918,0,0,0,0,0,0,0,0,0,0,0,0,0,0,9,242,47,178,181,48,136,70,0,7,1500000US530530702072,530702072
905,473,0,0,0,0,0,0,0,9,0,0,7,0,0,0,135,19,36,83,71,40,32,0,0,1500000US530530702073,530702073
917,0,0,0,0,0,0,0,0,0,0,0,0,27,12,9,355,12,29,249,95,84,22,23,0,1500000US530530702074,530702074
616,0,0,0,0,0,0,0,0,0,0,0,11,0,0,22,81,8,141,133,47,146,27,0,0,1500000US530530703071,530703071
1125,0,0,0,0,0,0,0,0,0,0,0,19,0,0,17,208,19,116,82,35,350,251,19,9,1500000US530530703072,530703072
1591,0,0,0,0,0,0,0,0,0,0,27,0,8,9,24,321,50,114,199,126,550,155,8,0,1500000US530530703073,530703073
1221,7,0,0,0,0,0,0,0,0,0,45,9,12,8,6,336,38,95,250,102,272,41,0,0,1500000US530530703081,530703081
1139,10,0,0,0,0,0,0,0,0,0,0,13,20,22,27,307,79,141,166,119,155,63,0,17,1500000US530530703082,530703082
831,0,0,0,0,0,0,0,0,0,0,0,0,0,32,0,311,15,70,181,89,80,37,16,0,1500000US530530703091,530703091
1297,0,0,0,0,0,0,0,0,0,0,0,68,0,0,0,356,66,195,169,72,221,120,30,0,1500000US530530703092,530703092
1431,14,0,0,0,0,0,0,0,0,0,0,0,16,67,15,300,85,184,370,126,183,58,0,13,1500000US530530703093,530703093
1293,11,0,0,0,0,0,0,0,0,0,18,10,0,0,24,438,46,88,213,186,191,62,6,0,1500000US530530703101,530703101
553,12,0,0,0,0,0,0,0,0,13,30,0,0,27,64,219,23,47,36,23,43,16,0,0,1500000US530530703102,530703102
1047,9,0,0,0,0,0,0,6,0,0,0,0,0,14,19,245,0,173,191,182,131,66,11,0,1500000US530530703103,530703103
384,0,0,0,0,0,0,0,0,0,0,0,0,59,26,0,134,42,11,82,19,5,6,0,0,1500000US530530703104,530703104
939,0,0,0,0,0,0,0,0,0,0,9,0,0,41,24,164,86,69,281,100,114,40,11,0,1500000US530530703111,530703111
971,0,0,0,0,0,0,0,0,0,0,0,0,0,11,7,341,22,108,256,126,79,15,6,0,1500000US530530703112,530703112
1043,18,0,0,0,34,0,0,35,48,0,0,0,0,8,38,227,37,87,224,74,156,36,10,11,1500000US530530703113,530703113
683,0,0,0,0,0,0,0,0,1,0,1,0,0,9,5,125,0,71,41,111,158,113,41,7,1500000US530530703121,530703121
1772,0,0,0,0,0,0,0,0,0,6,0,0,0,5,0,251,144,152,287,359,319,181,60,8,1500000US530530703122,530703122
816,0,0,0,0,0,0,0,0,0,0,8,0,7,7,29,193,62,120,170,71,112,16,14,7,1500000US530530703123,530703123
1084,0,0,0,0,0,0,0,0,0,0,0,0,0,0,15,345,39,64,279,73,142,83,30,14,1500000US530530703131,530703131
611,0,0,0,0,0,0,0,0,0,0,0,0,0,16,0,100,24,51,116,67,188,49,0,0,1500000US530530703132,530703132
1061,13,0,0,0,0,0,0,0,0,0,20,0,68,20,27,206,80,142,135,130,125,81,14,0,1500000US530530703133,530703133
453,0,0,0,0,0,0,0,0,0,0,0,0,0,0,0,168,22,69,87,45,51,11,0,0,1500000US530530703134,530703134
757,0,0,0,0,0,0,0,0,0,0,0,13,0,0,0,292,22,75,112,75,118,40,0,10,1500000US530530703135,530703135
1332,0,0,0,0,0,0,0,0,0,0,0,0,45,18,14,292,33,76,278,89,405,66,16,0,1500000US530530703141,530703141
980,0,0,0,0,0,0,0,0,0,0,0,0,0,66,31,207,57,65,98,145,216,70,25,0,1500000US530530703142,530703142
1199,0,0,0,0,0,0,0,0,10,0,30,0,0,0,12,320,29,59,227,137,285,71,10,9,1500000US530530703151,530703151
911,9,0,0,0,0,0,0,0,0,0,0,0,9,0,0,114,55,80,181,59,261,108,35,0,1500000US530530703152,530703152
1166,11,0,0,0,0,0,0,0,0,0,12,0,18,8,10,108,18,46,153,139,428,198,17,0,1500000US530530703153,530703153
428,0,0,0,0,0,0,0,0,0,0,0,0,0,0,13,80,0,0,162,92,35,8,0,38,1500000US530530703154,530703154
1095,0,0,0,0,0,0,0,0,0,0,0,0,0,0,0,153,77,162,120,174,370,39,0,0,1500000US530530703161,530703161
2751,0,0,0,0,0,0,0,0,0,0,0,0,0,20,0,548,36,163,395,456,716,358,32,27,1500000US530530703162,530703162
977,4,0,0,0,0,0,0,0,9,0,0,90,4,22,11,172,69,106,235,91,122,38,0,4,1500000US530530704011,530704011
529,8,0,0,0,0,0,0,0,7,16,0,10,0,4,0,146,28,61,76,78,59,24,7,5,1500000US530530704012,530704012
718,0,0,0,0,0,22,0,0,0,5,0,14,22,11,23,228,54,57,152,23,76,24,7,0,1500000US530530704031,530704031
458,0,0,0,0,0,0,0,0,0,0,7,0,48,42,0,101,32,60,96,29,43,0,0,0,1500000US530530704032,530704032
1442,8,0,0,0,0,0,0,0,0,0,25,0,18,47,42,462,96,168,264,172,83,57,0,0,1500000US530530704033,530704033
1505,0,0,21,0,0,0,0,0,10,0,0,10,0,58,40,455,73,102,318,120,206,20,37,35,1500000US530530704041,530704041
1393,12,0,0,0,0,0,0,0,0,0,0,22,0,9,37,374,46,124,190,152,197,198,13,19,1500000US530530704042,530704042
636,0,0,0,3,0,0,0,0,0,0,0,4,25,2,26,152,31,94,126,40,95,23,15,0,1500000US530530707031,530707031
1149,0,0,0,0,0,0,0,0,3,0,0,1,18,0,25,338,97,78,278,118,99,80,0,14,1500000US530530707032,530707032
1166,0,0,15,0,0,0,0,0,0,0,0,0,58,0,30,420,20,73,212,111,213,0,0,14,1500000US530530707033,530707033
615,0,0,0,0,0,0,0,0,0,0,0,0,0,2,6,192,49,45,107,107,39,24,34,10,1500000US530530707034,530707034
597,19,0,0,0,0,0,0,0,0,0,0,0,0,0,0,137,5,37,199,22,122,56,0,0,1500000US530530707035,530707035
991,4,0,0,0,0,0,0,0,20,0,27,9,58,20,11,242,31,70,188,140,111,17,9,34,1500000US530530711001,530711001
636,9,0,0,0,0,0,0,0,0,4,3,13,14,18,0,154,13,70,101,58,83,67,22,7,1500000US530530711002,530711002
1386,18,0,0,0,0,0,0,0,2,0,0,0,11,51,21,314,1,102,195,118,365,137,25,26,1500000US530530712051,530712051
2228,25,0,0,0,0,0,0,36,0,0,13,17,0,16,60,564,78,192,429,168,453,141,23,13,1500000US530530712052,530712052
614,0,0,0,0,0,0,0,0,0,0,0,0,0,0,13,102,27,68,145,70,137,32,20,0,1500000US530530712061,530712061
677,0,0,0,0,0,0,0,0,0,0,0,0,43,0,32,172,41,45,130,81,122,0,11,0,1500000US530530712062,530712062
1244,14,0,0,0,0,0,0,0,0,0,14,17,19,20,40,282,155,75,302,138,168,0,0,0,1500000US530530712063,530712063
1825,66,0,0,0,0,0,0,0,0,0,52,0,14,11,0,665,175,77,206,93,311,109,12,34,1500000US530530712064,530712064
770,0,0,0,0,0,0,0,0,21,0,0,15,2,28,0,166,67,113,97,98,112,51,0,0,1500000US530530712071,530712071
1632,0,0,0,0,0,0,8,0,0,0,0,0,0,70,0,331,111,106,376,298,249,73,10,0,1500000US530530712072,530712072
1263,37,0,0,0,0,0,0,0,0,0,11,0,27,0,26,286,81,132,307,179,152,25,0,0,1500000US530530712073,530712073
1281,0,0,0,0,0,0,0,0,0,0,0,21,14,57,34,383,157,172,171,114,114,27,0,17,1500000US530530712081,530712081
1622,0,0,0,0,0,0,0,17,0,0,0,19,69,25,14,492,29,224,269,227,112,86,0,39,1500000US530530712082,530712082
1992,43,0,0,0,0,0,0,44,0,0,0,0,18,0,31,265,107,130,524,252,323,137,72,46,1500000US530530712083,530712083
1509,0,0,0,0,0,0,0,0,0,0,0,7,8,18,34,226,26,176,241,244,334,157,27,11,1500000US530530712091,530712091
588,0,0,0,0,0,0,0,0,0,0,0,0,0,22,17,219,57,46,75,59,59,30,4,0,1500000US530530712092,530712092
618,9,0,0,0,0,0,0,0,0,0,0,0,0,0,0,118,25,72,36,25,147,159,27,0,1500000US530530712093,530712093
494,0,0,0,0,0,0,0,0,32,0,0,0,0,0,20,109,45,122,104,12,35,6,9,0,1500000US530530712101,530712101
810,0,0,0,0,0,0,0,0,0,0,0,0,0,6,16,156,16,78,76,115,224,73,50,0,1500000US530530712102,530712102
1846,6,0,0,0,0,0,0,0,0,0,9,0,9,20,25,341,33,179,309,217,453,119,93,33,1500000US530530712103,530712103
1211,35,0,0,0,0,0,0,0,41,3,0,12,0,41,0,386,82,132,156,184,89,38,0,12,1500000US530530713041,530713041
2129,0,0,0,0,0,0,0,0,0,0,0,0,22,25,28,684,121,198,218,379,364,59,0,31,1500000US530530713042,530713042
638,12,0,0,0,0,0,0,0,0,0,0,0,0,12,30,105,85,144,82,66,49,38,15,0,1500000US530530713043,530713043
1424,30,0,0,0,0,0,19,0,0,26,31,33,26,23,28,456,56,114,249,142,112,52,10,17,1500000US530530713051,530713051
1213,0,0,0,0,0,0,0,5,0,11,0,0,23,17,0,452,68,102,238,111,116,60,10,0,1500000US530530713052,530713052
766,0,0,0,0,0,0,0,0,0,0,0,0,0,0,25,247,48,83,195,66,0,102,0,0,1500000US530530713061,530713061
1247,22,0,0,0,0,0,0,0,0,0,0,0,0,0,51,326,81,70,140,148,284,46,35,44,1500000US530530713062,530713062
1748,0,0,0,0,14,0,0,0,0,0,0,12,54,0,92,363,216,166,477,116,197,22,11,8,1500000US530530713063,530713063
720,17,0,0,0,0,0,0,0,0,0,0,0,0,0,11,211,14,69,105,130,96,58,9,0,1500000US530530713064,530713064
1033,0,0,0,0,0,0,0,0,0,0,0,0,0,0,0,334,44,125,256,127,125,22,0,0,1500000US530530713071,530713071
607,0,0,0,0,0,0,0,0,0,0,0,0,0,0,11,186,79,45,117,47,105,7,10,0,1500000US530530713072,530713072
1337,0,0,0,0,0,0,0,8,0,0,0,0,0,15,26,348,69,209,215,149,235,43,20,0,1500000US530530713073,530713073
820,22,0,0,0,0,0,0,0,0,0,9,0,8,8,9,151,166,100,114,106,107,20,0,0,1500000US530530713091,530713091
897,0,0,0,0,0,0,0,0,0,0,0,0,0,23,16,292,39,103,195,78,126,0,6,19,1500000US530530713092,530713092
807,0,0,0,0,0,0,0,0,0,0,0,0,0,0,0,124,44,76,165,115,209,67,7,0,1500000US530530713093,530713093
1367,5,0,0,0,0,0,0,0,0,0,0,9,9,0,8,328,106,62,440,154,150,89,7,0,1500000US530530713101,530713101
2070,7,0,0,0,0,0,0,0,3,0,0,27,7,58,19,333,129,241,398,237,421,153,37,0,1500000US530530713102,530713102
1333,7,0,0,0,0,0,0,0,0,0,27,28,19,33,9,301,95,73,293,235,94,119,0,0,1500000US530530714031,530714031
532,10,0,0,0,0,0,0,0,0,0,0,19,16,35,25,129,43,78,65,42,43,21,0,6,1500000US530530714032,530714032
1001,0,0,0,0,0,0,0,0,6,1,15,18,19,50,14,355,116,113,161,42,69,13,0,9,1500000US530530714033,530714033
2048,0,0,0,0,0,0,0,0,0,3,0,49,0,55,0,545,16,156,387,538,227,34,18,20,1500000US530530714061,530714061
926,12,0,0,0,0,0,0,0,0,0,31,16,11,10,38,225,46,88,189,113,127,0,20,0,1500000US530530714062,530714062
379,0,0,0,0,0,0,0,0,0,0,22,0,0,0,42,89,17,32,122,13,33,9,0,0,1500000US530530714063,530714063
1414,0,0,0,0,0,0,0,0,0,18,10,56,0,12,36,321,179,42,341,199,163,37,0,0,1500000US530530714064,530714064
923,32,0,12,0,0,0,0,0,0,0,0,0,0,41,0,316,43,48,201,93,34,103,0,0,1500000US530530714071,530714071
1479,0,0,0,0,0,0,0,0,54,0,0,0,29,0,45,528,121,71,351,63,174,17,11,15,1500000US530530714072,530714072
896,0,0,0,0,0,0,0,0,0,0,0,0,39,17,19,253,12,48,170,186,72,80,0,0,1500000US530530714073,530714073
970,0,0,0,0,0,0,0,0,0,0,0,0,9,0,0,190,48,85,301,125,112,57,33,10,1500000US530530714074,530714074
1236,13,0,0,0,0,0,0,0,0,0,0,19,22,85,29,413,19,78,230,176,107,34,11,0,1500000US530530714081,530714081
880,23,0,0,0,0,0,0,0,0,0,0,9,19,43,45,360,27,48,190,61,34,21,0,0,1500000US530530714082,530714082
494,13,0,0,0,0,0,0,0,0,0,0,0,8,23,0,150,28,52,129,40,37,14,0,0,1500000US530530714083,530714083
770,7,0,0,0,0,0,0,0,0,0,8,0,28,33,14,277,46,26,229,66,36,0,0,0,1500000US530530714091,530714091
524,0,0,0,0,0,0,0,0,0,0,0,0,26,1,8,225,57,7,166,27,7,0,0,0,1500000US530530714092,530714092
849,0,0,0,0,0,0,0,0,0,0,0,21,18,16,31,195,35,88,135,178,91,16,7,18,1500000US530530714093,530714093
504,19,0,0,0,0,0,0,0,0,72,0,0,40,0,0,63,56,23,210,21,0,0,0,0,1500000US530530714094,530714094
828,0,0,0,0,0,0,0,0,23,0,0,0,0,35,0,442,24,59,92,40,113,0,0,0,1500000US530530714101,530714101
933,58,0,0,0,0,0,0,0,0,0,16,59,20,0,54,253,28,51,197,114,64,19,0,0,1500000US530530714102,530714102
1431,0,0,0,0,0,0,0,0,27,0,15,0,48,38,67,451,25,179,295,193,40,53,0,0,1500000US530530714103,530714103
1123,0,0,0,0,0,0,0,0,0,0,24,0,0,0,30,330,13,179,208,138,137,43,0,21,1500000US530530714104,530714104
1279,40,0,0,0,0,0,0,0,0,0,0,0,35,85,0,339,33,77,229,246,155,40,0,0,1500000US530530714111,530714111
778,11,0,0,0,0,40,0,0,0,0,54,0,8,7,30,282,45,104,109,37,42,9,0,0,1500000US530530714112,530714112
1015,8,0,0,0,0,0,0,0,0,0,0,2,20,12,29,296,101,56,102,190,157,42,0,0,1500000US530530714113,530714113
1031,15,0,0,0,0,0,0,7,0,0,9,8,7,8,57,141,159,226,136,69,127,62,0,0,1500000US530530715031,530715031
1112,0,0,0,0,0,0,0,0,90,0,2,76,1,0,76,451,185,70,42,28,65,26,0,0,1500000US530530715032,530715032
510,44,0,0,0,0,0,0,0,0,0,14,0,0,16,0,232,42,0,59,54,25,24,0,0,1500000US530530715033,530715033
964,0,0,0,0,0,0,0,0,0,0,0,8,33,0,40,163,5,111,199,128,212,55,10,0,1500000US530530715034,530715034
885,9,0,0,0,0,0,0,0,9,0,0,9,11,31,30,272,77,59,151,104,75,32,0,16,1500000US530530715041,530715041
490,0,0,0,0,0,0,0,0,0,0,8,0,0,87,0,85,56,54,72,18,57,34,0,19,1500000US530530715042,530715042
603,9,0,0,0,0,0,0,0,0,2,0,0,2,6,8,251,50,9,103,117,33,8,5,0,1500000US530530715043,530715043
564,9,0,0,0,0,0,0,0,0,0,0,0,80,6,0,174,37,0,94,101,48,15,0,0,1500000US530530715044,530715044
1101,29,0,0,0,0,0,0,0,8,10,0,11,14,0,14,460,36,149,137,48,133,36,16,0,1500000US530530715051,530715051
637,38,0,0,0,0,0,0,0,0,0,10,0,0,25,14,112,70,39,149,70,66,44,0,0,1500000US530530715052,530715052
744,0,0,0,0,0,0,0,0,0,0,0,0,0,8,17,212,141,66,152,100,26,14,8,0,1500000US530530715053,530715053
1089,13,0,0,0,7,0,0,0,0,18,57,25,60,33,56,339,43,38,165,136,92,7,0,0,1500000US530530715054,530715054
851,9,0,0,0,0,0,0,0,0,10,11,8,15,29,0,270,17,42,169,146,46,71,8,0,1500000US530530715061,530715061
1453,9,0,0,0,0,0,0,0,0,0,0,16,7,119,72,326,64,130,213,257,174,15,35,16,1500000US530530715062,530715062
1261,0,0,0,0,0,0,0,0,0,0,0,7,0,0,44,462,36,115,273,140,97,87,0,0,1500000US530530715063,530715063
1999,29,0,0,0,0,0,24,7,86,10,47,103,37,46,79,478,205,152,304,156,181,35,0,20,1500000US530530716011,530716011
923,5,0,0,0,0,8,7,0,7,0,14,57,16,15,0,275,67,81,158,59,142,11,0,1,1500000US530530716012,530716012
1181,19,0,0,0,0,0,0,0,0,0,0,0,0,15,15,243,94,46,271,245,184,49,0,0,1500000US530530716021,530716021
987,0,0,0,0,0,0,0,0,12,0,15,0,53,14,14,406,22,60,163,81,147,0,0,0,1500000US530530716022,530716022
1366,0,0,0,0,0,0,0,0,0,0,0,0,49,69,56,467,67,0,264,167,182,45,0,0,1500000US530530716023,530716023
700,0,0,0,0,0,0,0,0,0,0,0,0,0,56,35,194,10,42,130,112,110,11,0,0,1500000US530530716024,530716024
1453,43,0,0,0,0,0,0,0,42,44,17,20,23,40,22,365,81,112,347,153,112,32,0,0,1500000US530530717031,530717031
858,25,0,0,0,0,0,0,0,9,5,0,8,29,8,29,344,44,75,117,59,85,21,0,0,1500000US530530717032,530717032
1196,6,0,0,0,0,0,23,27,88,23,0,104,65,38,46,357,59,69,161,35,72,8,0,15,1500000US530530717041,530717041
776,0,0,0,0,0,0,0,0,0,0,9,66,0,32,44,146,64,72,250,33,53,7,0,0,1500000US530530717042,530717042
436,18,0,0,0,0,0,0,0,10,0,0,30,8,0,14,103,30,41,79,40,53,10,0,0,1500000US530530717043,530717043
847,59,0,0,0,6,0,0,19,7,44,5,47,0,57,31,161,48,76,114,118,42,13,0,0,1500000US530530717051,530717051
926,9,0,0,8,0,0,0,0,13,0,57,24,0,10,47,274,119,59,121,80,78,27,0,0,1500000US530530717052,530717052
625,0,0,0,0,0,0,0,0,0,0,0,0,0,14,9,106,33,96,125,169,43,30,0,0,1500000US530530717053,530717053
1144,16,0,0,0,0,0,0,10,31,0,26,11,42,18,13,302,147,70,147,135,170,6,0,0,1500000US530530717061,530717061
539,0,0,0,0,0,0,0,0,7,0,0,0,0,8,8,181,0,67,69,73,102,24,0,0,1500000US530530717071,530717071
474,0,0,0,0,0,0,0,0,0,0,0,0,0,0,18,166,88,23,89,49,41,0,0,0,1500000US530530717072,530717072
821,71,0,0,0,0,0,0,0,15,0,22,28,35,53,29,320,27,22,112,62,18,0,7,0,1500000US530530717073,530717073
1115,0,0,0,0,0,0,0,0,13,0,0,0,4,80,0,205,0,123,205,197,189,31,14,54,1500000US530530718031,530718031
1625,7,0,0,0,0,0,0,0,0,0,26,10,14,0,34,486,70,94,369,200,194,104,17,0,1500000US530530718032,530718032
456,0,0,0,0,0,0,0,0,0,0,0,0,0,30,0,89,19,50,173,69,21,5,0,0,1500000US530530718033,530718033
431,22,0,0,0,31,0,0,0,30,0,0,0,0,11,0,53,30,49,142,16,35,12,0,0,1500000US530530718034,530718034
625,0,0,0,0,12,0,0,0,10,0,0,0,0,44,36,233,57,18,106,59,50,0,0,0,1500000US530530718051,530718051
1017,10,0,0,0,0,0,0,0,7,9,0,37,8,49,54,288,98,44,199,133,62,19,0,0,1500000US530530718052,530718052
1124,66,0,0,0,0,0,0,0,1,0,8,27,13,73,55,333,81,95,286,22,54,10,0,0,1500000US530530718053,530718053
1372,6,0,0,16,0,0,0,15,54,0,85,62,0,43,32,382,88,187,219,111,42,12,11,7,1500000US530530718061,530718061
901,21,0,0,0,0,0,0,0,15,19,11,25,38,54,24,258,84,16,196,40,61,24,0,15,1500000US530530718062,530718062
1020,10,0,0,0,0,0,0,0,0,0,0,7,8,35,38,208,58,197,252,104,27,76,0,0,1500000US530530718071,530718071
1265,31,0,0,0,9,0,0,6,0,18,10,13,0,25,28,415,103,137,230,71,155,14,0,0,1500000US530530718072,530718072
838,0,20,0,0,0,0,0,0,23,12,78,0,11,51,48,264,30,86,151,7,37,20,0,0,1500000US530530718081,530718081
1409,108,0,0,0,0,0,0,0,31,119,16,0,0,52,116,253,103,50,264,118,153,10,8,8,1500000US530530718082,530718082
353,0,0,0,0,0,0,0,0,0,0,0,20,23,38,9,66,48,41,41,35,0,16,8,8,1500000US530530718083,530718083
1133,22,0,0,0,0,0,0,0,12,0,13,53,0,82,20,142,114,137,257,167,99,15,0,0,1500000US530530719011,530719011
551,0,0,0,0,0,0,0,0,11,0,0,0,0,0,10,129,47,25,97,110,91,31,0,0,1500000US530530719012,530719012
793,11,0,0,0,0,0,0,0,0,0,0,0,0,0,19,226,25,33,175,113,106,69,16,0,1500000US530530719013,530719013
1088,20,0,0,0,0,0,0,0,3,0,12,0,28,0,0,273,88,88,170,95,145,119,31,16,1500000US530530719014,530719014
1183,0,0,0,0,0,0,0,0,0,0,0,42,61,0,0,194,68,66,297,98,226,114,17,0,1500000US530530719021,530719021
713,0,0,0,0,0,0,0,0,0,0,0,0,27,0,0,172,28,184,165,37,48,52,0,0,1500000US530530719022,530719022
905,0,0,0,0,0,0,0,0,0,0,0,0,0,0,0,59,54,81,233,242,103,96,37,0,1500000US530530719023,530719023
430,0,0,0,0,0,0,0,0,0,0,0,0,0,0,0,7,12,25,101,35,179,45,26,0,1500000US530530719024,530719024
745,0,0,0,0,0,0,0,19,0,0,0,0,0,0,11,75,20,8,81,15,320,110,74,12,1500000US530530719025,530719025
760,0,0,10,0,0,0,0,76,0,97,40,0,0,26,10,162,37,0,206,64,18,14,0,0,1500000US530530720001,530720001
815,0,0,0,0,0,0,0,0,0,0,10,0,44,43,54,73,22,89,315,92,44,29,0,0,1500000US530530720002,530720002
538,0,0,0,0,0,0,0,0,1,15,23,0,5,9,0,98,29,106,105,78,63,0,0,6,1500000US530530720003,530720003
426,0,0,0,0,0,0,0,0,43,0,0,6,11,0,4,137,16,39,81,39,38,12,0,0,1500000US530530720004,530720004
863,0,0,0,0,0,0,0,0,0,0,0,19,0,0,0,149,13,150,69,108,232,68,55,0,1500000US530530721051,530721051
1328,0,0,0,0,0,0,0,0,0,0,11,0,8,0,10,258,67,91,275,76,331,158,0,43,1500000US530530721052,530721052
696,43,0,0,0,0,0,0,26,8,7,16,50,11,58,61,157,50,12,111,28,55,3,0,0,1500000US530530721053,530721053
1322,8,0,0,0,0,0,12,0,20,11,0,0,12,12,29,183,67,148,274,242,184,82,29,9,1500000US530530721054,530721054
706,0,0,0,0,0,0,0,0,0,0,0,0,0,0,10,174,0,42,294,84,50,20,32,0,1500000US530530721061,530721061
1176,0,0,19,0,0,0,0,0,0,0,0,20,0,0,17,286,71,141,185,207,177,28,12,13,1500000US530530721062,530721062
1483,0,0,0,0,0,0,0,30,15,0,0,0,22,22,47,262,139,169,254,180,189,109,19,26,1500000US530530721063,530721063
1143,15,0,0,0,0,0,0,0,0,0,0,7,0,0,0,313,11,246,107,232,139,60,0,13,1500000US530530721064,530721064
849,10,0,0,0,0,0,0,0,0,0,0,1,7,9,0,313,36,102,130,78,126,37,0,0,1500000US530530721071,530721071
1119,7,0,0,0,0,0,0,0,0,0,0,0,0,0,9,182,34,106,305,159,208,95,14,0,1500000US530530721072,530721072
634,14,0,0,0,0,0,0,0,0,0,12,0,0,9,22,197,30,115,80,56,48,42,0,9,1500000US530530721073,530721073
436,0,0,0,0,9,0,0,0,0,0,0,10,0,35,10,58,18,38,25,46,167,20,0,0,1500000US530530721074,530721074
589,54,0,0,0,0,0,0,0,0,0,0,0,12,0,20,174,0,68,197,18,22,14,10,0,1500000US530530721081,530721081
664,15,0,0,0,0,0,0,0,0,0,0,34,0,4,51,157,46,31,59,63,122,82,0,0,1500000US530530721082,530721082
437,0,0,0,0,0,0,0,0,0,0,17,0,0,31,0,203,9,0,80,11,62,24,0,0,1500000US530530721083,530721083
1319,0,0,0,0,0,0,0,0,0,0,32,29,35,0,27,202,54,192,290,102,276,59,21,0,1500000US530530721084,530721084
848,0,0,0,0,0,0,0,0,0,0,67,15,14,0,0,97,51,160,168,145,98,33,0,0,1500000US530530721085,530721085
1150,0,0,0,0,0,0,0,0,0,0,0,0,0,0,21,103,52,35,257,97,299,207,64,15,1500000US530530721091,530721091
1289,33,0,0,0,0,0,0,0,0,0,0,0,0,10,9,200,37,84,242,162,279,158,53,22,1500000US530530721092,530721092
1124,22,0,0,0,0,0,0,0,0,11,15,0,9,0,0,268,22,89,187,161,228,78,25,9,1500000US530530721111,530721111
716,10,0,0,0,0,0,0,0,0,0,0,7,0,8,16,109,19,25,184,78,171,49,40,0,1500000US530530721112,530721112
1362,7,0,0,0,0,0,0,0,8,39,0,8,0,38,15,314,31,207,216,215,176,63,25,0,1500000US530530721121,530721121
808,0,0,0,0,0,0,0,0,0,0,22,0,0,0,32,209,26,97,227,109,86,0,0,0,1500000US530530721122,530721122
751,14,0,0,0,0,0,0,0,0,0,0,1,8,9,0,157,39,113,222,41,132,14,1,0,1500000US530530721123,530721123
834,0,0,0,0,0,0,0,0,0,0,0,0,0,0,0,145,13,59,245,0,282,90,0,0,1500000US530530723051,530723051
573,0,0,0,0,0,0,0,0,0,0,0,0,0,14,0,43,74,74,148,50,115,43,12,0,1500000US530530723052,530723052
627,0,0,0,0,0,0,0,0,0,0,0,0,19,0,19,66,43,22,186,46,134,71,0,21,1500000US530530723053,530723053
562,0,0,0,0,0,0,0,0,0,0,0,0,0,0,0,62,19,58,131,30,205,30,0,27,1500000US530530723054,530723054
1033,0,0,0,0,0,0,0,0,0,17,15,0,0,14,14,181,62,50,266,76,142,85,111,0,1500000US530530723055,530723055
461,0,0,0,0,0,0,0,0,0,0,0,16,24,0,0,16,16,27,55,73,146,88,0,0,1500000US530530723056,530723056
1163,6,0,0,0,0,0,0,11,0,0,0,29,0,14,17,168,125,98,352,166,100,51,11,15,1500000US530530723071,530723071
496,0,0,0,0,0,0,0,0,0,0,0,2,0,2,0,93,0,27,116,14,180,35,27,0,1500000US530530723072,530723072
537,0,0,0,0,0,0,0,0,0,0,0,0,0,0,10,84,0,77,123,45,165,21,0,12,1500000US530530723073,530723073
680,0,0,0,0,0,0,0,0,6,0,0,0,0,0,10,55,23,70,166,75,156,78,26,15,1500000US530530723074,530723074
938,0,0,0,0,0,0,0,0,0,0,0,0,0,73,0,63,80,30,221,159,177,89,46,0,1500000US530530723081,530723081
1155,15,0,0,0,0,0,0,0,0,0,0,0,1,0,10,131,0,121,103,175,342,165,92,0,1500000US530530723082,530723082
785,0,0,0,0,0,0,0,0,0,0,0,0,14,0,0,217,28,29,119,130,119,43,15,71,1500000US530530723083,530723083
742,14,0,0,0,0,0,0,0,0,0,0,0,0,0,117,49,42,110,162,53,157,22,16,0,1500000US530530723084,530723084
1138,0,0,0,0,0,0,0,0,0,0,0,5,5,0,17,132,37,86,153,236,335,41,15,76,1500000US530530723085,530723085
1096,0,0,0,0,10,0,0,0,0,0,0,0,0,0,0,324,0,91,62,132,283,113,70,11,1500000US530530723091,530723091
1221,13,0,0,0,0,0,0,0,0,0,0,0,0,0,13,358,38,23,222,217,236,42,42,17,1500000US530530723092,530723092
788,0,0,0,0,0,0,0,0,0,0,0,17,16,0,0,183,15,66,137,45,206,35,0,68,1500000US530530723093,530723093
636,0,0,0,0,0,0,0,0,0,0,0,0,8,0,0,67,0,41,230,39,148,63,27,13,1500000US530530723094,530723094
971,0,0,0,0,0,0,0,0,0,0,0,0,9,0,18,130,10,52,163,164,359,58,8,0,1500000US530530723101,530723101
394,8,0,0,0,0,0,0,0,0,0,0,0,9,42,11,94,31,30,75,0,66,20,0,8,1500000US530530723102,530723102
1180,0,0,0,0,0,0,0,0,3,0,0,0,16,9,11,232,43,96,321,96,161,160,10,22,1500000US530530723103,530723103
907,23,0,0,0,0,0,0,0,0,0,16,0,0,6,12,133,28,111,211,145,189,27,0,6,1500000US530530723111,530723111
679,0,0,0,0,0,0,0,0,0,0,0,0,6,33,15,73,64,80,164,95,140,9,0,0,1500000US530530723112,530723112
1218,51,0,0,0,0,0,0,0,0,0,0,0,0,68,0,284,36,79,227,106,251,108,0,8,1500000US530530723113,530723113
1618,49,0,0,0,0,0,0,0,0,0,0,0,0,0,0,156,0,56,285,259,513,247,20,33,1500000US530530723121,530723121
973,0,0,0,0,0,0,0,0,0,0,0,19,0,0,0,216,138,258,62,88,111,81,0,0,1500000US530530723122,530723122
966,0,0,0,0,0,0,0,0,0,0,0,25,30,2,59,596,43,3,79,72,54,0,3,0,1500000US530530723123,530723123
1329,0,0,0,0,0,0,0,0,0,0,10,6,0,17,0,168,22,89,136,246,345,171,98,21,1500000US530530723131,530723131
1204,7,0,0,0,0,0,0,0,27,0,0,0,0,0,34,247,27,42,183,181,343,96,0,17,1500000US530530723132,530723132
1338,0,0,0,0,0,0,0,0,10,0,0,11,8,8,0,161,37,63,172,84,401,222,125,36,1500000US530530724051,530724051
1620,0,0,0,0,0,0,0,0,0,0,0,0,0,0,0,80,54,102,434,170,468,204,76,32,1500000US530530724052,530724052
1539,12,0,0,0,0,0,0,0,0,0,0,0,17,0,52,222,65,63,358,97,448,118,57,30,1500000US530530724061,530724061
1208,0,0,0,0,0,0,0,0,0,0,0,0,0,62,0,259,15,103,248,128,215,96,13,69,1500000US530530724062,530724062
1354,0,0,0,0,0,0,0,0,0,0,0,14,0,14,17,298,41,128,103,133,317,194,82,13,1500000US530530724063,530724063
1149,0,0,0,0,0,0,0,0,0,0,21,0,0,77,13,296,4,55,242,63,333,29,0,16,1500000US530530724071,530724071
1241,0,0,0,0,0,0,0,0,0,0,0,0,0,0,19,123,12,28,209,60,385,207,161,37,1500000US530530724072,530724072
788,0,0,0,0,0,0,0,0,0,0,6,11,20,10,0,168,12,72,110,105,134,66,63,11,1500000US530530724073,530724073
1014,0,0,0,0,0,0,0,0,23,0,0,0,0,0,0,161,24,103,127,86,233,179,39,39,1500000US530530724081,530724081
1575,0,0,0,0,0,0,0,0,0,17,0,0,5,20,34,284,28,151,333,81,310,251,61,0,1500000US530530724082,530724082
844,0,0,0,0,0,0,0,0,0,0,0,0,0,0,0,130,11,103,76,40,214,178,21,71,1500000US530530724083,530724083
1074,0,0,0,0,0,0,0,0,0,0,0,0,0,0,0,128,12,32,248,72,350,99,58,75,1500000US530530724084,530724084
980,0,0,0,0,0,0,0,0,0,0,13,0,0,0,0,149,25,73,162,77,256,175,39,11,1500000US530530724091,530724091
845,13,0,0,0,0,0,0,0,0,0,0,0,0,7,0,100,14,44,162,105,275,98,23,4,1500000US530530724092,530724092
1406,0,0,0,0,0,0,0,0,0,0,0,17,0,0,9,146,49,80,215,103,497,198,62,30,1500000US530530724101,530724101
1210,0,0,0,0,0,0,0,0,0,0,0,0,7,0,0,135,11,92,235,102,369,199,26,34,1500000US530530724102,530724102
1244,15,0,0,0,0,0,0,0,0,0,0,7,11,19,24,312,35,102,247,99,251,114,8,0,1500000US530530725031,530725031
1979,0,0,0,0,0,6,0,0,0,0,0,0,7,48,0,471,55,122,434,142,456,136,66,36,1500000US530530725032,530725032
1445,0,0,0,0,0,0,0,0,0,0,0,0,0,26,7,110,12,144,307,122,357,271,49,40,1500000US530530725041,530725041
2380,11,0,0,0,0,11,0,0,17,9,8,71,9,134,7,342,231,197,473,213,472,159,16,0,1500000US530530725042,530725042
901,0,0,0,0,0,0,0,0,0,0,0,14,0,0,18,129,3,99,134,170,250,41,28,15,1500000US530530725051,530725051
1154,0,0,0,0,0,0,0,0,0,0,0,0,0,0,13,230,16,160,157,160,330,57,31,0,1500000US530530725052,530725052
2242,34,0,0,0,0,0,0,0,0,0,40,0,0,0,14,330,0,98,269,413,532,247,131,134,1500000US530530725053,530725053
804,22,0,0,0,0,0,0,9,9,0,0,24,0,0,0,96,30,88,216,64,210,20,16,0,1500000US530530725054,530725054
780,0,0,0,0,0,0,0,0,0,0,13,11,21,5,15,207,0,63,114,40,106,152,33,0,1500000US530530725061,530725061
1662,0,0,0,0,0,0,0,0,1,1,1,14,0,0,11,175,66,113,225,126,482,339,82,26,1500000US530530725062,530725062
715,0,0,0,0,0,0,0,0,0,0,0,0,0,0,9,69,11,14,85,17,232,197,68,13,1500000US530530725071,530725071
1407,0,0,0,0,0,0,0,0,13,0,0,13,0,0,11,155,39,196,201,103,456,181,25,14,1500000US530530725072,530725072
1728,0,0,0,0,0,0,0,0,0,0,0,0,58,45,30,431,82,154,421,221,160,126,0,0,1500000US530530726011,530726011
942,0,0,0,0,0,0,0,0,0,0,9,34,20,9,48,215,40,63,209,38,153,87,9,8,1500000US530530726012,530726012
1077,0,0,0,0,0,0,0,0,0,0,9,29,0,27,9,240,76,136,237,112,183,19,0,0,1500000US530530726013,530726013
761,0,0,0,0,0,0,0,0,0,0,14,0,0,31,34,122,8,80,183,90,119,54,21,5,1500000US530530726021,530726021
1137,0,0,0,0,0,0,2,0,0,0,25,59,0,37,37,118,63,42,322,106,243,66,0,17,1500000US530530726022,530726022
1051,0,0,0,0,0,0,0,0,0,0,0,0,25,0,37,219,68,73,248,69,184,14,77,37,1500000US530530726023,530726023
589,15,0,0,0,0,0,0,0,0,0,0,0,14,14,28,109,0,28,115,96,127,29,14,0,1500000US530530726031,530726031
576,0,0,0,0,0,0,0,0,0,0,0,14,0,0,14,132,38,46,147,67,72,46,0,0,1500000US530530726032,530726032
965,0,0,0,0,0,0,0,0,0,0,0,0,0,0,28,178,44,108,199,76,178,114,40,0,1500000US530530726033,530726033
1164,0,0,0,0,0,0,0,0,0,20,0,20,38,71,0,330,40,72,305,98,123,47,0,0,1500000US530530726034,530726034
413,0,0,0,0,0,0,19,0,0,0,0,13,13,40,0,47,87,14,117,57,0,6,0,0,1500000US530530726035,530726035
3190,0,0,0,0,0,0,0,0,20,0,14,16,0,44,12,174,46,287,491,353,1143,383,95,112,1500000US530530728001,530728001
2400,0,0,0,0,0,0,0,0,0,0,0,0,0,12,0,414,12,248,326,357,637,245,68,81,1500000US530530728002,530728002
1291,0,0,0,0,0,0,0,0,16,0,5,0,0,15,0,177,37,257,337,134,313,0,0,0,1500000US530530729011,530729011
1440,4,0,0,0,9,0,0,0,0,0,0,0,0,18,13,252,58,234,401,183,238,30,0,0,1500000US530530729031,530729031
1035,0,0,0,0,0,0,0,0,0,0,0,0,0,0,0,182,13,140,196,100,273,131,0,0,1500000US530530729051,530729051
377,0,0,0,0,0,0,0,0,17,0,0,0,0,14,0,48,24,39,110,78,47,0,0,0,1500000US530530729052,530729052
918,0,0,0,0,0,32,0,0,0,0,0,0,0,8,0,189,72,185,154,168,110,0,0,0,1500000US530530729053,530729053
403,0,0,0,0,0,0,0,0,0,0,0,0,0,0,0,45,8,114,133,17,82,4,0,0,1500000US530530729061,530729061
150,0,0,0,0,0,0,0,0,0,0,0,0,0,13,0,44,0,0,40,3,46,4,0,0,1500000US530530729062,530729062
557,0,0,0,0,0,0,0,0,0,0,0,0,0,0,0,111,25,92,169,70,42,48,0,0,1500000US530530729071,530729071
1581,0,0,0,0,0,0,0,0,0,0,0,0,2,0,0,230,68,229,492,363,164,33,0,0,1500000US530530729072,530729072
0,0,0,0,0,0,0,0,0,0,0,0,0,0,0,0,0,0,0,0,0,0,0,0,0,1500000US530530729073,530729073
588,0,0,0,0,0,0,0,0,0,0,20,0,55,20,32,129,10,94,139,36,16,37,0,0,1500000US530530730011,530730011
846,23,0,0,0,0,0,0,0,20,0,11,0,18,58,0,280,43,53,118,74,92,56,0,0,1500000US530530730012,530730012
1306,0,0,0,0,0,0,0,0,0,0,0,12,0,21,15,406,48,39,212,350,169,22,0,12,1500000US530530730013,530730013
746,15,0,0,0,0,0,0,0,0,0,0,0,0,21,0,262,41,69,112,31,87,108,0,0,1500000US530530730014,530730014
688,3,0,0,0,0,0,0,0,0,0,7,5,9,12,6,193,23,28,215,61,85,37,2,2,1500000US530530730015,530730015
780,0,0,0,0,0,0,0,0,0,0,1,0,0,27,18,385,19,65,119,54,42,27,23,0,1500000US530530730051,530730051
1267,0,0,0,0,0,0,0,0,0,0,0,0,184,0,15,418,80,130,298,93,35,14,0,0,1500000US530530730052,530730052
906,0,0,0,0,0,0,0,36,0,0,0,0,49,75,18,260,0,115,280,21,0,27,12,13,1500000US530530730053,530730053
1207,0,0,0,0,0,0,0,0,0,0,31,16,0,0,34,374,18,168,196,120,73,161,16,0,1500000US530530730054,530730054
1923,0,0,0,0,0,0,0,0,0,0,0,0,44,22,11,663,96,72,514,201,194,61,45,0,1500000US530530730061,530730061
854,0,0,0,0,0,0,0,0,0,0,14,0,13,0,26,327,43,97,131,134,47,10,0,12,1500000US530530730062,530730062
1397,43,0,0,0,0,50,33,0,0,0,13,135,40,12,81,369,46,137,167,159,94,18,0,0,1500000US530530731081,530731081
2257,0,0,0,10,0,0,0,0,32,0,0,34,50,36,34,490,52,273,519,221,375,131,0,0,1500000US530530731082,530731082
1479,0,0,0,0,0,0,0,0,10,0,0,0,18,29,48,448,86,177,321,137,152,41,12,0,1500000US530530731083,530731083
1256,17,0,0,0,0,0,0,7,0,0,0,11,12,0,12,288,61,119,223,189,252,49,16,0,1500000US530530731101,530731101
1335,0,0,0,0,0,0,0,0,0,0,0,0,9,0,10,308,25,137,193,251,254,108,17,23,1500000US530530731102,530731102
1401,2,0,0,0,0,0,0,7,0,3,0,0,19,68,57,424,27,178,229,220,117,50,0,0,1500000US530530731111,530731111
880,0,0,0,0,0,0,0,0,0,0,9,0,17,14,47,324,91,31,120,109,93,25,0,0,1500000US530530731112,530731112
480,0,23,0,0,0,0,0,0,0,0,0,0,0,0,13,123,68,63,43,49,56,42,0,0,1500000US530530731113,530731113
1038,0,0,0,0,0,0,0,0,0,0,14,13,0,54,40,318,101,43,220,85,79,64,0,7,1500000US530530731131,530731131
1456,0,0,0,0,0,0,0,0,0,0,0,31,4,0,0,343,61,92,307,235,204,137,42,0,1500000US530530731132,530731132
1673,0,0,0,0,0,0,0,0,0,0,0,0,0,27,22,470,29,199,477,176,147,104,22,0,1500000US530530731133,530731133
1488,12,0,0,0,0,0,0,0,13,0,18,0,16,32,20,432,67,78,411,134,202,47,6,0,1500000US530530731141,530731141
1149,10,0,0,0,0,0,0,0,14,23,0,0,13,18,40,376,61,93,191,217,86,0,0,7,1500000US530530731142,530731142
942,0,0,0,0,0,7,0,0,0,0,8,24,48,56,0,332,62,52,121,135,33,47,17,0,1500000US530530731143,530731143
1402,13,0,0,0,0,0,0,0,0,0,0,0,22,8,28,431,98,112,258,125,227,80,0,0,1500000US530530731151,530731151
966,4,0,0,0,0,0,0,0,8,14,2,14,17,0,10,338,45,142,188,58,88,38,0,0,1500000US530530731152,530731152
430,0,0,0,0,0,0,0,0,0,0,0,0,10,0,9,122,26,60,138,35,30,0,0,0,1500000US530530731153,530731153
1316,0,0,0,0,0,0,10,0,0,0,0,0,12,40,8,330,54,179,259,200,116,79,29,0,1500000US530530731161,530731161
1163,8,0,0,0,0,0,0,0,0,0,0,0,28,39,20,400,122,109,192,113,69,63,0,0,1500000US530530731162,530731162
1467,9,0,0,0,0,0,0,0,0,0,25,0,18,14,12,442,111,142,218,186,186,90,7,7,1500000US530530731171,530731171
1305,27,0,0,0,0,0,13,0,0,0,0,0,42,70,0,442,60,64,159,166,199,29,34,0,1500000US530530731172,530731172
1299,28,0,0,0,0,0,0,0,0,0,0,1,13,0,16,451,20,133,287,157,130,36,10,17,1500000US530530731181,530731181
1608,7,0,0,0,0,0,0,0,0,7,11,0,7,34,37,475,47,117,268,178,318,73,29,0,1500000US530530731182,530731182
880,2,0,0,0,0,0,0,0,1,0,2,0,44,25,7,305,100,42,221,55,70,0,1,5,1500000US530530731191,530731191
1476,8,0,0,0,0,0,0,0,0,27,8,0,3,16,25,520,73,165,252,156,156,67,0,0,1500000US530530731192,530731192
1155,11,0,0,0,0,0,0,0,2,0,0,0,10,0,28,348,70,99,285,90,167,45,0,0,1500000US530530731201,530731201
1174,0,0,0,0,0,0,0,0,0,0,0,20,8,24,25,390,49,56,158,166,151,94,22,11,1500000US530530731202,530731202
1439,8,0,0,0,0,0,0,0,93,0,0,10,10,9,9,197,37,131,274,137,384,98,42,0,1500000US530530731211,530731211
1567,0,0,0,0,0,0,0,0,0,0,0,8,12,13,9,284,54,142,301,223,383,119,11,8,1500000US530530731212,530731212
1023,0,0,0,0,0,0,0,0,0,0,0,14,23,0,31,201,14,136,196,175,150,76,7,0,1500000US530530731221,530731221
1485,0,0,0,0,0,0,0,0,0,0,7,0,0,38,30,320,9,244,245,206,202,115,33,36,1500000US530530731222,530731222
1998,6,0,0,0,0,0,0,0,0,0,0,0,0,0,11,394,67,132,339,189,492,304,41,23,1500000US530530731231,530731231
1181,0,0,0,0,0,0,0,0,0,0,0,9,7,33,0,357,16,120,150,231,183,16,33,26,1500000US530530731232,530731232
684,0,0,0,0,0,0,0,0,0,0,16,43,0,0,40,141,79,89,103,53,92,15,13,0,1500000US530530731241,530731241
1520,21,0,0,0,0,0,0,0,0,0,1,0,19,0,13,560,56,102,364,118,195,55,0,16,1500000US530530731242,530731242
2528,0,0,0,0,0,0,0,0,0,0,0,0,25,0,48,469,97,199,526,617,412,116,11,8,1500000US530530731251,530731251
870,0,0,0,0,0,0,0,0,0,0,0,0,0,0,10,184,104,84,97,11,330,16,0,34,1500000US530530731252,530731252
2428,0,0,0,0,0,0,0,0,0,0,74,0,0,23,43,892,82,385,305,256,293,42,0,33,1500000US530530731253,530731253
2081,36,0,0,0,0,0,0,0,0,11,0,21,0,25,25,417,52,127,323,398,372,199,58,17,1500000US530530731261,530731261
840,0,0,0,0,0,0,0,0,0,0,0,0,0,0,0,309,50,66,187,77,110,24,17,0,1500000US530530732001,530732001
760,0,0,0,0,0,0,0,0,0,0,81,0,83,0,11,198,31,29,143,12,106,66,0,0,1500000US530530732002,530732002
885,26,0,0,0,0,15,0,0,0,16,0,0,9,6,0,265,66,83,54,99,167,60,19,0,1500000US530530732003,530732003
1866,0,0,6,0,0,0,0,0,0,19,30,45,56,55,11,605,132,187,330,151,194,45,0,0,1500000US530530732004,530732004
2037,22,0,0,0,0,0,0,48,0,0,0,70,13,36,45,692,86,145,331,281,236,10,22,0,1500000US530530733011,530733011
549,0,0,0,0,0,0,0,0,14,0,0,27,15,24,35,194,19,26,39,65,46,32,0,13,1500000US530530733012,530733012
119,0,0,0,0,0,0,0,0,0,0,0,0,0,0,5,24,6,0,15,23,14,32,0,0,1500000US530530733013,530733013
864,0,0,0,0,0,0,28,0,0,0,0,0,0,13,0,406,43,31,252,25,42,11,13,0,1500000US530530733014,530733014
1037,18,0,11,0,0,0,0,0,0,0,0,0,6,0,9,278,70,96,226,98,188,25,6,6,1500000US530530733021,530733021
876,0,0,0,0,0,0,0,0,0,0,1,0,14,5,32,175,66,118,158,49,196,62,0,0,1500000US530530733022,530733022
730,0,0,0,0,0,0,0,0,0,8,0,11,11,0,9,190,26,61,117,127,132,38,0,0,1500000US530530733023,530733023
918,0,0,0,0,0,0,0,0,0,0,18,13,0,16,0,301,84,168,125,85,49,45,0,14,1500000US530530734041,530734041
791,15,0,0,0,0,0,0,0,0,21,24,0,79,33,11,406,25,39,85,4,31,10,0,8,1500000US530530734042,530734042
566,0,0,0,0,0,0,0,0,0,0,15,17,0,0,30,92,0,110,93,49,92,40,12,16,1500000US530530734043,530734043
772,0,0,0,0,0,0,0,0,0,0,14,13,17,0,0,179,58,17,134,73,158,76,33,0,1500000US530530734044,530734044
1153,0,0,0,0,0,0,0,0,0,0,0,15,0,0,70,156,25,139,213,144,255,136,0,0,1500000US530530734045,530734045
1275,20,0,0,0,0,0,0,0,0,8,10,0,22,60,36,405,84,72,172,108,224,46,8,0,1500000US530530734051,530734051
1099,0,0,0,0,0,0,0,0,0,0,16,0,0,43,15,304,54,98,178,142,180,43,8,18,1500000US530530734052,530734052
1464,20,0,0,0,0,0,0,0,2,2,43,0,2,23,20,319,32,59,204,70,490,93,10,75,1500000US530530734061,530734061
970,0,0,0,0,0,0,0,0,0,18,37,0,0,25,18,292,114,119,125,77,64,49,32,0,1500000US530530734062,530734062
1508,10,0,0,0,0,0,0,0,0,0,4,11,0,64,9,286,100,187,375,260,175,27,0,0,1500000US530530734063,530734063
905,0,0,0,0,0,0,0,0,0,0,0,0,26,28,16,168,141,103,108,76,176,63,0,0,1500000US530530734071,530734071
694,13,0,0,0,0,0,0,0,0,0,15,16,0,9,0,163,11,82,169,114,66,21,15,0,1500000US530530734072,530734072
1100,0,0,0,0,0,0,0,5,0,50,53,0,20,0,5,228,47,59,134,105,239,112,43,0,1500000US530530734073,530734073
1291,0,0,0,0,0,0,4,19,9,0,4,0,9,20,31,354,43,94,302,147,195,57,0,3,1500000US530530734081,530734081
758,0,0,0,0,0,0,0,0,0,0,0,0,0,0,25,208,28,29,141,112,145,48,13,9,1500000US530530734082,530734082
640,18,0,0,0,0,0,0,0,0,0,39,0,0,0,0,235,32,19,130,27,94,46,0,0,1500000US530530734083,530734083
997,1,0,0,0,0,0,0,18,0,0,0,0,11,0,12,306,23,41,109,157,139,152,16,12,1500000US530530735001,530735001
1018,0,0,0,0,0,0,0,0,0,0,0,0,16,0,0,153,10,146,148,179,267,75,24,0,1500000US530530735002,530735002
755,0,0,0,0,0,0,0,0,0,0,0,0,23,0,15,246,10,55,258,61,64,23,0,0,1500000US530530735003,530735003
739,14,0,0,0,0,0,0,0,0,0,0,0,0,0,0,179,36,0,63,84,189,174,0,0,1500000US530530735004,530735004
693,0,0,0,0,0,0,0,0,0,0,0,0,71,0,0,285,15,0,133,126,41,22,0,0,1500000US530530735005,530735005
1064,0,0,0,0,0,0,0,0,0,0,0,9,20,14,0,430,15,48,227,112,145,44,0,0,1500000US530530735006,530735006
1046,3,0,0,0,0,0,5,0,0,0,0,7,2,0,11,193,18,65,124,141,299,127,41,10,1500000US530539400011,539400011
929,0,0,0,0,0,0,0,0,2,0,3,0,0,0,5,183,11,48,175,87,239,95,55,26,1500000US530539400012,539400012
1021,14,0,0,0,0,0,0,0,0,11,14,4,12,25,21,330,53,55,174,99,154,30,14,11,1500000US530539400021,539400021
743,21,0,0,0,0,0,3,0,0,0,5,4,9,18,27,281,30,53,144,48,74,11,3,12,1500000US530539400022,539400022
788,3,0,0,0,0,0,0,0,0,0,0,11,3,12,7,215,46,54,135,99,107,71,4,21,1500000US530539400023,539400023
2053,13,0,0,0,3,0,0,0,7,4,5,3,10,9,35,435,33,128,375,297,482,138,43,33,1500000US530539400031,539400031
1092,5,0,0,0,0,9,0,0,0,12,6,3,58,26,28,266,21,87,147,202,157,29,20,16,1500000US530539400032,539400032
1276,4,0,0,0,0,3,4,0,27,8,9,21,38,77,0,459,75,70,208,121,98,45,6,3,1500000US530539400033,539400033
941,3,0,0,0,0,0,0,8,0,0,0,0,0,0,17,216,99,78,312,64,111,33,0,0,1500000US530539400041,539400041
319,0,0,0,0,0,0,0,0,0,0,0,13,0,0,0,83,35,17,46,29,60,36,0,0,1500000US530539400042,539400042
691,0,0,0,0,0,0,0,0,7,10,19,4,3,19,3,202,76,91,124,43,65,12,7,6,1500000US530539400043,539400043
699,12,0,0,0,0,0,0,0,0,0,12,3,4,30,16,199,41,42,128,58,112,36,6,0,1500000US530539400044,539400044
982,4,0,0,0,0,0,0,0,0,0,0,5,21,39,12,231,55,73,231,102,162,40,7,0,1500000US530539400045,539400045
1158,13,0,0,0,0,0,0,0,4,0,16,0,4,19,16,395,23,89,200,123,207,46,3,0,1500000US530539400046,539400046
1111,21,0,0,0,0,0,0,0,0,0,1,0,57,42,30,285,56,79,197,150,138,36,13,6,1500000US530539400051,539400051
1387,29,0,0,0,23,0,15,0,0,0,3,25,17,77,16,311,103,76,171,108,272,131,7,3,1500000US530539400052,539400052
1416,4,0,4,0,0,0,3,0,0,14,4,0,20,13,39,310,103,164,286,191,161,80,14,6,1500000US530539400053,539400053
916,83,0,0,0,0,10,12,7,20,0,18,16,11,12,17,214,55,50,228,38,81,30,5,9,1500000US530539400061,539400061
507,20,0,2,3,0,4,11,0,17,4,5,17,25,9,6,104,43,38,98,67,26,8,0,0,1500000US530539400062,539400062
529,17,0,0,0,0,8,0,0,0,0,3,0,0,7,18,139,49,72,135,25,35,19,2,0,1500000US530539400071,539400071
728,11,0,0,0,0,12,0,10,18,0,7,47,38,25,10,155,55,90,122,74,45,9,0,0,1500000US530539400072,539400072
678,28,0,0,0,0,21,22,0,6,0,0,16,18,28,25,196,66,67,90,33,54,8,0,0,1500000US530539400073,539400073
1771,16,0,0,0,0,0,4,0,5,0,13,15,8,33,18,333,77,93,326,163,427,153,61,26,1500000US530539400081,539400081
1183,16,0,0,0,0,0,2,2,33,6,0,2,10,44,11,214,36,26,195,182,282,85,15,22,1500000US530539400082,539400082
1054,4,0,0,0,0,0,0,0,4,0,0,0,0,2,3,142,9,96,194,132,254,138,50,26,1500000US530539400083,539400083
1295,5,0,0,0,0,0,0,2,1,8,0,8,5,55,12,445,59,150,131,82,193,119,14,6,1500000US530539400091,539400091
708,0,0,0,0,0,0,0,0,0,0,0,11,0,0,31,231,0,57,123,40,169,22,0,24,1500000US530539400092,539400092
1377,0,0,0,0,0,50,0,0,0,0,0,5,15,34,52,365,83,93,166,216,205,93,0,0,1500000US530539400101,539400101
1286,0,0,0,0,0,0,0,0,0,0,29,17,38,26,36,508,65,93,218,122,104,17,5,8,1500000US530539400102,539400102
450,5,0,0,0,0,0,0,0,0,0,4,0,6,36,14,138,18,36,80,34,28,22,0,29,1500000US530539400103,539400103
1165,7,0,0,0,0,0,9,0,3,0,1,4,5,5,9,172,6,87,180,130,378,109,37,23,1500000US530539400111,539400111
1283,0,0,0,0,0,4,0,0,0,0,3,0,11,0,0,136,14,101,206,95,393,197,79,44,1500000US530539400112,539400112
781,0,0,0,0,0,0,0,0,0,0,6,3,0,9,13,118,45,50,88,71,245,87,36,10,1500000US530539400113,539400113
