"B19313_001E","B19313_001M","GEO_ID","NAME"
"Estimate!!Aggregate income in the past 12 months (in 2014 Inflation-adjusted dollars)","Margin of Error!!Aggregate income in the past 12 months (in 2014 Inflation-adjusted dollars)","id","Geographic Area Name"
"36477700","6794847","1500000US530530602001","Block Group 1, Census Tract 602, Pierce County, Washington"
"70259500","14554318","1500000US530530603001","Block Group 1, Census Tract 603, Pierce County, Washington"
"35312200","7371354","1500000US530530603002","Block Group 2, Census Tract 603, Pierce County, Washington"
"59760300","10668723","1500000US530530603003","Block Group 3, Census Tract 603, Pierce County, Washington"
"52105700","16787443","1500000US530530604001","Block Group 1, Census Tract 604, Pierce County, Washington"
"38322700","11427033","1500000US530530604002","Block Group 2, Census Tract 604, Pierce County, Washington"
"27752500","5521700","1500000US530530604003","Block Group 3, Census Tract 604, Pierce County, Washington"
"37723400","11978203","1500000US530530604004","Block Group 4, Census Tract 604, Pierce County, Washington"
"27465900","8189018","1500000US530530604005","Block Group 5, Census Tract 604, Pierce County, Washington"
"55400400","15840861","1500000US530530605001","Block Group 1, Census Tract 605, Pierce County, Washington"
"55372800","19098591","1500000US530530605002","Block Group 2, Census Tract 605, Pierce County, Washington"
"29132600","7788405","1500000US530530605003","Block Group 3, Census Tract 605, Pierce County, Washington"
"24722100","7940003","1500000US530530605004","Block Group 4, Census Tract 605, Pierce County, Washington"
"77993800","43421799","1500000US530530605005","Block Group 5, Census Tract 605, Pierce County, Washington"
"67818400","24645251","1500000US530530606001","Block Group 1, Census Tract 606, Pierce County, Washington"
"51001300","12922040","1500000US530530606002","Block Group 2, Census Tract 606, Pierce County, Washington"
"32185500","15913312","1500000US530530606003","Block Group 3, Census Tract 606, Pierce County, Washington"
"51642600","18468239","1500000US530530606004","Block Group 4, Census Tract 606, Pierce County, Washington"
"24245200","7524918","1500000US530530606005","Block Group 5, Census Tract 606, Pierce County, Washington"
"16156900","6164143","1500000US530530606006","Block Group 6, Census Tract 606, Pierce County, Washington"
"48787200","17538388","1500000US530530607001","Block Group 1, Census Tract 607, Pierce County, Washington"
"31282700","9733631","1500000US530530607002","Block Group 2, Census Tract 607, Pierce County, Washington"
"41338300","16812624","1500000US530530607003","Block Group 3, Census Tract 607, Pierce County, Washington"
"22639600","7463193","1500000US530530607004","Block Group 4, Census Tract 607, Pierce County, Washington"
"32377500","11991735","1500000US530530607005","Block Group 5, Census Tract 607, Pierce County, Washington"
"16055200","7761059","1500000US530530607006","Block Group 6, Census Tract 607, Pierce County, Washington"
"32186200","10866141","1500000US530530608001","Block Group 1, Census Tract 608, Pierce County, Washington"
"26492600","8172696","1500000US530530608002","Block Group 2, Census Tract 608, Pierce County, Washington"
"27728400","10659982","1500000US530530608003","Block Group 3, Census Tract 608, Pierce County, Washington"
"15061300","4070206","1500000US530530608004","Block Group 4, Census Tract 608, Pierce County, Washington"
"30459300","11769362","1500000US530530608005","Block Group 5, Census Tract 608, Pierce County, Washington"
"28817300","10821960","1500000US530530608006","Block Group 6, Census Tract 608, Pierce County, Washington"
"23865100","5625193","1500000US530530608007","Block Group 7, Census Tract 608, Pierce County, Washington"
"22640200","5243836","1500000US530530609031","Block Group 1, Census Tract 609.03, Pierce County, Washington"
"32760500","7510193","1500000US530530609032","Block Group 2, Census Tract 609.03, Pierce County, Washington"
"63502300","15655861","1500000US530530609033","Block Group 3, Census Tract 609.03, Pierce County, Washington"
"15769800","5928929","1500000US530530609041","Block Group 1, Census Tract 609.04, Pierce County, Washington"
"57110400","16035690","1500000US530530609042","Block Group 2, Census Tract 609.04, Pierce County, Washington"
"21374000","12120030","1500000US530530609043","Block Group 3, Census Tract 609.04, Pierce County, Washington"
"29133700","6218515","1500000US530530609044","Block Group 4, Census Tract 609.04, Pierce County, Washington"
"49338500","13625775","1500000US530530609051","Block Group 1, Census Tract 609.05, Pierce County, Washington"
"25348100","10438883","1500000US530530609052","Block Group 2, Census Tract 609.05, Pierce County, Washington"
"25664900","9188773","1500000US530530609053","Block Group 3, Census Tract 609.05, Pierce County, Washington"
"55436800","13726711","1500000US530530609054","Block Group 4, Census Tract 609.05, Pierce County, Washington"
"51610800","13441101","1500000US530530609055","Block Group 5, Census Tract 609.05, Pierce County, Washington"
"46605100","6790177","1500000US530530609061","Block Group 1, Census Tract 609.06, Pierce County, Washington"
"19962400","5717508","1500000US530530609062","Block Group 2, Census Tract 609.06, Pierce County, Washington"
"23870000","5256382","1500000US530530610011","Block Group 1, Census Tract 610.01, Pierce County, Washington"
"44809900","16745293","1500000US530530610012","Block Group 2, Census Tract 610.01, Pierce County, Washington"
"107864900","19424929","1500000US530530610013","Block Group 3, Census Tract 610.01, Pierce County, Washington"
"33547000","8427443","1500000US530530610021","Block Group 1, Census Tract 610.02, Pierce County, Washington"
"31698700","11491901","1500000US530530610022","Block Group 2, Census Tract 610.02, Pierce County, Washington"
"29732400","7663884","1500000US530530610023","Block Group 3, Census Tract 610.02, Pierce County, Washington"
"18497200","6990535","1500000US530530610024","Block Group 4, Census Tract 610.02, Pierce County, Washington"
"31190400","11077225","1500000US530530611001","Block Group 1, Census Tract 611, Pierce County, Washington"
"11003900","3325661","1500000US530530611002","Block Group 2, Census Tract 611, Pierce County, Washington"
"17026900","5530281","1500000US530530611003","Block Group 3, Census Tract 611, Pierce County, Washington"
"20368200","7524274","1500000US530530611004","Block Group 4, Census Tract 611, Pierce County, Washington"
"33397400","11367771","1500000US530530611005","Block Group 5, Census Tract 611, Pierce County, Washington"
"43506200","12694232","1500000US530530611006","Block Group 6, Census Tract 611, Pierce County, Washington"
"25937100","9160152","1500000US530530611007","Block Group 7, Census Tract 611, Pierce County, Washington"
"33464600","9070959","1500000US530530612001","Block Group 1, Census Tract 612, Pierce County, Washington"
"14381600","4268364","1500000US530530612002","Block Group 2, Census Tract 612, Pierce County, Washington"
"18294300","6666997","1500000US530530612003","Block Group 3, Census Tract 612, Pierce County, Washington"
"27765300","9588996","1500000US530530612004","Block Group 4, Census Tract 612, Pierce County, Washington"
"18035200","4965203","1500000US530530612005","Block Group 5, Census Tract 612, Pierce County, Washington"
"27104100","12351726","1500000US530530612006","Block Group 6, Census Tract 612, Pierce County, Washington"
"13302900","4710659","1500000US530530613001","Block Group 1, Census Tract 613, Pierce County, Washington"
"14597400","4808036","1500000US530530613002","Block Group 2, Census Tract 613, Pierce County, Washington"
"17416300","6207115","1500000US530530613003","Block Group 3, Census Tract 613, Pierce County, Washington"
"11649900","4991252","1500000US530530613004","Block Group 4, Census Tract 613, Pierce County, Washington"
"14303700","5548364","1500000US530530613005","Block Group 5, Census Tract 613, Pierce County, Washington"
"17676000","5911089","1500000US530530613006","Block Group 6, Census Tract 613, Pierce County, Washington"
"11241200","3564390","1500000US530530614001","Block Group 1, Census Tract 614, Pierce County, Washington"
"16607600","5090171","1500000US530530614002","Block Group 2, Census Tract 614, Pierce County, Washington"
"14208800","3199574","1500000US530530614003","Block Group 3, Census Tract 614, Pierce County, Washington"
"53880600","10759513","1500000US530530615001","Block Group 1, Census Tract 615, Pierce County, Washington"
"53404100","16660162","1500000US530530615002","Block Group 2, Census Tract 615, Pierce County, Washington"
"20617100","6102144","1500000US530530615003","Block Group 3, Census Tract 615, Pierce County, Washington"
"31350700","12719471","1500000US530530615004","Block Group 4, Census Tract 615, Pierce County, Washington"
"52530900","9466928","1500000US530530616011","Block Group 1, Census Tract 616.01, Pierce County, Washington"
"26960700","4478693","1500000US530530616021","Block Group 1, Census Tract 616.02, Pierce County, Washington"
"28038900","7515569","1500000US530530617001","Block Group 1, Census Tract 617, Pierce County, Washington"
"16734100","6482801","1500000US530530617002","Block Group 2, Census Tract 617, Pierce County, Washington"
"18112300","6697811","1500000US530530617003","Block Group 3, Census Tract 617, Pierce County, Washington"
"13969400","5034582","1500000US530530617004","Block Group 4, Census Tract 617, Pierce County, Washington"
"24692700","6940074","1500000US530530617005","Block Group 5, Census Tract 617, Pierce County, Washington"
"17424300","6994312","1500000US530530618001","Block Group 1, Census Tract 618, Pierce County, Washington"
"18919900","4594251","1500000US530530618002","Block Group 2, Census Tract 618, Pierce County, Washington"
"11851300","4811828","1500000US530530618003","Block Group 3, Census Tract 618, Pierce County, Washington"
"19576400","5086764","1500000US530530619001","Block Group 1, Census Tract 619, Pierce County, Washington"
"23569600","9708839","1500000US530530619002","Block Group 2, Census Tract 619, Pierce County, Washington"
"17984200","5306200","1500000US530530620001","Block Group 1, Census Tract 620, Pierce County, Washington"
"16996700","3939675","1500000US530530620002","Block Group 2, Census Tract 620, Pierce County, Washington"
"20909300","5438130","1500000US530530620003","Block Group 3, Census Tract 620, Pierce County, Washington"
"27806400","5892976","1500000US530530620004","Block Group 4, Census Tract 620, Pierce County, Washington"
"24493700","9456666","1500000US530530623001","Block Group 1, Census Tract 623, Pierce County, Washington"
"21638700","6465924","1500000US530530623002","Block Group 2, Census Tract 623, Pierce County, Washington"
"24288200","5510888","1500000US530530623003","Block Group 3, Census Tract 623, Pierce County, Washington"
"15273000","6655903","1500000US530530623004","Block Group 4, Census Tract 623, Pierce County, Washington"
"29367600","8277637","1500000US530530624001","Block Group 1, Census Tract 624, Pierce County, Washington"
"20726700","10081275","1500000US530530624002","Block Group 2, Census Tract 624, Pierce County, Washington"
"35020000","12699623","1500000US530530624003","Block Group 3, Census Tract 624, Pierce County, Washington"
"22947200","8622382","1500000US530530624004","Block Group 4, Census Tract 624, Pierce County, Washington"
"15633500","5453037","1500000US530530624005","Block Group 5, Census Tract 624, Pierce County, Washington"
"26574500","6932326","1500000US530530625001","Block Group 1, Census Tract 625, Pierce County, Washington"
"27464700","10258405","1500000US530530625002","Block Group 2, Census Tract 625, Pierce County, Washington"
"16140600","7613745","1500000US530530625003","Block Group 3, Census Tract 625, Pierce County, Washington"
"16630900","7912453","1500000US530530625004","Block Group 4, Census Tract 625, Pierce County, Washington"
"41013000","15181605","1500000US530530625005","Block Group 5, Census Tract 625, Pierce County, Washington"
"26674300","11697001","1500000US530530625006","Block Group 6, Census Tract 625, Pierce County, Washington"
"22104300","10406148","1500000US530530625007","Block Group 7, Census Tract 625, Pierce County, Washington"
"19065100","5638165","1500000US530530626001","Block Group 1, Census Tract 626, Pierce County, Washington"
"42454700","9545830","1500000US530530626002","Block Group 2, Census Tract 626, Pierce County, Washington"
"24697400","9711119","1500000US530530628011","Block Group 1, Census Tract 628.01, Pierce County, Washington"
"36365600","9099667","1500000US530530628012","Block Group 2, Census Tract 628.01, Pierce County, Washington"
"44268600","12596574","1500000US530530628013","Block Group 3, Census Tract 628.01, Pierce County, Washington"
"23421800","6956046","1500000US530530628014","Block Group 4, Census Tract 628.01, Pierce County, Washington"
"44023500","9096673","1500000US530530628021","Block Group 1, Census Tract 628.02, Pierce County, Washington"
"28444700","7401744","1500000US530530628022","Block Group 2, Census Tract 628.02, Pierce County, Washington"
"32223700","12230550","1500000US530530628023","Block Group 3, Census Tract 628.02, Pierce County, Washington"
"51348100","10842160","1500000US530530629001","Block Group 1, Census Tract 629, Pierce County, Washington"
"26898100","7787534","1500000US530530629002","Block Group 2, Census Tract 629, Pierce County, Washington"
"26266300","8784722","1500000US530530629003","Block Group 3, Census Tract 629, Pierce County, Washington"
"22301300","7074660","1500000US530530629004","Block Group 4, Census Tract 629, Pierce County, Washington"
"14084800","5366991","1500000US530530629005","Block Group 5, Census Tract 629, Pierce County, Washington"
"18455200","8303842","1500000US530530629006","Block Group 6, Census Tract 629, Pierce County, Washington"
"29102100","8313794","1500000US530530630001","Block Group 1, Census Tract 630, Pierce County, Washington"
"47509200","11027945","1500000US530530630002","Block Group 2, Census Tract 630, Pierce County, Washington"
"18207700","6145945","1500000US530530631001","Block Group 1, Census Tract 631, Pierce County, Washington"
"27365800","7103284","1500000US530530631002","Block Group 2, Census Tract 631, Pierce County, Washington"
"20360000","6228323","1500000US530530631003","Block Group 3, Census Tract 631, Pierce County, Washington"
"29792800","7029996","1500000US530530631004","Block Group 4, Census Tract 631, Pierce County, Washington"
"23219600","6833137","1500000US530530632001","Block Group 1, Census Tract 632, Pierce County, Washington"
"41474400","8396906","1500000US530530632002","Block Group 2, Census Tract 632, Pierce County, Washington"
"15585000","5922974","1500000US530530632003","Block Group 3, Census Tract 632, Pierce County, Washington"
"19545500","8195622","1500000US530530632004","Block Group 4, Census Tract 632, Pierce County, Washington"
"19237600","6677613","1500000US530530632005","Block Group 5, Census Tract 632, Pierce County, Washington"
"24234100","7905954","1500000US530530633001","Block Group 1, Census Tract 633, Pierce County, Washington"
"49577800","11445073","1500000US530530633002","Block Group 2, Census Tract 633, Pierce County, Washington"
"26778700","6664570","1500000US530530633003","Block Group 3, Census Tract 633, Pierce County, Washington"
"13208900","5096659","1500000US530530633004","Block Group 4, Census Tract 633, Pierce County, Washington"
"22763600","10331034","1500000US530530633005","Block Group 5, Census Tract 633, Pierce County, Washington"
"19986300","5516529","1500000US530530634001","Block Group 1, Census Tract 634, Pierce County, Washington"
"36195800","10351523","1500000US530530634002","Block Group 2, Census Tract 634, Pierce County, Washington"
"13668600","6570652","1500000US530530634003","Block Group 3, Census Tract 634, Pierce County, Washington"
"20293200","11431745","1500000US530530634004","Block Group 4, Census Tract 634, Pierce County, Washington"
"28611200","11390007","1500000US530530634005","Block Group 5, Census Tract 634, Pierce County, Washington"
"27884300","12893761","1500000US530530634006","Block Group 6, Census Tract 634, Pierce County, Washington"
"18864600","6045783","1500000US530530635011","Block Group 1, Census Tract 635.01, Pierce County, Washington"
"19448000","4723378","1500000US530530635012","Block Group 2, Census Tract 635.01, Pierce County, Washington"
"29347700","7875447","1500000US530530635013","Block Group 3, Census Tract 635.01, Pierce County, Washington"
"25975100","7074501","1500000US530530635014","Block Group 4, Census Tract 635.01, Pierce County, Washington"
"19782900","5003373","1500000US530530635021","Block Group 1, Census Tract 635.02, Pierce County, Washington"
"65467600","19294060","1500000US530530635022","Block Group 2, Census Tract 635.02, Pierce County, Washington"
"33346700","7747342","1500000US530530635023","Block Group 3, Census Tract 635.02, Pierce County, Washington"
"23745700","8061508","1500000US530530701001","Block Group 1, Census Tract 701, Pierce County, Washington"
"-","**","1500000US530530701002","Block Group 2, Census Tract 701, Pierce County, Washington"
"35673200","8414810","1500000US530530701003","Block Group 3, Census Tract 701, Pierce County, Washington"
"36026100","11041528","1500000US530530701004","Block Group 4, Census Tract 701, Pierce County, Washington"
"90843500","15158985","1500000US530530702031","Block Group 1, Census Tract 702.03, Pierce County, Washington"
"67957600","10918335","1500000US530530702032","Block Group 2, Census Tract 702.03, Pierce County, Washington"
"16490300","5515125","1500000US530530702033","Block Group 3, Census Tract 702.03, Pierce County, Washington"
"29167300","6375847","1500000US530530702041","Block Group 1, Census Tract 702.04, Pierce County, Washington"
"55981300","12847856","1500000US530530702042","Block Group 2, Census Tract 702.04, Pierce County, Washington"
"57392900","9410048","1500000US530530702051","Block Group 1, Census Tract 702.05, Pierce County, Washington"
"32031500","9843034","1500000US530530702052","Block Group 2, Census Tract 702.05, Pierce County, Washington"
"45509400","10419343","1500000US530530702061","Block Group 1, Census Tract 702.06, Pierce County, Washington"
"40086800","9522340","1500000US530530702062","Block Group 2, Census Tract 702.06, Pierce County, Washington"
"27891700","7584428","1500000US530530702063","Block Group 3, Census Tract 702.06, Pierce County, Washington"
"34948600","10137952","1500000US530530702071","Block Group 1, Census Tract 702.07, Pierce County, Washington"
"30833300","7094328","1500000US530530702072","Block Group 2, Census Tract 702.07, Pierce County, Washington"
"25967900","8895349","1500000US530530702073","Block Group 3, Census Tract 702.07, Pierce County, Washington"
"30148100","8867644","1500000US530530702074","Block Group 4, Census Tract 702.07, Pierce County, Washington"
"33271300","9777666","1500000US530530703071","Block Group 1, Census Tract 703.07, Pierce County, Washington"
"92082900","19128925","1500000US530530703072","Block Group 2, Census Tract 703.07, Pierce County, Washington"
"106537000","18360691","1500000US530530703073","Block Group 3, Census Tract 703.07, Pierce County, Washington"
"50615000","8932508","1500000US530530703081","Block Group 1, Census Tract 703.08, Pierce County, Washington"
"51936800","9285350","1500000US530530703082","Block Group 2, Census Tract 703.08, Pierce County, Washington"
"54652700","12449539","1500000US530530703091","Block Group 1, Census Tract 703.09, Pierce County, Washington"
"64439200","11651324","1500000US530530703092","Block Group 2, Census Tract 703.09, Pierce County, Washington"
"48784300","10895882","1500000US530530703093","Block Group 3, Census Tract 703.09, Pierce County, Washington"
"57640900","9272836","1500000US530530703101","Block Group 1, Census Tract 703.10, Pierce County, Washington"
"21802800","8078482","1500000US530530703102","Block Group 2, Census Tract 703.10, Pierce County, Washington"
"54199100","8952050","1500000US530530703103","Block Group 3, Census Tract 703.10, Pierce County, Washington"
"13178100","4400524","1500000US530530703104","Block Group 4, Census Tract 703.10, Pierce County, Washington"
"37213300","7793825","1500000US530530703111","Block Group 1, Census Tract 703.11, Pierce County, Washington"
"42785100","8455306","1500000US530530703112","Block Group 2, Census Tract 703.11, Pierce County, Washington"
"51569100","10972684","1500000US530530703113","Block Group 3, Census Tract 703.11, Pierce County, Washington"
"36765300","13020416","1500000US530530703121","Block Group 1, Census Tract 703.12, Pierce County, Washington"
"106742300","18233360","1500000US530530703122","Block Group 2, Census Tract 703.12, Pierce County, Washington"
"40200000","9650027","1500000US530530703123","Block Group 3, Census Tract 703.12, Pierce County, Washington"
"56530300","12175676","1500000US530530703131","Block Group 1, Census Tract 703.13, Pierce County, Washington"
"29311100","8481809","1500000US530530703132","Block Group 2, Census Tract 703.13, Pierce County, Washington"
"54442400","15221232","1500000US530530703133","Block Group 3, Census Tract 703.13, Pierce County, Washington"
"16166300","8141589","1500000US530530703134","Block Group 4, Census Tract 703.13, Pierce County, Washington"
"43209800","11675038","1500000US530530703135","Block Group 5, Census Tract 703.13, Pierce County, Washington"
"65646600","14035335","1500000US530530703141","Block Group 1, Census Tract 703.14, Pierce County, Washington"
"40776000","11734472","1500000US530530703142","Block Group 2, Census Tract 703.14, Pierce County, Washington"
"56449400","11441793","1500000US530530703151","Block Group 1, Census Tract 703.15, Pierce County, Washington"
"46308100","12147337","1500000US530530703152","Block Group 2, Census Tract 703.15, Pierce County, Washington"
"56111300","11110931","1500000US530530703153","Block Group 3, Census Tract 703.15, Pierce County, Washington"
"21704500","8439542","1500000US530530703154","Block Group 4, Census Tract 703.15, Pierce County, Washington"
"60189400","20316109","1500000US530530703161","Block Group 1, Census Tract 703.16, Pierce County, Washington"
"129459400","17597965","1500000US530530703162","Block Group 2, Census Tract 703.16, Pierce County, Washington"
"41335700","6589651","1500000US530530704011","Block Group 1, Census Tract 704.01, Pierce County, Washington"
"20677900","5585155","1500000US530530704012","Block Group 2, Census Tract 704.01, Pierce County, Washington"
"28977600","8793093","1500000US530530704031","Block Group 1, Census Tract 704.03, Pierce County, Washington"
"13568000","5102259","1500000US530530704032","Block Group 2, Census Tract 704.03, Pierce County, Washington"
"55569400","10162755","1500000US530530704033","Block Group 3, Census Tract 704.03, Pierce County, Washington"
"65440700","13618531","1500000US530530704041","Block Group 1, Census Tract 704.04, Pierce County, Washington"
"69497300","13182551","1500000US530530704042","Block Group 2, Census Tract 704.04, Pierce County, Washington"
"25980300","7578930","1500000US530530707031","Block Group 1, Census Tract 707.03, Pierce County, Washington"
"59004600","14186448","1500000US530530707032","Block Group 2, Census Tract 707.03, Pierce County, Washington"
"68430100","34733183","1500000US530530707033","Block Group 3, Census Tract 707.03, Pierce County, Washington"
"34836100","13425582","1500000US530530707034","Block Group 4, Census Tract 707.03, Pierce County, Washington"
"25299400","7393629","1500000US530530707035","Block Group 5, Census Tract 707.03, Pierce County, Washington"
"34059500","9154456","1500000US530530711001","Block Group 1, Census Tract 711, Pierce County, Washington"
"27634400","3858373","1500000US530530711002","Block Group 2, Census Tract 711, Pierce County, Washington"
"66353800","8825193","1500000US530530712051","Block Group 1, Census Tract 712.05, Pierce County, Washington"
"94703500","11155691","1500000US530530712052","Block Group 2, Census Tract 712.05, Pierce County, Washington"
"37162600","11214981","1500000US530530712061","Block Group 1, Census Tract 712.06, Pierce County, Washington"
"39159400","16697448","1500000US530530712062","Block Group 2, Census Tract 712.06, Pierce County, Washington"
"51974900","13169234","1500000US530530712063","Block Group 3, Census Tract 712.06, Pierce County, Washington"
"93407600","21330757","1500000US530530712064","Block Group 4, Census Tract 712.06, Pierce County, Washington"
"33610600","7341605","1500000US530530712071","Block Group 1, Census Tract 712.07, Pierce County, Washington"
"71384400","13313655","1500000US530530712072","Block Group 2, Census Tract 712.07, Pierce County, Washington"
"58091100","19933275","1500000US530530712073","Block Group 3, Census Tract 712.07, Pierce County, Washington"
"57344800","13759949","1500000US530530712081","Block Group 1, Census Tract 712.08, Pierce County, Washington"
"59226800","15807150","1500000US530530712082","Block Group 2, Census Tract 712.08, Pierce County, Washington"
"92369400","16099143","1500000US530530712083","Block Group 3, Census Tract 712.08, Pierce County, Washington"
"86641900","8843939","1500000US530530712091","Block Group 1, Census Tract 712.09, Pierce County, Washington"
"19221400","5795424","1500000US530530712092","Block Group 2, Census Tract 712.09, Pierce County, Washington"
"33767600","8361701","1500000US530530712093","Block Group 3, Census Tract 712.09, Pierce County, Washington"
"9910300","3128175","1500000US530530712101","Block Group 1, Census Tract 712.10, Pierce County, Washington"
"54524600","8931813","1500000US530530712102","Block Group 2, Census Tract 712.10, Pierce County, Washington"
"117497700","14132660","1500000US530530712103","Block Group 3, Census Tract 712.10, Pierce County, Washington"
"50489500","9497551","1500000US530530713041","Block Group 1, Census Tract 713.04, Pierce County, Washington"
"94363000","23536022","1500000US530530713042","Block Group 2, Census Tract 713.04, Pierce County, Washington"
"18449700","7791853","1500000US530530713043","Block Group 3, Census Tract 713.04, Pierce County, Washington"
"47472500","7664191","1500000US530530713051","Block Group 1, Census Tract 713.05, Pierce County, Washington"
"57030400","16125815","1500000US530530713052","Block Group 2, Census Tract 713.05, Pierce County, Washington"
"35908300","9246499","1500000US530530713061","Block Group 1, Census Tract 713.06, Pierce County, Washington"
"49909500","18142150","1500000US530530713062","Block Group 2, Census Tract 713.06, Pierce County, Washington"
"78304600","18590242","1500000US530530713063","Block Group 3, Census Tract 713.06, Pierce County, Washington"
"35988200","9236768","1500000US530530713064","Block Group 4, Census Tract 713.06, Pierce County, Washington"
"38194500","6469526","1500000US530530713071","Block Group 1, Census Tract 713.07, Pierce County, Washington"
"28166000","7136620","1500000US530530713072","Block Group 2, Census Tract 713.07, Pierce County, Washington"
"55050800","9369583","1500000US530530713073","Block Group 3, Census Tract 713.07, Pierce County, Washington"
"37706800","11426151","1500000US530530713091","Block Group 1, Census Tract 713.09, Pierce County, Washington"
"32875400","6666192","1500000US530530713092","Block Group 2, Census Tract 713.09, Pierce County, Washington"
"35973800","9706109","1500000US530530713093","Block Group 3, Census Tract 713.09, Pierce County, Washington"
"60206900","9386814","1500000US530530713101","Block Group 1, Census Tract 713.10, Pierce County, Washington"
"95840500","12428309","1500000US530530713102","Block Group 2, Census Tract 713.10, Pierce County, Washington"
"43984800","10360460","1500000US530530714031","Block Group 1, Census Tract 714.03, Pierce County, Washington"
"27134700","9393065","1500000US530530714032","Block Group 2, Census Tract 714.03, Pierce County, Washington"
"39397900","11970448","1500000US530530714033","Block Group 3, Census Tract 714.03, Pierce County, Washington"
"83611900","20684979","1500000US530530714061","Block Group 1, Census Tract 714.06, Pierce County, Washington"
"42626300","8703433","1500000US530530714062","Block Group 2, Census Tract 714.06, Pierce County, Washington"
"14926800","8150809","1500000US530530714063","Block Group 3, Census Tract 714.06, Pierce County, Washington"
"51736900","12605774","1500000US530530714064","Block Group 4, Census Tract 714.06, Pierce County, Washington"
"35467300","11172686","1500000US530530714071","Block Group 1, Census Tract 714.07, Pierce County, Washington"
"43938300","12818550","1500000US530530714072","Block Group 2, Census Tract 714.07, Pierce County, Washington"
"45436900","13366878","1500000US530530714073","Block Group 3, Census Tract 714.07, Pierce County, Washington"
"49300100","15745773","1500000US530530714074","Block Group 4, Census Tract 714.07, Pierce County, Washington"
"56597900","14977480","1500000US530530714081","Block Group 1, Census Tract 714.08, Pierce County, Washington"
"19236600","5023596","1500000US530530714082","Block Group 2, Census Tract 714.08, Pierce County, Washington"
"16889200","5321249","1500000US530530714083","Block Group 3, Census Tract 714.08, Pierce County, Washington"
"27523900","9665951","1500000US530530714091","Block Group 1, Census Tract 714.09, Pierce County, Washington"
"19978400","6272588","1500000US530530714092","Block Group 2, Census Tract 714.09, Pierce County, Washington"
"31945800","6851841","1500000US530530714093","Block Group 3, Census Tract 714.09, Pierce County, Washington"
"16266200","4245550","1500000US530530714094","Block Group 4, Census Tract 714.09, Pierce County, Washington"
"28632000","11983192","1500000US530530714101","Block Group 1, Census Tract 714.10, Pierce County, Washington"
"23372400","9344820","1500000US530530714102","Block Group 2, Census Tract 714.10, Pierce County, Washington"
"60248700","14635861","1500000US530530714103","Block Group 3, Census Tract 714.10, Pierce County, Washington"
"45107300","9115882","1500000US530530714104","Block Group 4, Census Tract 714.10, Pierce County, Washington"
"54470900","10227731","1500000US530530714111","Block Group 1, Census Tract 714.11, Pierce County, Washington"
"16617100","7546229","1500000US530530714112","Block Group 2, Census Tract 714.11, Pierce County, Washington"
"37209900","9180639","1500000US530530714113","Block Group 3, Census Tract 714.11, Pierce County, Washington"
"34161600","9306004","1500000US530530715031","Block Group 1, Census Tract 715.03, Pierce County, Washington"
"33385600","10320100","1500000US530530715032","Block Group 2, Census Tract 715.03, Pierce County, Washington"
"17434500","7574733","1500000US530530715033","Block Group 3, Census Tract 715.03, Pierce County, Washington"
"44196300","19353100","1500000US530530715034","Block Group 4, Census Tract 715.03, Pierce County, Washington"
"25889200","7829332","1500000US530530715041","Block Group 1, Census Tract 715.04, Pierce County, Washington"
"25570700","4721457","1500000US530530715042","Block Group 2, Census Tract 715.04, Pierce County, Washington"
"16837300","4885775","1500000US530530715043","Block Group 3, Census Tract 715.04, Pierce County, Washington"
"13381300","4829995","1500000US530530715044","Block Group 4, Census Tract 715.04, Pierce County, Washington"
"48863400","8870571","1500000US530530715051","Block Group 1, Census Tract 715.05, Pierce County, Washington"
"19810600","6095854","1500000US530530715052","Block Group 2, Census Tract 715.05, Pierce County, Washington"
"31333100","7969864","1500000US530530715053","Block Group 3, Census Tract 715.05, Pierce County, Washington"
"32697500","6828465","1500000US530530715054","Block Group 4, Census Tract 715.05, Pierce County, Washington"
"36123200","8543894","1500000US530530715061","Block Group 1, Census Tract 715.06, Pierce County, Washington"
"61172200","8403224","1500000US530530715062","Block Group 2, Census Tract 715.06, Pierce County, Washington"
"44204300","9048290","1500000US530530715063","Block Group 3, Census Tract 715.06, Pierce County, Washington"
"51634200","8267035","1500000US530530716011","Block Group 1, Census Tract 716.01, Pierce County, Washington"
"29688600","5660794","1500000US530530716012","Block Group 2, Census Tract 716.01, Pierce County, Washington"
"47008600","9308033","1500000US530530716021","Block Group 1, Census Tract 716.02, Pierce County, Washington"
"35183300","9134208","1500000US530530716022","Block Group 2, Census Tract 716.02, Pierce County, Washington"
"50070900","12540497","1500000US530530716023","Block Group 3, Census Tract 716.02, Pierce County, Washington"
"19228100","9267283","1500000US530530716024","Block Group 4, Census Tract 716.02, Pierce County, Washington"
"31855200","6137471","1500000US530530717031","Block Group 1, Census Tract 717.03, Pierce County, Washington"
"26176300","6122484","1500000US530530717032","Block Group 2, Census Tract 717.03, Pierce County, Washington"
"34848600","8226098","1500000US530530717041","Block Group 1, Census Tract 717.04, Pierce County, Washington"
"15703500","3760681","1500000US530530717042","Block Group 2, Census Tract 717.04, Pierce County, Washington"
"13143000","4608842","1500000US530530717043","Block Group 3, Census Tract 717.04, Pierce County, Washington"
"23371600","6602236","1500000US530530717051","Block Group 1, Census Tract 717.05, Pierce County, Washington"
"26332400","5656547","1500000US530530717052","Block Group 2, Census Tract 717.05, Pierce County, Washington"
"25464900","7208111","1500000US530530717053","Block Group 3, Census Tract 717.05, Pierce County, Washington"
"37203800","4578274","1500000US530530717061","Block Group 1, Census Tract 717.06, Pierce County, Washington"
"15356600","3587255","1500000US530530717071","Block Group 1, Census Tract 717.07, Pierce County, Washington"
"17333700","4682383","1500000US530530717072","Block Group 2, Census Tract 717.07, Pierce County, Washington"
"19444200","5053339","1500000US530530717073","Block Group 3, Census Tract 717.07, Pierce County, Washington"
"41716200","15221069","1500000US530530718031","Block Group 1, Census Tract 718.03, Pierce County, Washington"
"65875600","19161959","1500000US530530718032","Block Group 2, Census Tract 718.03, Pierce County, Washington"
"12720000","4328179","1500000US530530718033","Block Group 3, Census Tract 718.03, Pierce County, Washington"
"16532200","6564950","1500000US530530718034","Block Group 4, Census Tract 718.03, Pierce County, Washington"
"14232200","4370258","1500000US530530718051","Block Group 1, Census Tract 718.05, Pierce County, Washington"
"21926700","8729776","1500000US530530718052","Block Group 2, Census Tract 718.05, Pierce County, Washington"
"27067400","10187324","1500000US530530718053","Block Group 3, Census Tract 718.05, Pierce County, Washington"
"28601500","7475131","1500000US530530718061","Block Group 1, Census Tract 718.06, Pierce County, Washington"
"27521900","5925103","1500000US530530718062","Block Group 2, Census Tract 718.06, Pierce County, Washington"
"43079500","7302790","1500000US530530718071","Block Group 1, Census Tract 718.07, Pierce County, Washington"
"33309700","6953731","1500000US530530718072","Block Group 2, Census Tract 718.07, Pierce County, Washington"
"17436900","4982275","1500000US530530718081","Block Group 1, Census Tract 718.08, Pierce County, Washington"
"47338000","12833309","1500000US530530718082","Block Group 2, Census Tract 718.08, Pierce County, Washington"
"7069800","3499337","1500000US530530718083","Block Group 3, Census Tract 718.08, Pierce County, Washington"
"30328200","7423901","1500000US530530719011","Block Group 1, Census Tract 719.01, Pierce County, Washington"
"20988900","5684062","1500000US530530719012","Block Group 2, Census Tract 719.01, Pierce County, Washington"
"33651900","8387936","1500000US530530719013","Block Group 3, Census Tract 719.01, Pierce County, Washington"
"41249800","11193580","1500000US530530719014","Block Group 4, Census Tract 719.01, Pierce County, Washington"
"34953700","12014680","1500000US530530719021","Block Group 1, Census Tract 719.02, Pierce County, Washington"
"30652700","8942825","1500000US530530719022","Block Group 2, Census Tract 719.02, Pierce County, Washington"
"41269900","14861020","1500000US530530719023","Block Group 3, Census Tract 719.02, Pierce County, Washington"
"42933000","19954988","1500000US530530719024","Block Group 4, Census Tract 719.02, Pierce County, Washington"
"85303000","28314041","1500000US530530719025","Block Group 5, Census Tract 719.02, Pierce County, Washington"
"16060200","5517558","1500000US530530720001","Block Group 1, Census Tract 720, Pierce County, Washington"
"23097300","7001995","1500000US530530720002","Block Group 2, Census Tract 720, Pierce County, Washington"
"24267100","6871216","1500000US530530720003","Block Group 3, Census Tract 720, Pierce County, Washington"
"9539900","3830542","1500000US530530720004","Block Group 4, Census Tract 720, Pierce County, Washington"
"47710200","8499871","1500000US530530721051","Block Group 1, Census Tract 721.05, Pierce County, Washington"
"69594800","12769187","1500000US530530721052","Block Group 2, Census Tract 721.05, Pierce County, Washington"
"7880100","5540739","1500000US530530721053","Block Group 3, Census Tract 721.05, Pierce County, Washington"
"57386900","10982084","1500000US530530721054","Block Group 4, Census Tract 721.05, Pierce County, Washington"
"26893500","9085189","1500000US530530721061","Block Group 1, Census Tract 721.06, Pierce County, Washington"
"45926300","12590490","1500000US530530721062","Block Group 2, Census Tract 721.06, Pierce County, Washington"
"58775300","17120941","1500000US530530721063","Block Group 3, Census Tract 721.06, Pierce County, Washington"
"34845000","8798283","1500000US530530721064","Block Group 4, Census Tract 721.06, Pierce County, Washington"
"33019100","6377664","1500000US530530721071","Block Group 1, Census Tract 721.07, Pierce County, Washington"
"54290400","10654951","1500000US530530721072","Block Group 2, Census Tract 721.07, Pierce County, Washington"
"30080500","8294305","1500000US530530721073","Block Group 3, Census Tract 721.07, Pierce County, Washington"
"20337200","7241768","1500000US530530721074","Block Group 4, Census Tract 721.07, Pierce County, Washington"
"19285600","8414875","1500000US530530721081","Block Group 1, Census Tract 721.08, Pierce County, Washington"
"31800300","11150927","1500000US530530721082","Block Group 2, Census Tract 721.08, Pierce County, Washington"
"18975200","10706402","1500000US530530721083","Block Group 3, Census Tract 721.08, Pierce County, Washington"
"38825000","7078159","1500000US530530721084","Block Group 4, Census Tract 721.08, Pierce County, Washington"
"33460300","16389700","1500000US530530721085","Block Group 5, Census Tract 721.08, Pierce County, Washington"
"78136300","13593116","1500000US530530721091","Block Group 1, Census Tract 721.09, Pierce County, Washington"
"64918300","10323101","1500000US530530721092","Block Group 2, Census Tract 721.09, Pierce County, Washington"
"40501500","9673736","1500000US530530721111","Block Group 1, Census Tract 721.11, Pierce County, Washington"
"40499500","10697154","1500000US530530721112","Block Group 2, Census Tract 721.11, Pierce County, Washington"
"58279700","9189434","1500000US530530721121","Block Group 1, Census Tract 721.12, Pierce County, Washington"
"32046100","6026189","1500000US530530721122","Block Group 2, Census Tract 721.12, Pierce County, Washington"
"27558600","6906674","1500000US530530721123","Block Group 3, Census Tract 721.12, Pierce County, Washington"
"31030600","8659299","1500000US530530723051","Block Group 1, Census Tract 723.05, Pierce County, Washington"
"35882600","10318123","1500000US530530723052","Block Group 2, Census Tract 723.05, Pierce County, Washington"
"23550900","6522581","1500000US530530723053","Block Group 3, Census Tract 723.05, Pierce County, Washington"
"28025500","8490637","1500000US530530723054","Block Group 4, Census Tract 723.05, Pierce County, Washington"
"48224900","15965985","1500000US530530723055","Block Group 5, Census Tract 723.05, Pierce County, Washington"
"20336900","7390454","1500000US530530723056","Block Group 6, Census Tract 723.05, Pierce County, Washington"
"37020300","5684444","1500000US530530723071","Block Group 1, Census Tract 723.07, Pierce County, Washington"
"31791600","9216760","1500000US530530723072","Block Group 2, Census Tract 723.07, Pierce County, Washington"
"25390600","6637328","1500000US530530723073","Block Group 3, Census Tract 723.07, Pierce County, Washington"
"31328800","8482230","1500000US530530723074","Block Group 4, Census Tract 723.07, Pierce County, Washington"
"35468700","10049448","1500000US530530723081","Block Group 1, Census Tract 723.08, Pierce County, Washington"
"70474300","18208634","1500000US530530723082","Block Group 2, Census Tract 723.08, Pierce County, Washington"
"37864800","10305744","1500000US530530723083","Block Group 3, Census Tract 723.08, Pierce County, Washington"
"48790500","16481876","1500000US530530723084","Block Group 4, Census Tract 723.08, Pierce County, Washington"
"69252600","21852138","1500000US530530723085","Block Group 5, Census Tract 723.08, Pierce County, Washington"
"71476900","20799757","1500000US530530723091","Block Group 1, Census Tract 723.09, Pierce County, Washington"
"52079000","18183974","1500000US530530723092","Block Group 2, Census Tract 723.09, Pierce County, Washington"
"45334400","20980084","1500000US530530723093","Block Group 3, Census Tract 723.09, Pierce County, Washington"
"38642000","14565008","1500000US530530723094","Block Group 4, Census Tract 723.09, Pierce County, Washington"
"38121000","12270453","1500000US530530723101","Block Group 1, Census Tract 723.10, Pierce County, Washington"
"18953400","5291390","1500000US530530723102","Block Group 2, Census Tract 723.10, Pierce County, Washington"
"64035900","11422991","1500000US530530723103","Block Group 3, Census Tract 723.10, Pierce County, Washington"
"39275900","8034299","1500000US530530723111","Block Group 1, Census Tract 723.11, Pierce County, Washington"
"15724800","3509751","1500000US530530723112","Block Group 2, Census Tract 723.11, Pierce County, Washington"
"58965700","12991062","1500000US530530723113","Block Group 3, Census Tract 723.11, Pierce County, Washington"
"91903100","16463451","1500000US530530723121","Block Group 1, Census Tract 723.12, Pierce County, Washington"
"28311200","8795354","1500000US530530723122","Block Group 2, Census Tract 723.12, Pierce County, Washington"
"26665000","9619624","1500000US530530723123","Block Group 3, Census Tract 723.12, Pierce County, Washington"
"84608300","16674766","1500000US530530723131","Block Group 1, Census Tract 723.13, Pierce County, Washington"
"46536700","9893303","1500000US530530723132","Block Group 2, Census Tract 723.13, Pierce County, Washington"
"92252400","17785780","1500000US530530724051","Block Group 1, Census Tract 724.05, Pierce County, Washington"
"115642800","23308630","1500000US530530724052","Block Group 2, Census Tract 724.05, Pierce County, Washington"
"78011800","20261989","1500000US530530724061","Block Group 1, Census Tract 724.06, Pierce County, Washington"
"90403400","41728606","1500000US530530724062","Block Group 2, Census Tract 724.06, Pierce County, Washington"
"89833900","26513494","1500000US530530724063","Block Group 3, Census Tract 724.06, Pierce County, Washington"
"38960600","9525731","1500000US530530724071","Block Group 1, Census Tract 724.07, Pierce County, Washington"
"88467500","32778084","1500000US530530724072","Block Group 2, Census Tract 724.07, Pierce County, Washington"
"44857600","10837995","1500000US530530724073","Block Group 3, Census Tract 724.07, Pierce County, Washington"
"45669400","11187633","1500000US530530724081","Block Group 1, Census Tract 724.08, Pierce County, Washington"
"65516900","12040365","1500000US530530724082","Block Group 2, Census Tract 724.08, Pierce County, Washington"
"55693000","17096358","1500000US530530724083","Block Group 3, Census Tract 724.08, Pierce County, Washington"
"92365500","33438099","1500000US530530724084","Block Group 4, Census Tract 724.08, Pierce County, Washington"
"60337600","12655083","1500000US530530724091","Block Group 1, Census Tract 724.09, Pierce County, Washington"
"45892700","9025003","1500000US530530724092","Block Group 2, Census Tract 724.09, Pierce County, Washington"
"83330300","19950251","1500000US530530724101","Block Group 1, Census Tract 724.10, Pierce County, Washington"
"81812100","15955153","1500000US530530724102","Block Group 2, Census Tract 724.10, Pierce County, Washington"
"65799800","10714521","1500000US530530725031","Block Group 1, Census Tract 725.03, Pierce County, Washington"
"78744400","12355708","1500000US530530725032","Block Group 2, Census Tract 725.03, Pierce County, Washington"
"89833200","19926764","1500000US530530725041","Block Group 1, Census Tract 725.04, Pierce County, Washington"
"83630200","14568940","1500000US530530725042","Block Group 2, Census Tract 725.04, Pierce County, Washington"
"39678500","8940655","1500000US530530725051","Block Group 1, Census Tract 725.05, Pierce County, Washington"
"74292400","26874417","1500000US530530725052","Block Group 2, Census Tract 725.05, Pierce County, Washington"
"207208800","69076848","1500000US530530725053","Block Group 3, Census Tract 725.05, Pierce County, Washington"
"41614100","13347190","1500000US530530725054","Block Group 4, Census Tract 725.05, Pierce County, Washington"
"35269900","9046760","1500000US530530725061","Block Group 1, Census Tract 725.06, Pierce County, Washington"
"112784400","20877724","1500000US530530725062","Block Group 2, Census Tract 725.06, Pierce County, Washington"
"39279600","17277335","1500000US530530725071","Block Group 1, Census Tract 725.07, Pierce County, Washington"
"83154400","18502622","1500000US530530725072","Block Group 2, Census Tract 725.07, Pierce County, Washington"
"73734700","18822460","1500000US530530726011","Block Group 1, Census Tract 726.01, Pierce County, Washington"
"34771500","13053854","1500000US530530726012","Block Group 2, Census Tract 726.01, Pierce County, Washington"
"49070000","13845878","1500000US530530726013","Block Group 3, Census Tract 726.01, Pierce County, Washington"
"31984800","7547816","1500000US530530726021","Block Group 1, Census Tract 726.02, Pierce County, Washington"
"49718500","14541728","1500000US530530726022","Block Group 2, Census Tract 726.02, Pierce County, Washington"
"40536100","14349472","1500000US530530726023","Block Group 3, Census Tract 726.02, Pierce County, Washington"
"28656600","11584679","1500000US530530726031","Block Group 1, Census Tract 726.03, Pierce County, Washington"
"24010500","7602050","1500000US530530726032","Block Group 2, Census Tract 726.03, Pierce County, Washington"
"36476500","11500180","1500000US530530726033","Block Group 3, Census Tract 726.03, Pierce County, Washington"
"34315300","9343994","1500000US530530726034","Block Group 4, Census Tract 726.03, Pierce County, Washington"
"6792700","4919100","1500000US530530726035","Block Group 5, Census Tract 726.03, Pierce County, Washington"
"171674600","20313271","1500000US530530728001","Block Group 1, Census Tract 728, Pierce County, Washington"
"122844900","21395507","1500000US530530728002","Block Group 2, Census Tract 728, Pierce County, Washington"
"51595700","5746381","1500000US530530729011","Block Group 1, Census Tract 729.01, Pierce County, Washington"
"71639800","14218074","1500000US530530729031","Block Group 1, Census Tract 729.03, Pierce County, Washington"
"61244700","16493866","1500000US530530729051","Block Group 1, Census Tract 729.05, Pierce County, Washington"
"14300400","5500280","1500000US530530729052","Block Group 2, Census Tract 729.05, Pierce County, Washington"
"16635300","5151981","1500000US530530729053","Block Group 3, Census Tract 729.05, Pierce County, Washington"
"25784700","4804847","1500000US530530729061","Block Group 1, Census Tract 729.06, Pierce County, Washington"
"23498900","5350961","1500000US530530729062","Block Group 2, Census Tract 729.06, Pierce County, Washington"
"36014000","10628199","1500000US530530729071","Block Group 1, Census Tract 729.07, Pierce County, Washington"
"51569600","11403651","1500000US530530729072","Block Group 2, Census Tract 729.07, Pierce County, Washington"
"-","**","1500000US530530729073","Block Group 3, Census Tract 729.07, Pierce County, Washington"
"26110000","10633249","1500000US530530730011","Block Group 1, Census Tract 730.01, Pierce County, Washington"
"34218100","14632079","1500000US530530730012","Block Group 2, Census Tract 730.01, Pierce County, Washington"
"41668800","12942459","1500000US530530730013","Block Group 3, Census Tract 730.01, Pierce County, Washington"
"33325900","10045927","1500000US530530730014","Block Group 4, Census Tract 730.01, Pierce County, Washington"
"25396300","5601489","1500000US530530730015","Block Group 5, Census Tract 730.01, Pierce County, Washington"
"28579600","7814710","1500000US530530730051","Block Group 1, Census Tract 730.05, Pierce County, Washington"
"31099600","8811659","1500000US530530730052","Block Group 2, Census Tract 730.05, Pierce County, Washington"
"22319400","8906414","1500000US530530730053","Block Group 3, Census Tract 730.05, Pierce County, Washington"
"57822600","11545532","1500000US530530730054","Block Group 4, Census Tract 730.05, Pierce County, Washington"
"72100100","15915739","1500000US530530730061","Block Group 1, Census Tract 730.06, Pierce County, Washington"
"25526600","8654234","1500000US530530730062","Block Group 2, Census Tract 730.06, Pierce County, Washington"
"43341600","10661917","1500000US530530731081","Block Group 1, Census Tract 731.08, Pierce County, Washington"
"108263000","19098939","1500000US530530731082","Block Group 2, Census Tract 731.08, Pierce County, Washington"
"54829100","14763966","1500000US530530731083","Block Group 3, Census Tract 731.08, Pierce County, Washington"
"62432500","10501467","1500000US530530731101","Block Group 1, Census Tract 731.10, Pierce County, Washington"
"71080600","11333289","1500000US530530731102","Block Group 2, Census Tract 731.10, Pierce County, Washington"
"50654100","8882687","1500000US530530731111","Block Group 1, Census Tract 731.11, Pierce County, Washington"
"41870200","9450309","1500000US530530731112","Block Group 2, Census Tract 731.11, Pierce County, Washington"
"25224200","6322585","1500000US530530731113","Block Group 3, Census Tract 731.11, Pierce County, Washington"
"47358600","9263909","1500000US530530731131","Block Group 1, Census Tract 731.13, Pierce County, Washington"
"78104200","21939184","1500000US530530731132","Block Group 2, Census Tract 731.13, Pierce County, Washington"
"66420100","12648968","1500000US530530731133","Block Group 3, Census Tract 731.13, Pierce County, Washington"
"57675400","10737067","1500000US530530731141","Block Group 1, Census Tract 731.14, Pierce County, Washington"
"28812800","6464026","1500000US530530731142","Block Group 2, Census Tract 731.14, Pierce County, Washington"
"27472500","8551772","1500000US530530731143","Block Group 3, Census Tract 731.14, Pierce County, Washington"
"56899600","10916732","1500000US530530731151","Block Group 1, Census Tract 731.15, Pierce County, Washington"
"40783000","8180596","1500000US530530731152","Block Group 2, Census Tract 731.15, Pierce County, Washington"
"12127300","3091478","1500000US530530731153","Block Group 3, Census Tract 731.15, Pierce County, Washington"
"66425200","12838481","1500000US530530731161","Block Group 1, Census Tract 731.16, Pierce County, Washington"
"42497300","13440311","1500000US530530731162","Block Group 2, Census Tract 731.16, Pierce County, Washington"
"51195500","11805186","1500000US530530731171","Block Group 1, Census Tract 731.17, Pierce County, Washington"
"44939400","12165478","1500000US530530731172","Block Group 2, Census Tract 731.17, Pierce County, Washington"
"52628600","7595758","1500000US530530731181","Block Group 1, Census Tract 731.18, Pierce County, Washington"
"79630800","12044821","1500000US530530731182","Block Group 2, Census Tract 731.18, Pierce County, Washington"
"30529600","10636351","1500000US530530731191","Block Group 1, Census Tract 731.19, Pierce County, Washington"
"72820800","12556901","1500000US530530731192","Block Group 2, Census Tract 731.19, Pierce County, Washington"
"54269700","10660043","1500000US530530731201","Block Group 1, Census Tract 731.20, Pierce County, Washington"
"45297600","10335205","1500000US530530731202","Block Group 2, Census Tract 731.20, Pierce County, Washington"
"68791500","23346078","1500000US530530731211","Block Group 1, Census Tract 731.21, Pierce County, Washington"
"95481800","11200811","1500000US530530731212","Block Group 2, Census Tract 731.21, Pierce County, Washington"
"39810400","11857059","1500000US530530731221","Block Group 1, Census Tract 731.22, Pierce County, Washington"
"84244400","13557096","1500000US530530731222","Block Group 2, Census Tract 731.22, Pierce County, Washington"
"106376000","11171530","1500000US530530731231","Block Group 1, Census Tract 731.23, Pierce County, Washington"
"37634400","7442041","1500000US530530731232","Block Group 2, Census Tract 731.23, Pierce County, Washington"
"21145900","7460431","1500000US530530731241","Block Group 1, Census Tract 731.24, Pierce County, Washington"
"61585300","8603360","1500000US530530731242","Block Group 2, Census Tract 731.24, Pierce County, Washington"
"111481500","21652371","1500000US530530731251","Block Group 1, Census Tract 731.25, Pierce County, Washington"
"44883000","24440580","1500000US530530731252","Block Group 2, Census Tract 731.25, Pierce County, Washington"
"93238200","16576982","1500000US530530731253","Block Group 3, Census Tract 731.25, Pierce County, Washington"
"94223000","15278463","1500000US530530731261","Block Group 1, Census Tract 731.26, Pierce County, Washington"
"36123600","6517399","1500000US530530732001","Block Group 1, Census Tract 732, Pierce County, Washington"
"29119600","11037790","1500000US530530732002","Block Group 2, Census Tract 732, Pierce County, Washington"
"38080200","11889868","1500000US530530732003","Block Group 3, Census Tract 732, Pierce County, Washington"
"57133900","13053907","1500000US530530732004","Block Group 4, Census Tract 732, Pierce County, Washington"
"99943300","16904095","1500000US530530733011","Block Group 1, Census Tract 733.01, Pierce County, Washington"
"25749400","8049490","1500000US530530733012","Block Group 2, Census Tract 733.01, Pierce County, Washington"
"6563700","3629988","1500000US530530733013","Block Group 3, Census Tract 733.01, Pierce County, Washington"
"21275700","8216757","1500000US530530733014","Block Group 4, Census Tract 733.01, Pierce County, Washington"
"39656600","8193771","1500000US530530733021","Block Group 1, Census Tract 733.02, Pierce County, Washington"
"41949400","8376362","1500000US530530733022","Block Group 2, Census Tract 733.02, Pierce County, Washington"
"35956400","7986392","1500000US530530733023","Block Group 3, Census Tract 733.02, Pierce County, Washington"
"43668800","16515149","1500000US530530734041","Block Group 1, Census Tract 734.04, Pierce County, Washington"
"22505800","10521826","1500000US530530734042","Block Group 2, Census Tract 734.04, Pierce County, Washington"
"24501100","7811530","1500000US530530734043","Block Group 3, Census Tract 734.04, Pierce County, Washington"
"36425900","9319706","1500000US530530734044","Block Group 4, Census Tract 734.04, Pierce County, Washington"
"67033300","12499949","1500000US530530734045","Block Group 5, Census Tract 734.04, Pierce County, Washington"
"55826200","11821548","1500000US530530734051","Block Group 1, Census Tract 734.05, Pierce County, Washington"
"46663000","11716462","1500000US530530734052","Block Group 2, Census Tract 734.05, Pierce County, Washington"
"66781300","16475329","1500000US530530734061","Block Group 1, Census Tract 734.06, Pierce County, Washington"
"39866500","10785096","1500000US530530734062","Block Group 2, Census Tract 734.06, Pierce County, Washington"
"60097100","13054806","1500000US530530734063","Block Group 3, Census Tract 734.06, Pierce County, Washington"
"32333000","6274227","1500000US530530734071","Block Group 1, Census Tract 734.07, Pierce County, Washington"
"24078000","7748705","1500000US530530734072","Block Group 2, Census Tract 734.07, Pierce County, Washington"
"43331200","10022343","1500000US530530734073","Block Group 3, Census Tract 734.07, Pierce County, Washington"
"48225500","7513589","1500000US530530734081","Block Group 1, Census Tract 734.08, Pierce County, Washington"
"37865800","6271701","1500000US530530734082","Block Group 2, Census Tract 734.08, Pierce County, Washington"
"22563900","6409004","1500000US530530734083","Block Group 3, Census Tract 734.08, Pierce County, Washington"
"52196200","17858133","1500000US530530735001","Block Group 1, Census Tract 735, Pierce County, Washington"
"45255800","14505029","1500000US530530735002","Block Group 2, Census Tract 735, Pierce County, Washington"
"36457400","13212269","1500000US530530735003","Block Group 3, Census Tract 735, Pierce County, Washington"
"43761100","15455213","1500000US530530735004","Block Group 4, Census Tract 735, Pierce County, Washington"
"31791500","9264798","1500000US530530735005","Block Group 5, Census Tract 735, Pierce County, Washington"
"46115600","12227303","1500000US530530735006","Block Group 6, Census Tract 735, Pierce County, Washington"
"63414000","9401952","1500000US530539400011","Block Group 1, Census Tract 9400.01, Pierce County, Washington"
"74777600","14303791","1500000US530539400012","Block Group 2, Census Tract 9400.01, Pierce County, Washington"
"44544300","7386026","1500000US530539400021","Block Group 1, Census Tract 9400.02, Pierce County, Washington"
"25409400","4418926","1500000US530539400022","Block Group 2, Census Tract 9400.02, Pierce County, Washington"
"28508200","5012200","1500000US530539400023","Block Group 3, Census Tract 9400.02, Pierce County, Washington"
"95644000","10536553","1500000US530539400031","Block Group 1, Census Tract 9400.03, Pierce County, Washington"
"48168000","8243491","1500000US530539400032","Block Group 2, Census Tract 9400.03, Pierce County, Washington"
"42467400","6142498","1500000US530539400033","Block Group 3, Census Tract 9400.03, Pierce County, Washington"
"42168500","12398616","1500000US530539400041","Block Group 1, Census Tract 9400.04, Pierce County, Washington"
"21681500","7906034","1500000US530539400042","Block Group 2, Census Tract 9400.04, Pierce County, Washington"
"21157200","3201639","1500000US530539400043","Block Group 3, Census Tract 9400.04, Pierce County, Washington"
"23403100","4106828","1500000US530539400044","Block Group 4, Census Tract 9400.04, Pierce County, Washington"
"44688900","5688933","1500000US530539400045","Block Group 5, Census Tract 9400.04, Pierce County, Washington"
"50180800","6300449","1500000US530539400046","Block Group 6, Census Tract 9400.04, Pierce County, Washington"
"43037400","7643426","1500000US530539400051","Block Group 1, Census Tract 9400.05, Pierce County, Washington"
"61018800","7574899","1500000US530539400052","Block Group 2, Census Tract 9400.05, Pierce County, Washington"
"58153000","6583239","1500000US530539400053","Block Group 3, Census Tract 9400.05, Pierce County, Washington"
"18707400","4459614","1500000US530539400061","Block Group 1, Census Tract 9400.06, Pierce County, Washington"
"8136100","2059531","1500000US530539400062","Block Group 2, Census Tract 9400.06, Pierce County, Washington"
"12496400","4429829","1500000US530539400071","Block Group 1, Census Tract 9400.07, Pierce County, Washington"
"22832500","4865428","1500000US530539400072","Block Group 2, Census Tract 9400.07, Pierce County, Washington"
"16484600","3157326","1500000US530539400073","Block Group 3, Census Tract 9400.07, Pierce County, Washington"
"92643900","9073039","1500000US530539400081","Block Group 1, Census Tract 9400.08, Pierce County, Washington"
"57662000","7704423","1500000US530539400082","Block Group 2, Census Tract 9400.08, Pierce County, Washington"
"61153100","8302912","1500000US530539400083","Block Group 3, Census Tract 9400.08, Pierce County, Washington"
"51541500","7878637","1500000US530539400091","Block Group 1, Census Tract 9400.09, Pierce County, Washington"
"42209100","9041154","1500000US530539400092","Block Group 2, Census Tract 9400.09, Pierce County, Washington"
"49714800","10033347","1500000US530539400101","Block Group 1, Census Tract 9400.10, Pierce County, Washington"
"38904000","7587908","1500000US530539400102","Block Group 2, Census Tract 9400.10, Pierce County, Washington"
"19904900","7945823","1500000US530539400103","Block Group 3, Census Tract 9400.10, Pierce County, Washington"
"71669300","10016411","1500000US530539400111","Block Group 1, Census Tract 9400.11, Pierce County, Washington"
"99274900","14253096","1500000US530539400112","Block Group 2, Census Tract 9400.11, Pierce County, Washington"
"51421200","8559552","1500000US530539400113","Block Group 3, Census Tract 9400.11, Pierce County, Washington"
