id,newid,Y2015_ttl,Y2015_white_col,Y2015_man_bus_fin,Y2015_manag,Y2015_busi_fina,Y2015_com_eng_sci,Y2015_comp_math,Y2015_archi_engi,Y2015_lif_phy_socs,Y2015_edu_leg_cs_art,Y2015_com_serv,Y2015_legal,Y2015_educ_tr_lib,Y2015_art_enter_med,Y2015_healthc,Y2015_health_dia_tr,Y2015_health_tech,Y2015_service,Y2015_health_support,Y2015_protect,Y2015_fire_fight,Y2015_cop,Y2015_food_prep,Y2015_grounds_maint,Y2015_pers_care_serv,Y2015_sales_office,Y2015_sales,Y2015_office_admin,Y2015_nat_rec_con_maint,Y2015_farm_fish_forest,Y2015_construction_extraction,Y2015_install_rep_main,Y2015_prod_tran_mov,Y2015_production,Y2015_transportation,Y2015_moving
1500000US530530602001,530602001,562,270,118,75,43,37,4,9,24,60,6,13,18,23,55,55,0,55,3,23,16,7,15,0,14,158,112,46,28,0,28,0,51,7,9,28
1500000US530530603001,530603001,461,259,80,73,7,0,0,0,0,88,5,6,69,8,91,83,8,41,12,0,0,0,0,13,16,123,32,91,10,0,10,0,28,7,12,9
1500000US530530603002,530603002,642,309,167,134,33,50,9,39,2,69,15,7,47,0,23,9,14,90,7,15,15,0,7,53,8,153,95,58,48,0,16,32,42,0,24,5
1500000US530530603003,530603003,960,414,106,63,43,22,15,5,2,185,25,16,126,18,101,66,35,168,23,32,23,9,51,21,41,185,53,132,82,8,48,26,111,34,45,32
1500000US530530604001,530604001,295,218,64,53,11,18,0,18,0,76,9,26,41,0,60,60,0,17,0,0,0,0,0,6,11,25,7,18,17,0,0,17,18,8,10,0
1500000US530530604002,530604002,359,226,56,33,23,46,13,33,0,72,18,0,47,7,52,52,0,40,9,10,10,0,21,0,0,44,27,17,18,0,18,0,31,9,15,7
1500000US530530604003,530604003,372,242,57,32,25,18,0,18,0,106,17,16,55,18,61,53,8,104,25,34,16,18,33,6,6,7,0,7,0,0,0,0,19,10,9,0
1500000US530530604004,530604004,638,273,119,42,77,56,27,29,0,53,6,0,21,26,45,8,37,103,0,11,0,11,48,9,35,145,46,99,75,0,67,8,42,6,36,0
1500000US530530604005,530604005,436,201,122,84,38,6,0,6,0,18,4,0,14,0,55,27,28,42,14,20,10,10,0,0,8,163,73,90,6,0,6,0,24,0,24,0
1500000US530530605001,530605001,454,260,91,76,15,61,39,10,12,26,7,0,9,10,82,82,0,0,0,0,0,0,0,0,0,155,115,40,0,0,0,0,39,31,8,0
1500000US530530605002,530605002,490,306,171,77,94,8,0,8,0,49,0,8,9,32,78,78,0,35,18,0,0,0,0,10,7,84,62,22,35,0,35,0,30,0,10,20
1500000US530530605003,530605003,480,222,81,81,0,34,6,28,0,80,24,9,37,10,27,18,9,59,6,32,32,0,6,0,15,147,42,105,9,0,9,0,43,21,12,10
1500000US530530605004,530605004,328,174,86,64,22,6,0,0,6,76,8,21,23,24,6,6,0,52,0,14,14,0,29,0,9,82,73,9,10,0,10,0,10,0,10,0
1500000US530530605005,530605005,574,383,164,96,68,20,9,11,0,122,18,19,72,13,77,65,12,71,6,0,0,0,21,6,38,70,34,36,40,0,22,18,10,10,0,0
1500000US530530606001,530606001,561,443,174,164,10,52,43,0,9,136,0,48,88,0,81,68,13,31,24,0,0,0,1,2,4,71,0,71,16,0,16,0,0,0,0,0
1500000US530530606002,530606002,705,239,180,65,115,0,0,0,0,17,0,0,17,0,42,42,0,113,13,0,0,0,61,39,0,131,27,104,148,0,134,14,74,0,15,12
1500000US530530606003,530606003,506,260,148,94,54,0,0,0,0,97,33,16,48,0,15,15,0,85,30,0,0,0,15,0,40,105,14,91,15,0,15,0,41,0,0,41
1500000US530530606004,530606004,474,298,70,70,0,77,19,26,32,133,17,14,102,0,18,18,0,46,0,0,0,0,13,0,33,58,14,44,14,0,14,0,58,16,42,0
1500000US530530606005,530606005,392,198,14,14,0,54,11,43,0,90,11,0,42,37,40,40,0,57,0,13,13,0,30,14,0,58,0,58,62,0,49,13,17,0,17,0
1500000US530530606006,530606006,210,108,52,52,0,14,0,0,14,29,0,0,29,0,13,13,0,63,0,0,0,0,63,0,0,39,10,29,0,0,0,0,0,0,0,0
1500000US530530607001,530607001,656,282,208,170,38,0,0,0,0,46,0,31,0,15,28,28,0,92,22,0,0,0,0,32,38,172,101,71,28,0,15,13,82,22,60,0
1500000US530530607002,530607002,500,211,71,30,41,22,0,22,0,103,13,0,90,0,15,15,0,85,14,14,14,0,17,0,40,141,73,68,22,0,22,0,41,25,16,0
1500000US530530607003,530607003,772,387,139,99,40,33,33,0,0,124,20,0,88,16,91,91,0,173,0,20,20,0,52,0,101,160,116,44,17,0,0,17,35,35,0,0
1500000US530530607004,530607004,632,239,100,83,17,92,0,92,0,47,15,32,0,0,0,0,0,161,0,13,13,0,68,21,59,120,45,75,72,46,26,0,40,40,0,0
1500000US530530607005,530607005,565,112,15,0,15,18,18,0,0,75,5,0,66,4,4,0,4,191,0,40,40,0,96,15,40,239,35,204,0,0,0,0,23,23,0,0
1500000US530530607006,530607006,307,159,90,41,49,22,10,0,12,47,6,0,37,4,0,0,0,74,0,14,14,0,4,0,56,45,6,39,0,0,0,0,29,0,0,29
1500000US530530608001,530608001,462,268,51,0,51,88,20,68,0,98,30,5,48,15,31,20,11,0,0,0,0,0,0,0,0,107,50,57,16,0,15,1,71,16,55,0
1500000US530530608002,530608002,383,204,69,69,0,75,48,14,13,60,25,0,0,35,0,0,0,15,15,0,0,0,0,0,0,84,34,50,50,0,35,15,30,0,30,0
1500000US530530608003,530608003,459,166,75,62,13,34,0,34,0,43,0,11,32,0,14,14,0,125,0,64,0,64,56,0,5,88,59,29,39,0,39,0,41,17,13,11
1500000US530530608004,530608004,248,117,0,0,0,17,0,17,0,64,10,13,41,0,36,20,16,28,0,0,0,0,0,0,28,49,0,49,25,0,25,0,29,0,0,0
1500000US530530608005,530608005,447,177,88,78,10,14,14,0,0,13,0,0,13,0,62,48,14,63,17,0,0,0,17,29,0,55,26,29,79,0,16,63,73,45,28,0
1500000US530530608006,530608006,498,265,44,34,10,7,7,0,0,200,13,13,174,0,14,14,0,56,14,0,0,0,17,12,13,80,49,31,64,0,52,12,33,0,19,0
1500000US530530608007,530608007,291,96,65,42,23,8,0,0,8,0,0,0,0,0,23,11,12,31,16,0,0,0,0,0,15,80,37,43,71,0,58,13,13,0,13,0
1500000US530530609031,530609031,433,141,70,53,17,22,0,15,7,35,0,0,35,0,14,5,9,142,0,6,0,6,118,13,5,102,48,54,16,0,6,10,32,11,10,0
1500000US530530609032,530609032,347,161,60,38,22,40,10,30,0,45,9,10,26,0,16,10,6,70,7,3,3,0,15,15,30,83,40,43,0,0,0,0,33,13,11,9
1500000US530530609033,530609033,743,350,138,102,36,45,38,7,0,93,13,32,41,7,74,74,0,126,13,0,0,0,48,5,60,126,30,96,70,0,43,27,71,23,39,9
1500000US530530609041,530609041,451,68,18,18,0,31,31,0,0,19,0,13,6,0,0,0,0,106,15,0,0,0,60,31,0,158,64,94,70,0,70,0,49,15,15,0
1500000US530530609042,530609042,1004,484,188,107,81,122,68,54,0,159,66,17,43,33,15,0,15,224,35,0,0,0,88,64,37,142,67,75,57,0,39,18,97,97,0,0
1500000US530530609043,530609043,681,143,73,73,0,22,22,0,0,37,10,0,14,13,11,0,11,114,36,10,0,10,67,0,1,164,113,51,0,0,0,0,260,103,0,157
1500000US530530609044,530609044,704,208,117,75,42,37,37,0,0,0,0,0,0,0,54,37,17,188,31,0,0,0,15,51,91,239,134,105,41,0,41,0,28,0,0,28
1500000US530530609051,530609051,871,404,170,78,92,14,0,14,0,116,48,0,68,0,104,59,45,121,32,26,26,0,15,14,34,168,94,74,92,0,15,77,86,73,0,13
1500000US530530609052,530609052,348,113,19,19,0,0,0,0,0,66,49,0,0,17,28,9,19,43,0,0,0,0,43,0,0,102,76,26,90,0,44,46,0,0,0,0
1500000US530530609053,530609053,463,236,138,109,29,24,24,0,0,59,0,41,0,18,15,0,15,97,0,0,0,0,33,18,46,74,16,58,0,0,0,0,56,0,56,0
1500000US530530609054,530609054,634,282,199,121,78,0,0,0,0,59,0,31,28,0,24,9,15,153,35,12,12,0,33,38,35,140,16,124,59,0,59,0,0,0,0,0
1500000US530530609055,530609055,585,257,89,49,40,31,31,0,0,71,25,0,46,0,66,48,18,89,0,19,19,0,44,0,26,222,158,64,17,0,0,17,0,0,0,0
1500000US530530609061,530609061,663,270,91,50,41,32,15,10,7,119,33,0,78,8,28,13,15,116,20,13,0,13,60,7,16,129,46,83,68,0,44,24,80,5,56,19
1500000US530530609062,530609062,341,130,19,13,6,15,5,0,10,90,28,10,42,10,6,6,0,42,5,0,0,0,11,5,21,110,53,57,39,0,34,5,20,20,0,0
1500000US530530610011,530610011,480,129,56,38,18,20,20,0,0,19,0,0,0,19,34,19,15,29,0,11,0,11,0,10,8,214,154,60,48,0,25,23,60,43,0,9
1500000US530530610012,530610012,323,172,52,24,28,9,0,9,0,0,0,0,0,0,111,103,8,44,0,8,8,0,12,13,11,89,46,43,8,0,0,8,10,0,0,10
1500000US530530610013,530610013,892,460,141,106,35,81,48,24,9,123,0,50,73,0,115,90,25,140,18,22,10,12,52,29,19,171,111,60,76,0,67,9,45,28,8,9
1500000US530530610021,530610021,638,173,30,0,30,18,7,11,0,73,0,0,49,24,52,52,0,303,88,36,36,0,20,113,46,115,57,58,11,0,11,0,36,12,7,17
1500000US530530610022,530610022,474,102,63,0,63,0,0,0,0,28,13,0,15,0,11,11,0,0,0,0,0,0,0,0,0,241,51,190,106,0,14,92,25,25,0,0
1500000US530530610023,530610023,296,98,66,54,12,0,0,0,0,32,0,5,11,16,0,0,0,55,0,33,33,0,12,10,0,103,38,65,11,0,11,0,29,29,0,0
1500000US530530610024,530610024,241,72,18,0,18,24,9,15,0,30,19,0,11,0,0,0,0,27,0,0,0,0,0,0,27,78,16,62,28,0,28,0,36,24,0,12
1500000US530530611001,530611001,634,177,47,19,28,0,0,0,0,94,15,0,79,0,36,19,17,156,0,0,0,0,72,84,0,285,127,158,16,0,16,0,0,0,0,0
1500000US530530611002,530611002,235,78,15,0,15,32,17,15,0,14,0,0,14,0,17,0,17,77,29,16,0,16,15,0,17,15,0,15,33,0,33,0,32,0,14,18
1500000US530530611003,530611003,177,78,38,16,22,16,16,0,0,24,0,0,24,0,0,0,0,44,0,0,0,0,44,0,0,28,10,18,15,0,0,15,12,12,0,0
1500000US530530611004,530611004,289,98,0,0,0,0,0,0,0,98,16,0,82,0,0,0,0,93,25,0,0,0,42,0,26,35,0,35,17,0,17,0,46,0,46,0
1500000US530530611005,530611005,663,213,98,30,68,12,12,0,0,52,25,15,12,0,51,17,34,76,18,35,13,22,0,0,23,226,53,173,65,0,21,44,83,67,0,16
1500000US530530611006,530611006,818,323,40,40,0,40,40,0,0,167,74,0,93,0,76,25,51,121,53,0,0,0,32,36,0,139,17,122,16,0,16,0,219,110,31,61
1500000US530530611007,530611007,544,251,169,84,85,0,0,0,0,46,0,0,40,6,36,12,24,46,0,0,0,0,30,16,0,106,26,80,43,0,11,32,98,23,30,45
1500000US530530612001,530612001,505,231,70,55,15,39,9,20,10,93,0,0,72,21,29,0,29,108,10,0,0,0,62,36,0,87,17,70,0,0,0,0,79,70,0,9
1500000US530530612002,530612002,419,160,72,40,32,7,7,0,0,60,41,0,19,0,21,10,11,85,0,45,45,0,32,0,8,140,52,88,7,0,0,7,27,6,11,10
1500000US530530612003,530612003,475,166,28,28,0,0,0,0,0,100,39,0,24,37,38,27,11,102,26,7,7,0,41,8,20,56,17,39,36,0,0,36,115,45,63,7
1500000US530530612004,530612004,366,58,30,30,0,0,0,0,0,11,0,0,0,11,17,17,0,27,0,0,0,0,27,0,0,215,110,105,34,0,34,0,32,32,0,0
1500000US530530612005,530612005,329,228,90,57,33,72,46,17,9,66,21,0,45,0,0,0,0,18,0,0,0,0,10,8,0,66,21,45,9,0,9,0,8,0,8,0
1500000US530530612006,530612006,509,273,27,18,9,28,18,0,10,114,20,0,68,26,104,43,61,149,0,0,0,0,117,12,20,55,19,36,24,7,8,9,8,0,8,0
1500000US530530613001,530613001,304,79,42,19,23,17,0,0,17,20,0,0,20,0,0,0,0,90,0,13,13,0,39,15,23,75,47,28,12,0,12,0,48,25,16,7
1500000US530530613002,530613002,390,161,88,19,69,12,0,12,0,54,29,25,0,0,7,7,0,70,0,23,23,0,16,24,7,23,0,23,43,0,43,0,93,67,0,0
1500000US530530613003,530613003,376,83,27,27,0,7,7,0,0,10,10,0,0,0,39,39,0,119,7,14,14,0,47,15,36,86,47,39,28,0,11,17,60,24,0,24
1500000US530530613004,530613004,315,161,45,36,9,58,31,0,27,50,27,0,23,0,8,8,0,86,55,0,0,0,16,8,7,7,0,7,25,0,6,19,36,7,12,17
1500000US530530613005,530613005,372,34,18,12,6,0,0,0,0,0,0,0,0,0,16,6,10,62,25,0,0,0,19,5,13,121,15,106,53,20,11,22,102,7,61,27
1500000US530530613006,530613006,361,145,35,7,28,9,9,0,0,80,10,26,44,0,21,21,0,82,0,0,0,0,16,0,66,57,6,51,32,0,24,8,45,5,40,0
1500000US530530614001,530614001,410,100,15,6,9,22,9,13,0,54,7,0,24,23,9,0,9,148,9,0,0,0,108,6,25,92,22,70,15,0,8,7,55,29,7,19
1500000US530530614002,530614002,221,38,7,7,0,0,0,0,0,23,8,5,10,0,8,0,8,138,0,20,20,0,51,29,38,21,12,9,9,0,0,9,15,0,7,8
1500000US530530614003,530614003,315,137,74,66,8,10,0,10,0,53,21,18,0,14,0,0,0,85,7,0,0,0,20,20,38,43,25,18,6,0,6,0,44,19,25,0
1500000US530530615001,530615001,922,487,187,127,60,81,17,36,28,188,0,0,93,95,31,31,0,206,0,0,0,0,150,0,56,89,80,9,36,0,0,36,104,32,72,0
1500000US530530615002,530615002,750,431,133,45,88,24,0,0,24,187,28,13,81,65,87,13,74,135,17,0,0,0,31,16,71,128,74,54,37,0,0,37,19,0,0,19
1500000US530530615003,530615003,547,178,51,39,12,23,0,0,23,104,14,73,17,0,0,0,0,91,10,0,0,0,45,11,25,133,60,73,63,0,63,0,82,44,12,26
1500000US530530615004,530615004,516,169,69,41,28,0,0,0,0,52,0,23,29,0,48,23,25,121,0,38,38,0,83,0,0,102,46,56,98,49,0,49,26,12,14,0
1500000US530530616011,530616011,772,472,124,104,20,97,28,44,25,178,35,32,82,29,73,51,22,141,17,21,21,0,44,42,17,113,58,55,20,0,10,10,26,7,0,19
1500000US530530616021,530616021,404,220,60,45,15,42,26,13,3,49,18,7,10,14,69,61,8,64,13,8,3,5,31,4,8,56,20,36,37,0,29,8,27,18,9,0
1500000US530530617001,530617001,599,224,60,46,14,39,25,14,0,58,0,0,40,18,67,31,36,159,0,47,47,0,96,8,8,82,39,43,10,0,10,0,124,75,13,36
1500000US530530617002,530617002,459,95,6,0,6,9,0,9,0,53,46,0,0,7,27,27,0,51,0,10,10,0,17,8,16,52,0,52,26,0,0,26,235,155,0,80
1500000US530530617003,530617003,281,131,59,37,22,10,10,0,0,48,0,7,18,23,14,14,0,63,18,0,0,0,6,0,39,64,57,7,23,0,23,0,0,0,0,0
1500000US530530617004,530617004,294,69,7,7,0,54,54,0,0,8,0,8,0,0,0,0,0,51,0,0,0,0,31,14,6,29,0,29,117,13,70,34,28,15,13,0
1500000US530530617005,530617005,412,114,31,31,0,0,0,0,0,83,11,14,51,7,0,0,0,107,0,8,0,8,73,26,0,74,36,38,21,0,0,21,96,21,55,20
1500000US530530618001,530618001,325,122,81,71,10,0,0,0,0,41,37,0,4,0,0,0,0,70,6,15,15,0,9,7,33,72,38,34,15,0,4,11,46,25,15,6
1500000US530530618002,530618002,551,101,22,15,7,36,36,0,0,38,0,8,22,8,5,0,5,131,5,15,15,0,23,4,84,103,28,75,14,0,0,14,202,94,57,51
1500000US530530618003,530618003,264,62,13,13,0,0,0,0,0,49,14,28,0,7,0,0,0,37,0,0,0,0,0,0,37,82,55,27,0,0,0,0,83,27,21,35
1500000US530530619001,530619001,306,68,9,4,5,15,0,9,6,44,15,0,20,9,0,0,0,77,7,0,0,0,32,5,33,66,38,28,48,0,48,0,47,19,10,0
1500000US530530619002,530619002,352,143,97,89,8,0,0,0,0,25,9,0,10,6,21,0,21,57,12,5,5,0,17,23,0,99,46,53,4,0,4,0,49,0,18,26
1500000US530530620001,530620001,394,66,30,7,23,16,16,0,0,20,20,0,0,0,0,0,0,94,0,11,0,11,19,64,0,83,9,74,86,0,9,77,65,33,17,7
1500000US530530620002,530620002,423,95,46,31,15,4,0,4,0,43,10,0,30,3,2,0,2,140,17,10,10,0,51,49,13,99,27,72,8,4,4,0,81,38,29,5
1500000US530530620003,530620003,445,127,30,7,23,20,9,11,0,71,21,0,44,6,6,6,0,76,0,7,7,0,24,36,9,104,8,96,24,0,0,24,114,71,14,29
1500000US530530620004,530620004,607,165,97,77,20,8,8,0,0,26,7,0,19,0,34,8,26,87,8,7,0,7,30,28,14,215,54,161,76,0,26,50,64,17,38,9
1500000US530530623001,530623001,612,210,108,84,24,27,14,13,0,74,13,28,12,21,1,0,1,211,26,4,4,0,60,20,101,93,5,88,62,0,44,18,36,13,10,6
1500000US530530623002,530623002,519,77,15,15,0,0,0,0,0,62,2,0,27,33,0,0,0,194,12,0,0,0,31,123,28,60,17,43,75,20,49,6,113,7,58,48
1500000US530530623003,530623003,615,162,91,84,7,24,16,8,0,47,15,0,13,19,0,0,0,141,0,52,14,38,17,0,72,106,13,93,21,0,16,5,185,100,57,28
1500000US530530623004,530623004,486,93,10,10,0,0,0,0,0,75,33,0,42,0,8,0,8,109,15,0,0,0,0,45,49,156,124,32,85,0,32,53,43,13,19,11
1500000US530530624001,530624001,716,176,162,119,43,0,0,0,0,14,0,0,0,14,0,0,0,272,0,0,0,0,173,9,90,82,41,41,55,0,55,0,131,27,19,59
1500000US530530624002,530624002,431,98,51,40,11,0,0,0,0,34,0,0,0,34,13,13,0,81,0,42,42,0,0,0,39,179,39,140,0,0,0,0,73,54,19,0
1500000US530530624003,530624003,609,179,122,110,12,15,0,15,0,42,0,0,42,0,0,0,0,126,0,61,12,49,50,0,15,124,51,73,87,0,67,20,93,0,93,0
1500000US530530624004,530624004,536,180,44,0,44,82,82,0,0,48,0,18,30,0,6,0,6,134,0,0,0,0,21,43,70,137,46,91,85,0,0,85,0,0,0,0
1500000US530530624005,530624005,336,40,12,12,0,0,0,0,0,11,0,0,11,0,17,17,0,82,0,0,0,0,39,0,43,102,54,48,112,15,97,0,0,0,0,0
1500000US530530625001,530625001,541,111,77,10,67,0,0,0,0,34,0,0,34,0,0,0,0,99,31,0,0,0,0,46,22,182,68,114,59,0,11,48,90,33,38,19
1500000US530530625002,530625002,646,43,0,0,0,11,11,0,0,28,13,15,0,0,4,0,4,210,82,11,11,0,0,95,22,259,157,102,88,0,88,0,46,0,46,0
1500000US530530625003,530625003,203,108,43,43,0,0,0,0,0,20,0,0,17,3,45,45,0,56,0,0,0,0,28,0,28,0,0,0,18,2,16,0,21,21,0,0
1500000US530530625004,530625004,475,60,27,0,27,0,0,0,0,11,0,0,11,0,22,0,22,104,0,0,0,0,61,43,0,152,107,45,100,0,51,49,59,40,19,0
1500000US530530625005,530625005,912,126,67,14,53,0,0,0,0,59,0,47,0,12,0,0,0,238,63,0,0,0,48,0,127,399,114,285,45,0,33,12,104,50,42,0
1500000US530530625006,530625006,463,108,31,31,0,0,0,0,0,55,10,0,45,0,22,11,11,123,19,61,61,0,37,6,0,147,124,23,0,0,0,0,85,63,22,0
1500000US530530625007,530625007,516,160,93,93,0,11,11,0,0,31,16,0,15,0,25,0,25,221,26,57,0,57,98,0,40,40,22,18,46,0,46,0,49,0,22,27
1500000US530530626001,530626001,571,146,52,39,13,0,0,0,0,71,7,10,46,8,23,12,11,137,14,9,9,0,43,29,42,135,8,127,92,0,72,20,61,25,20,16
1500000US530530626002,530626002,1038,248,126,79,47,0,0,0,0,80,14,10,56,0,42,0,42,238,16,8,0,8,102,86,26,320,159,161,70,0,32,38,162,55,82,25
1500000US530530628011,530628011,589,143,33,33,0,0,0,0,0,60,0,0,60,0,50,0,50,162,60,0,0,0,20,30,52,179,114,65,105,0,105,0,0,0,0,0
1500000US530530628012,530628012,992,156,112,83,29,0,0,0,0,24,0,0,24,0,20,20,0,482,49,0,0,0,245,67,121,151,89,62,121,28,70,23,82,50,10,22
1500000US530530628013,530628013,833,361,175,153,22,49,37,0,12,113,40,0,73,0,24,0,24,141,0,0,0,0,32,62,47,233,94,139,0,0,0,0,98,34,7,57
1500000US530530628014,530628014,630,212,21,21,0,36,36,0,0,77,48,13,16,0,78,66,12,181,52,0,0,0,85,0,44,168,53,115,42,0,42,0,27,15,0,12
1500000US530530628021,530628021,876,288,140,68,72,10,0,0,10,68,16,18,24,10,70,36,34,263,10,87,79,8,77,33,56,189,110,79,54,0,47,7,82,13,13,56
1500000US530530628022,530628022,612,68,8,0,8,6,0,6,0,35,0,24,11,0,19,19,0,240,18,0,0,0,105,44,73,76,38,38,135,0,51,84,93,0,22,35
1500000US530530628023,530628023,419,122,56,16,40,5,0,5,0,27,21,0,6,0,34,34,0,98,43,30,8,22,7,8,10,88,63,25,70,0,12,58,41,21,0,20
1500000US530530629001,530629001,1301,287,132,50,82,24,13,11,0,82,9,10,63,0,49,9,40,459,91,40,0,40,37,172,119,315,166,149,148,0,86,62,92,45,0,0
1500000US530530629002,530629002,667,110,86,17,69,0,0,0,0,6,0,0,6,0,18,18,0,213,0,94,49,45,13,93,13,232,59,173,25,0,25,0,87,25,0,62
1500000US530530629003,530629003,403,111,36,15,21,54,40,14,0,13,0,0,13,0,8,0,8,74,41,0,0,0,15,18,0,79,47,32,68,1,67,0,71,40,17,14
1500000US530530629004,530629004,434,90,14,14,0,0,0,0,0,76,0,0,58,18,0,0,0,182,17,0,0,0,0,68,97,37,0,37,38,0,25,13,87,40,23,24
1500000US530530629005,530629005,341,46,28,28,0,6,0,0,6,12,0,0,0,12,0,0,0,150,51,0,0,0,62,0,37,31,0,31,53,0,53,0,61,61,0,0
1500000US530530629006,530629006,361,42,17,8,9,0,0,0,0,0,0,0,0,0,25,25,0,122,19,0,0,0,24,27,52,24,24,0,64,0,0,64,109,25,28,56
1500000US530530630001,530630001,665,136,93,46,47,25,0,25,0,18,0,0,8,10,0,0,0,201,7,12,0,12,76,30,76,138,41,97,39,0,29,10,151,67,60,24
1500000US530530630002,530630002,917,143,39,20,19,0,0,0,0,62,0,0,62,0,42,0,42,156,26,60,60,0,62,0,8,260,58,202,187,9,130,48,171,82,8,81
1500000US530530631001,530631001,464,137,81,51,30,37,24,0,13,19,0,0,19,0,0,0,0,166,38,10,10,0,40,45,33,105,57,48,19,0,10,9,37,29,0,8
1500000US530530631002,530631002,449,69,42,24,18,8,8,0,0,19,0,0,19,0,0,0,0,132,19,22,0,22,51,0,40,142,51,91,57,0,0,57,49,27,22,0
1500000US530530631003,530631003,361,110,51,36,15,8,8,0,0,38,0,0,8,30,13,0,13,90,24,16,0,16,7,4,39,21,0,21,92,0,51,41,48,37,11,0
1500000US530530631004,530631004,475,117,27,19,8,27,0,27,0,56,0,0,56,0,7,7,0,126,8,12,12,0,77,9,20,114,58,56,39,0,30,9,79,9,70,0
1500000US530530632001,530632001,514,149,68,49,19,20,20,0,0,39,0,0,27,12,22,10,12,102,31,0,0,0,16,32,23,107,43,64,40,0,20,20,116,11,40,65
1500000US530530632002,530632002,836,162,43,26,17,0,0,0,0,52,26,0,0,26,67,0,67,251,6,82,82,0,133,23,7,197,58,139,132,0,88,44,94,28,53,13
1500000US530530632003,530632003,305,38,31,21,10,7,7,0,0,0,0,0,0,0,0,0,0,77,6,13,13,0,14,0,44,143,19,124,29,0,12,17,18,12,0,6
1500000US530530632004,530632004,377,143,33,13,20,55,46,0,9,55,28,10,7,10,0,0,0,56,0,10,10,0,29,17,0,89,40,49,58,0,47,11,31,13,7,11
1500000US530530632005,530632005,272,23,11,0,11,0,0,0,0,12,0,0,12,0,0,0,0,87,18,9,0,9,0,34,26,64,15,49,84,0,51,33,14,14,0,0
1500000US530530633001,530633001,812,112,8,8,0,0,0,0,0,77,21,0,56,0,27,9,18,275,24,0,0,0,46,171,34,98,11,87,248,72,65,111,79,10,0,69
1500000US530530633002,530633002,976,227,54,41,13,37,17,20,0,108,39,0,31,38,28,0,28,205,0,0,0,0,114,29,62,198,43,155,177,21,156,0,169,41,23,57
1500000US530530633003,530633003,630,137,0,0,0,0,0,0,0,120,17,0,103,0,17,0,17,233,49,47,47,0,74,45,18,98,22,76,30,0,30,0,132,98,34,0
1500000US530530633004,530633004,593,182,0,0,0,17,0,17,0,165,68,0,45,52,0,0,0,208,18,0,0,0,52,107,31,35,9,26,14,0,14,0,154,124,13,0
1500000US530530633005,530633005,455,32,10,10,0,18,0,18,0,4,0,0,4,0,0,0,0,115,11,18,18,0,13,31,42,180,88,92,76,0,15,61,52,40,0,12
1500000US530530634001,530634001,336,126,14,14,0,21,21,0,0,19,0,0,19,0,72,39,33,69,0,13,0,13,21,0,35,115,12,103,0,0,0,0,26,6,15,0
1500000US530530634002,530634002,934,278,22,0,22,49,49,0,0,172,48,0,76,48,35,20,15,177,12,0,0,0,117,27,21,193,20,173,109,0,54,55,177,72,78,27
1500000US530530634003,530634003,327,52,10,10,0,0,0,0,0,30,0,0,30,0,12,0,12,47,0,0,0,0,0,9,38,126,66,60,33,18,0,15,69,54,0,15
1500000US530530634004,530634004,262,65,0,0,0,0,0,0,0,65,13,0,52,0,0,0,0,49,38,0,0,0,0,11,0,103,49,54,17,0,17,0,28,17,0,11
1500000US530530634005,530634005,296,51,18,18,0,0,0,0,0,18,18,0,0,0,15,0,15,121,17,28,15,13,0,44,32,18,18,0,12,0,12,0,94,27,49,18
1500000US530530634006,530634006,490,130,59,12,47,55,19,20,16,16,16,0,0,0,0,0,0,118,0,0,0,0,35,34,49,116,85,31,70,0,49,21,56,42,14,0
1500000US530530635011,530635011,349,85,36,28,8,32,0,32,0,11,0,11,0,0,6,0,6,130,59,9,9,0,9,44,9,62,42,20,43,0,33,10,29,0,8,21
1500000US530530635012,530635012,451,101,41,30,11,8,8,0,0,43,12,0,31,0,9,9,0,124,0,0,0,0,34,55,35,174,67,107,32,0,0,32,20,20,0,0
1500000US530530635013,530635013,430,120,37,24,13,32,7,7,18,21,0,10,11,0,30,10,20,73,20,8,0,8,0,17,28,133,26,107,0,0,0,0,104,32,30,42
1500000US530530635014,530635014,688,65,17,9,8,5,0,5,0,24,0,0,19,5,19,0,19,331,96,0,0,0,31,105,99,168,90,78,85,0,85,0,39,35,4,0
1500000US530530635021,530635021,560,197,58,48,10,0,0,0,0,38,38,0,0,0,101,70,31,163,5,0,0,0,57,0,101,91,49,42,80,14,47,19,29,0,19,0
1500000US530530635022,530635022,1056,251,47,10,37,21,0,21,0,128,59,0,47,22,55,33,22,243,14,7,7,0,55,43,124,255,64,191,66,0,28,38,241,70,59,67
1500000US530530635023,530635023,734,86,57,44,13,0,0,0,0,7,7,0,0,0,22,7,15,232,48,44,10,34,62,35,43,253,75,178,56,0,10,46,107,23,75,0
1500000US530530701001,530701001,340,97,41,10,31,2,1,0,1,49,0,0,0,49,5,1,4,57,13,12,12,0,2,25,5,86,44,42,69,52,17,0,31,17,8,6
1500000US530530701002,530701002,0,0,0,0,0,0,0,0,0,0,0,0,0,0,0,0,0,0,0,0,0,0,0,0,0,0,0,0,0,0,0,0,0,0,0,0
1500000US530530701003,530701003,810,273,151,139,12,32,23,9,0,57,19,0,38,0,33,9,24,146,0,23,23,0,76,0,47,170,122,48,127,0,41,86,94,21,63,0
1500000US530530701004,530701004,750,232,119,40,79,33,9,0,24,80,0,0,57,23,0,0,0,146,20,17,17,0,67,13,29,172,20,152,91,0,27,64,109,60,49,0
1500000US530530702031,530702031,1365,578,309,264,45,41,18,23,0,140,65,0,56,19,88,79,9,178,12,61,0,61,9,47,49,355,241,114,155,17,41,97,99,64,26,0
1500000US530530702032,530702032,1342,269,120,69,51,62,18,44,0,62,0,0,46,16,25,25,0,217,81,26,11,15,57,39,14,421,124,297,170,0,86,84,265,127,76,39
1500000US530530702033,530702033,305,90,79,28,51,0,0,0,0,0,0,0,0,0,11,11,0,17,0,6,6,0,0,11,0,81,0,81,66,0,58,8,51,51,0,0
1500000US530530702041,530702041,634,157,56,56,0,30,0,11,19,39,9,0,30,0,32,17,15,71,47,0,0,0,8,16,0,126,26,100,135,0,89,46,145,57,67,21
1500000US530530702042,530702042,1107,212,89,35,54,49,34,8,7,51,0,0,51,0,23,23,0,153,14,10,10,0,60,19,50,318,75,243,236,0,164,72,188,66,46,76
1500000US530530702051,530702051,1152,282,73,58,15,73,28,34,11,127,17,0,53,57,9,9,0,226,0,40,0,40,44,31,111,255,27,228,248,0,126,122,141,76,46,19
1500000US530530702052,530702052,493,76,65,47,18,0,0,0,0,0,0,0,0,0,11,11,0,72,25,0,0,0,8,5,34,175,65,110,86,20,38,28,84,6,52,25
1500000US530530702061,530702061,821,227,115,100,15,15,9,6,0,77,24,0,46,7,20,17,3,125,20,18,4,14,22,28,37,285,133,152,99,8,69,22,85,24,35,26
1500000US530530702062,530702062,669,214,124,78,46,45,9,16,20,26,9,0,17,0,19,2,17,71,38,1,1,0,6,14,12,174,41,133,137,0,50,87,73,27,16,30
1500000US530530702063,530702063,443,145,48,48,0,49,41,8,0,23,0,0,19,4,25,14,11,51,7,9,9,0,16,16,3,125,58,67,43,6,23,14,79,27,50,2
1500000US530530702071,530702071,522,138,82,52,30,7,7,0,0,49,21,0,28,0,0,0,0,75,12,0,0,0,28,35,0,83,26,57,116,0,25,91,110,12,55,43
1500000US530530702072,530702072,624,266,120,77,43,47,36,0,11,88,0,0,88,0,11,11,0,123,35,20,20,0,17,30,21,110,30,80,58,0,16,42,67,25,24,18
1500000US530530702073,530702073,344,94,34,28,6,6,0,6,0,54,21,0,33,0,0,0,0,100,16,28,28,0,30,15,11,85,17,68,17,0,10,7,48,48,0,0
1500000US530530702074,530702074,678,153,77,45,32,8,0,8,0,38,16,0,22,0,30,30,0,137,0,0,0,0,74,8,55,171,59,112,113,0,99,14,104,68,36,0
1500000US530530703071,530703071,439,163,85,76,9,9,0,9,0,57,25,0,32,0,12,0,12,42,0,42,15,27,0,0,0,145,69,76,43,0,28,15,46,41,5,0
1500000US530530703072,530703072,850,472,266,235,31,54,38,16,0,126,23,25,43,35,26,19,7,77,0,39,29,10,19,8,11,158,129,29,39,0,39,0,104,29,61,14
1500000US530530703073,530703073,1245,549,303,269,34,58,38,20,0,131,11,0,104,16,57,40,17,146,0,32,0,32,84,12,18,289,182,107,90,0,42,48,171,69,58,20
1500000US530530703081,530703081,902,321,145,94,51,50,22,14,14,108,10,10,78,10,18,0,18,117,20,18,0,18,34,23,22,249,113,136,129,1,31,97,86,39,35,12
1500000US530530703082,530703082,904,266,104,70,34,62,9,46,7,89,12,12,54,11,11,11,0,117,32,0,0,0,31,0,54,178,74,104,144,0,88,56,199,63,86,40
1500000US530530703091,530703091,676,207,161,107,54,14,14,0,0,32,0,0,32,0,0,0,0,80,0,38,38,0,13,17,12,269,147,122,63,32,13,18,57,33,24,0
1500000US530530703092,530703092,1009,402,114,65,49,43,9,34,0,169,27,0,92,50,76,32,44,67,17,0,0,0,18,16,16,290,147,143,169,0,40,129,81,13,51,17
1500000US530530703093,530703093,821,217,48,38,10,78,0,78,0,31,16,0,0,15,60,46,14,138,11,0,0,0,75,25,27,130,62,68,138,0,119,19,198,69,92,37
1500000US530530703101,530703101,972,244,117,64,53,12,12,0,0,86,0,11,50,25,29,22,7,160,14,12,12,0,16,32,86,329,168,161,88,0,41,47,151,67,39,45
1500000US530530703102,530703102,485,130,53,31,22,0,0,0,0,77,0,0,31,46,0,0,0,30,12,0,0,0,9,9,0,153,30,123,63,0,63,0,109,33,48,28
1500000US530530703103,530703103,875,297,126,100,26,44,20,24,0,96,17,0,79,0,31,26,5,127,6,34,7,27,35,30,22,233,121,112,84,0,27,57,134,76,34,24
1500000US530530703104,530703104,273,47,5,0,5,15,15,0,0,0,0,0,0,0,27,0,27,67,30,27,27,0,0,10,0,67,13,54,42,26,16,0,50,0,50,0
1500000US530530703111,530703111,791,170,98,36,62,31,31,0,0,17,0,0,10,7,24,15,9,108,0,10,10,0,62,25,11,168,51,117,137,0,103,34,208,115,23,36
1500000US530530703112,530703112,712,198,101,73,28,36,16,20,0,15,0,0,15,0,46,36,10,91,9,35,9,26,24,0,23,159,58,101,126,0,54,72,138,92,31,6
1500000US530530703113,530703113,828,268,163,95,68,9,9,0,0,70,6,0,39,25,26,0,26,107,24,11,11,0,26,46,0,220,127,93,108,0,46,62,125,68,38,19
1500000US530530703121,530703121,502,241,95,87,8,27,17,0,10,57,0,0,47,10,62,32,30,73,0,34,11,23,10,28,1,121,61,60,23,0,16,7,44,18,19,0
1500000US530530703122,530703122,1520,747,217,184,33,98,68,21,9,241,34,83,99,25,191,143,48,104,25,7,7,0,34,8,30,329,124,205,122,26,64,32,218,61,111,46
1500000US530530703123,530703123,790,228,120,94,26,41,22,19,0,38,9,0,16,13,29,22,7,191,8,18,9,9,130,0,35,128,58,70,125,0,69,56,118,77,25,16
1500000US530530703131,530703131,750,344,170,110,60,27,27,0,0,105,16,16,73,0,42,42,0,105,0,0,0,0,67,0,38,179,71,108,50,0,35,15,72,44,0,12
1500000US530530703132,530703132,493,186,58,58,0,25,11,14,0,48,0,0,35,13,55,55,0,103,0,0,0,0,87,0,16,139,77,62,37,0,37,0,28,15,13,0
1500000US530530703133,530703133,819,272,162,105,57,52,0,52,0,44,0,0,44,0,14,14,0,131,68,0,0,0,20,10,33,266,180,86,67,0,53,14,83,29,19,35
1500000US530530703134,530703134,410,91,35,22,13,0,0,0,0,56,11,0,45,0,0,0,0,53,0,0,0,0,22,10,21,156,31,125,110,0,62,48,0,0,0,0
1500000US530530703135,530703135,582,212,164,150,14,24,0,24,0,24,9,0,15,0,0,0,0,37,21,0,0,0,0,16,0,70,12,58,126,0,58,68,137,67,70,0
1500000US530530703141,530703141,1008,378,148,103,45,43,16,27,0,114,13,10,32,59,73,73,0,25,10,0,0,0,0,15,0,346,245,101,150,0,95,55,109,44,43,22
1500000US530530703142,530703142,699,293,156,81,75,53,0,38,15,71,16,0,55,0,13,13,0,185,0,9,9,0,78,0,98,89,45,44,48,0,29,19,84,56,14,14
1500000US530530703151,530703151,848,389,182,141,41,70,49,21,0,100,10,0,69,21,37,37,0,86,0,15,15,0,12,19,40,138,27,111,83,0,48,35,152,69,63,20
1500000US530530703152,530703152,679,327,185,137,48,66,43,23,0,45,0,0,38,7,31,9,22,132,20,48,41,7,35,17,12,101,49,52,54,0,19,35,65,21,26,18
1500000US530530703153,530703153,1140,515,192,136,56,38,29,5,4,211,10,17,134,50,74,33,41,136,88,10,10,0,22,16,0,296,21,275,43,0,12,31,150,103,38,0
1500000US530530703154,530703154,400,206,116,98,18,38,0,0,38,30,0,0,30,0,22,8,14,63,0,49,22,27,14,0,0,73,40,33,11,11,0,0,47,0,0,47
1500000US530530703161,530703161,1011,268,118,103,15,53,0,53,0,97,0,0,78,19,0,0,0,274,47,33,0,33,82,0,112,267,103,164,105,0,105,0,97,84,13,0
1500000US530530703162,530703162,2323,915,457,333,124,229,179,50,0,197,46,33,77,41,32,14,18,310,128,19,19,0,114,0,49,703,232,471,119,0,48,71,276,161,14,101
1500000US530530704011,530704011,729,222,149,80,69,32,13,14,5,20,12,0,8,0,21,13,8,106,18,0,0,0,41,22,25,208,76,132,94,0,76,18,99,48,12,39
1500000US530530704012,530704012,349,119,67,51,16,15,15,0,0,37,0,0,37,0,0,0,0,93,5,20,6,14,27,16,25,86,28,58,27,0,22,5,24,18,6,0
1500000US530530704031,530704031,395,97,78,65,13,0,0,0,0,19,10,0,9,0,0,0,0,24,0,0,0,0,0,0,24,90,16,74,62,7,37,18,122,59,44,19
1500000US530530704032,530704032,247,35,9,9,0,0,0,0,0,0,0,0,0,0,26,7,19,55,19,0,0,0,0,36,0,61,41,20,21,21,0,0,75,30,22,23
1500000US530530704033,530704033,1080,183,73,64,9,12,12,0,0,66,15,0,51,0,32,8,24,234,50,12,12,0,35,46,91,291,138,153,120,0,91,29,252,107,103,42
1500000US530530704041,530704041,1101,392,190,177,13,55,37,0,18,99,54,0,45,0,48,7,41,100,0,34,8,26,0,50,16,355,188,167,47,0,34,13,207,148,34,25
1500000US530530704042,530704042,1033,415,164,122,42,43,0,43,0,151,55,30,60,6,57,57,0,131,18,26,19,7,73,0,14,247,99,148,82,0,12,70,158,32,90,28
1500000US530530707031,530707031,427,174,120,106,14,6,6,0,0,33,12,0,13,8,15,15,0,51,10,0,0,0,20,7,14,76,19,57,61,0,51,10,65,21,28,16
1500000US530530707032,530707032,824,221,180,112,68,14,0,0,14,12,0,0,12,0,15,0,15,60,16,17,17,0,15,12,0,328,131,197,117,0,26,91,98,58,14,14
1500000US530530707033,530707033,940,121,47,47,0,0,0,0,0,60,12,0,37,11,14,14,0,94,40,14,0,14,22,0,18,305,120,185,218,0,95,123,202,136,66,0
1500000US530530707034,530707034,374,114,46,43,3,23,15,2,6,45,3,0,28,14,0,0,0,60,5,24,0,24,23,0,8,92,13,79,31,0,18,13,77,41,33,3
1500000US530530707035,530707035,451,182,156,130,26,0,0,0,0,26,0,0,23,3,0,0,0,99,33,10,3,7,44,0,12,91,27,64,11,0,8,3,68,0,68,0
1500000US530530711001,530711001,712,213,91,79,12,12,0,12,0,57,0,4,22,31,53,21,32,137,14,39,39,0,56,23,5,171,115,56,72,0,49,23,119,66,38,15
1500000US530530711002,530711002,415,168,82,68,14,10,7,3,0,61,5,0,22,34,15,15,0,66,5,0,0,0,32,13,16,71,23,48,67,7,38,22,43,27,6,10
1500000US530530712051,530712051,979,484,265,240,25,23,0,23,0,104,23,0,54,27,92,50,42,119,16,23,23,0,13,25,42,276,160,116,19,2,6,11,81,48,21,10
1500000US530530712052,530712052,1151,544,241,179,62,55,13,35,7,148,57,0,75,16,100,76,24,146,11,34,18,16,45,18,38,189,107,82,147,0,77,70,125,86,29,10
1500000US530530712061,530712061,407,150,63,34,29,12,12,0,0,75,0,20,35,20,0,0,0,0,0,0,0,0,0,0,0,110,110,0,44,0,0,44,103,26,44,33
1500000US530530712062,530712062,348,92,16,0,16,13,0,13,0,19,0,0,19,0,44,29,15,67,16,16,16,0,35,0,0,94,69,25,80,0,58,22,15,0,0,15
1500000US530530712063,530712063,1127,316,133,133,0,0,0,0,0,183,46,26,111,0,0,0,0,199,70,61,61,0,14,14,40,515,304,211,40,0,0,40,57,44,13,0
1500000US530530712064,530712064,1270,486,211,123,88,93,58,35,0,147,0,0,115,32,35,35,0,108,0,0,0,0,64,35,9,385,273,112,118,0,76,42,173,60,101,12
1500000US530530712071,530712071,638,215,71,50,21,37,17,20,0,30,0,0,30,0,77,37,40,111,0,0,0,0,97,14,0,171,69,102,57,0,48,9,84,30,54,0
1500000US530530712072,530712072,1388,380,153,114,39,62,0,62,0,139,0,14,111,14,26,13,13,191,12,54,18,36,115,0,10,469,343,126,134,0,76,58,214,76,89,35
1500000US530530712073,530712073,924,104,26,26,0,25,25,0,0,13,13,0,0,0,40,17,23,173,0,22,10,12,117,0,34,295,148,147,200,0,133,67,152,89,49,14
1500000US530530712081,530712081,524,152,63,63,0,26,26,0,0,12,0,0,12,0,51,0,51,98,41,0,0,0,12,0,45,117,62,55,88,20,15,53,69,26,43,0
1500000US530530712082,530712082,1017,267,93,93,0,91,52,0,39,83,0,31,52,0,0,0,0,258,28,28,0,28,129,27,46,347,230,117,101,0,69,32,44,33,11,0
1500000US530530712083,530712083,1699,638,306,163,143,91,19,72,0,193,31,48,94,20,48,48,0,272,53,87,70,17,36,0,96,545,235,310,74,0,13,61,170,22,119,14
1500000US530530712091,530712091,1158,506,236,147,89,142,66,63,13,63,17,0,36,10,65,26,39,119,32,8,8,0,25,5,49,307,117,190,116,0,57,59,110,17,64,29
1500000US530530712092,530712092,393,52,15,9,6,14,14,0,0,23,5,0,9,9,0,0,0,72,16,14,14,0,0,19,23,144,48,96,70,0,37,33,55,48,0,0
1500000US530530712093,530712093,455,169,26,26,0,46,11,25,10,86,0,0,78,8,11,11,0,41,0,0,0,0,29,0,12,150,81,69,58,0,50,8,37,0,19,18
1500000US530530712101,530712101,356,48,9,0,9,11,11,0,0,28,12,0,16,0,0,0,0,94,0,7,0,7,20,26,41,96,29,67,71,9,49,13,47,0,22,25
1500000US530530712102,530712102,643,362,166,129,37,54,21,14,19,91,0,12,79,0,51,27,24,68,21,0,0,0,19,10,18,66,36,30,68,0,65,3,79,46,33,0
1500000US530530712103,530712103,1341,572,253,173,80,47,15,32,0,177,18,6,125,28,95,83,12,156,32,37,7,30,36,17,34,338,160,178,125,0,46,79,150,58,66,26
1500000US530530713041,530713041,860,150,128,60,68,0,0,0,0,10,0,0,10,0,12,12,0,116,0,10,10,0,37,25,44,288,89,199,225,0,185,40,81,0,16,28
1500000US530530713042,530713042,1600,570,222,189,33,119,30,89,0,156,0,0,100,56,73,28,45,305,62,48,48,0,52,143,0,358,221,137,182,0,96,86,185,20,94,33
1500000US530530713043,530713043,364,89,0,0,0,40,40,0,0,11,11,0,0,0,38,38,0,12,0,0,0,0,0,0,12,109,66,43,0,0,0,0,154,66,56,32
1500000US530530713051,530713051,826,215,97,81,16,57,0,50,7,31,16,0,5,10,30,16,14,247,34,27,27,0,87,85,14,151,39,112,91,0,62,29,122,62,23,37
1500000US530530713052,530713052,850,217,70,55,15,64,45,19,0,32,14,0,18,0,51,51,0,147,45,0,0,0,0,31,71,192,38,154,163,3,79,81,131,63,43,18
1500000US530530713061,530713061,588,155,25,25,0,0,0,0,0,82,0,0,82,0,48,0,48,95,0,16,16,0,0,18,61,213,89,124,50,0,16,34,75,0,0,75
1500000US530530713062,530713062,806,202,89,89,0,43,20,0,23,21,0,0,21,0,49,49,0,146,0,0,0,0,146,0,0,286,172,114,83,0,38,45,89,67,22,0
1500000US530530713063,530713063,1072,313,133,121,12,23,11,12,0,62,36,0,26,0,95,0,95,32,20,0,0,0,0,12,0,377,120,257,162,0,114,48,188,71,61,56
1500000US530530713064,530713064,333,126,32,0,32,0,0,0,0,41,0,30,11,0,53,44,9,28,11,0,0,0,17,0,0,88,10,78,63,0,30,33,28,9,0,19
1500000US530530713071,530713071,759,258,90,79,11,30,13,10,7,113,21,0,69,23,25,10,15,118,0,38,38,0,18,23,39,161,71,90,69,0,42,27,153,29,44,80
1500000US530530713072,530713072,365,122,60,42,18,7,7,0,0,41,0,10,31,0,14,7,7,40,0,0,0,0,0,9,31,57,18,39,57,0,57,0,89,50,32,7
1500000US530530713073,530713073,1040,367,114,47,67,27,0,12,15,116,6,20,79,11,110,64,46,189,75,46,46,0,27,18,23,262,99,163,134,16,87,31,88,28,52,8
1500000US530530713091,530713091,827,220,34,0,34,71,53,18,0,32,22,0,10,0,83,10,73,174,0,35,26,9,82,0,57,211,138,73,81,0,30,51,141,79,48,14
1500000US530530713092,530713092,729,200,53,43,10,8,0,8,0,139,82,0,43,14,0,0,0,112,33,0,0,0,15,33,31,305,90,215,39,0,32,7,73,59,14,0
1500000US530530713093,530713093,646,269,86,30,56,61,47,14,0,52,5,0,35,12,70,26,44,43,0,23,0,23,0,9,11,184,47,137,65,0,45,20,85,7,67,11
1500000US530530713101,530713101,797,247,111,64,47,7,7,0,0,101,6,0,95,0,28,28,0,133,62,7,7,0,29,18,17,229,70,159,69,0,31,38,119,56,51,4
1500000US530530713102,530713102,1453,616,302,189,113,76,47,29,0,120,7,8,105,0,118,81,37,222,33,90,29,61,13,32,54,403,146,257,122,0,71,51,90,49,41,0
1500000US530530714031,530714031,820,258,184,131,53,21,14,7,0,46,7,0,25,14,7,7,0,144,22,20,5,15,10,36,56,245,108,137,11,0,0,11,162,50,62,50
1500000US530530714032,530714032,260,72,45,25,20,8,0,8,0,6,6,0,0,0,13,5,8,44,0,0,0,0,18,0,26,78,62,16,46,0,28,18,20,15,5,0
1500000US530530714033,530714033,664,109,38,25,13,46,24,22,0,13,0,0,13,0,12,5,7,140,29,7,7,0,63,0,41,192,72,120,50,19,31,0,173,22,89,27
1500000US530530714061,530714061,1379,549,207,98,109,41,41,0,0,87,0,0,54,33,214,61,153,358,97,45,45,0,59,74,83,365,138,227,40,16,24,0,67,11,56,0
1500000US530530714062,530714062,528,133,73,59,14,11,11,0,0,49,0,18,31,0,0,0,0,104,0,51,51,0,41,12,0,142,13,129,10,0,10,0,139,114,25,0
1500000US530530714063,530714063,241,91,59,59,0,0,0,0,0,14,0,0,14,0,18,0,18,32,0,0,0,0,13,0,19,71,47,24,9,0,0,9,38,20,0,18
1500000US530530714064,530714064,905,332,222,119,103,22,17,5,0,61,0,0,29,32,27,12,15,70,0,24,24,0,28,18,0,261,78,183,121,28,84,9,121,23,89,9
1500000US530530714071,530714071,621,114,28,15,13,0,0,0,0,60,0,0,60,0,26,13,13,39,0,12,0,12,14,13,0,202,19,183,136,0,79,57,130,31,75,24
1500000US530530714072,530714072,1015,287,39,39,0,43,25,18,0,53,12,15,17,9,152,38,114,171,30,9,9,0,87,45,0,355,145,210,131,0,88,43,71,50,21,0
1500000US530530714073,530714073,733,223,112,31,81,82,21,18,43,29,0,0,16,13,0,0,0,113,0,82,82,0,12,0,19,88,21,67,72,11,31,30,237,143,83,11
1500000US530530714074,530714074,664,264,197,140,57,0,0,0,0,55,45,0,10,0,12,0,12,33,0,0,0,0,19,14,0,198,50,148,84,0,15,69,85,85,0,0
1500000US530530714081,530714081,958,207,57,32,25,25,25,0,0,63,0,0,51,12,62,25,37,210,41,19,0,19,33,33,84,187,100,87,105,0,50,55,249,54,121,24
1500000US530530714082,530714082,483,29,0,0,0,5,0,0,5,13,0,0,13,0,11,11,0,49,0,0,0,0,9,0,40,155,58,97,39,5,16,18,211,49,58,86
1500000US530530714083,530714083,323,36,18,9,9,11,11,0,0,7,7,0,0,0,0,0,0,45,10,20,0,20,0,8,7,117,6,111,77,0,61,16,48,26,12,10
1500000US530530714091,530714091,430,55,26,26,0,17,17,0,0,12,0,0,12,0,0,0,0,80,5,0,0,0,50,0,25,68,10,58,122,0,114,8,105,17,14,62
1500000US530530714092,530714092,395,62,16,16,0,27,0,27,0,0,0,0,0,0,19,0,19,73,6,20,20,0,12,30,5,83,0,83,53,0,32,21,124,9,43,72
1500000US530530714093,530714093,669,192,96,71,25,25,8,17,0,25,9,0,16,0,46,25,21,101,6,8,8,0,72,9,6,217,128,89,44,0,8,36,115,35,59,21
1500000US530530714094,530714094,248,25,25,18,7,0,0,0,0,0,0,0,0,0,0,0,0,42,17,11,3,8,6,8,0,37,22,15,70,0,0,70,74,12,20,16
1500000US530530714101,530714101,676,13,0,0,0,0,0,0,0,0,0,0,0,0,13,13,0,308,106,51,51,0,65,42,44,231,175,56,112,0,0,112,12,0,0,12
1500000US530530714102,530714102,507,56,19,0,19,37,0,37,0,0,0,0,0,0,0,0,0,54,16,0,0,0,38,0,0,150,78,72,119,0,80,39,128,29,99,0
1500000US530530714103,530714103,915,150,41,15,26,18,0,18,0,22,0,10,12,0,69,22,47,271,48,56,0,56,113,38,16,347,130,217,103,0,90,13,44,0,44,0
1500000US530530714104,530714104,639,170,100,81,19,30,15,15,0,28,14,0,14,0,12,12,0,121,41,0,0,0,0,32,48,190,37,153,84,12,19,53,74,0,27,47
1500000US530530714111,530714111,957,300,140,24,116,21,0,13,8,109,39,0,47,23,30,8,22,195,46,84,84,0,0,29,36,261,77,184,155,0,99,56,46,28,7,11
1500000US530530714112,530714112,449,70,8,0,8,0,0,0,0,62,0,20,33,9,0,0,0,146,42,14,14,0,57,23,10,144,115,29,15,7,0,8,74,37,15,0
1500000US530530714113,530714113,709,219,127,94,33,44,30,14,0,12,3,0,9,0,36,23,13,88,23,0,0,0,19,30,16,141,60,81,114,0,35,79,147,87,14,46
1500000US530530715031,530715031,622,182,46,46,0,42,0,42,0,94,18,0,61,15,0,0,0,126,0,43,29,14,61,16,6,238,69,169,7,0,7,0,69,9,48,12
1500000US530530715032,530715032,760,26,26,26,0,0,0,0,0,0,0,0,0,0,0,0,0,305,0,0,0,0,19,286,0,297,56,241,79,79,0,0,53,0,53,0
1500000US530530715033,530715033,341,73,11,11,0,25,0,0,25,7,0,7,0,0,30,30,0,46,0,13,13,0,0,14,19,150,64,86,8,0,0,8,64,0,0,64
1500000US530530715034,530715034,662,216,146,100,46,43,23,10,10,17,0,0,17,0,10,10,0,137,0,48,36,12,31,55,3,182,42,140,30,0,7,23,97,9,56,32
1500000US530530715041,530715041,629,150,60,35,25,0,0,0,0,58,0,0,44,14,32,12,20,143,13,0,0,0,52,33,45,193,44,149,31,0,31,0,112,58,54,0
1500000US530530715042,530715042,999,317,39,23,16,67,35,0,32,196,31,0,136,29,15,15,0,318,43,32,32,0,123,12,108,277,71,206,13,0,13,0,74,62,0,12
1500000US530530715043,530715043,248,59,9,9,0,5,0,5,0,25,8,0,17,0,20,0,20,17,0,0,0,0,6,0,11,67,25,42,21,0,7,14,84,54,18,12
1500000US530530715044,530715044,549,138,8,8,0,50,11,39,0,55,15,0,40,0,25,0,25,166,0,30,30,0,28,29,79,72,19,53,22,0,14,8,151,100,51,0
1500000US530530715051,530715051,764,183,75,30,45,66,66,0,0,35,22,0,13,0,7,0,7,232,25,0,0,0,111,45,51,110,19,91,45,0,9,36,194,171,0,23
1500000US530530715052,530715052,442,114,35,35,0,10,0,10,0,60,0,0,51,9,9,9,0,52,0,9,9,0,8,0,35,117,89,28,91,0,24,67,68,54,14,0
1500000US530530715053,530715053,438,114,6,6,0,39,39,0,0,43,10,0,26,7,26,7,19,116,0,9,9,0,11,11,85,107,69,38,54,0,22,32,47,19,8,20
1500000US530530715054,530715054,748,161,72,62,10,34,26,8,0,41,19,0,22,0,14,8,6,212,0,0,0,0,142,14,56,187,114,73,97,0,39,58,91,29,0,48
1500000US530530715061,530715061,452,130,41,41,0,30,23,7,0,38,7,0,31,0,21,8,13,54,8,8,0,8,25,13,0,113,42,71,45,0,10,35,110,48,47,11
1500000US530530715062,530715062,934,274,86,40,46,0,0,0,0,113,17,11,75,10,75,22,53,148,0,47,30,17,33,7,61,265,92,173,116,25,51,40,131,24,98,0
1500000US530530715063,530715063,839,274,115,115,0,48,30,7,11,49,20,0,29,0,62,53,9,103,11,11,11,0,21,8,52,178,95,83,63,0,12,51,221,162,59,0
1500000US530530716011,530716011,1302,276,9,9,0,31,31,0,0,145,64,0,56,25,91,76,15,332,49,9,9,0,41,107,126,228,157,71,205,23,122,60,261,105,53,50
1500000US530530716012,530716012,580,215,110,57,53,9,0,9,0,79,0,0,51,28,17,0,17,43,9,0,0,0,16,0,18,218,55,163,41,2,12,27,63,32,23,8
1500000US530530716021,530716021,995,330,99,41,58,16,0,16,0,133,27,0,92,14,82,14,68,142,27,0,0,0,64,16,35,376,206,170,84,0,73,11,63,52,0,11
1500000US530530716022,530716022,600,132,41,24,17,0,0,0,0,53,14,0,39,0,38,0,38,173,34,0,0,0,61,43,35,149,58,91,66,0,66,0,80,15,13,37
1500000US530530716023,530716023,1041,257,143,143,0,0,0,0,0,30,19,0,11,0,84,38,46,243,23,121,40,81,10,15,74,230,36,194,80,0,13,67,231,132,51,48
1500000US530530716024,530716024,570,229,84,72,12,0,0,0,0,145,56,0,89,0,0,0,0,99,45,9,9,0,45,0,0,153,37,116,55,0,0,55,34,0,0,34
1500000US530530717031,530717031,882,184,91,51,40,40,0,40,0,31,22,0,9,0,22,0,22,266,46,19,19,0,83,52,66,242,101,141,101,0,63,38,89,44,19,26
1500000US530530717032,530717032,453,44,0,0,0,0,0,0,0,24,24,0,0,0,20,6,14,128,40,0,0,0,0,14,74,139,26,113,36,0,24,12,106,41,38,27
1500000US530530717041,530717041,1192,50,0,0,0,7,0,0,7,30,8,0,15,7,13,13,0,486,44,8,8,0,121,157,156,154,87,67,410,66,320,24,92,39,28,25
1500000US530530717042,530717042,527,69,39,27,12,0,0,0,0,21,7,0,0,14,9,0,9,130,14,8,8,0,25,46,37,202,82,120,99,0,50,49,27,16,11,0
1500000US530530717043,530717043,366,62,21,21,0,16,16,0,0,11,6,0,0,5,14,0,14,166,29,0,0,0,86,36,15,98,38,60,33,0,0,33,7,0,0,7
1500000US530530717051,530717051,488,61,12,12,0,8,8,0,0,8,0,0,8,0,33,21,12,68,0,0,0,0,22,15,31,96,65,31,192,17,66,109,71,36,33,2
1500000US530530717052,530717052,586,142,64,44,20,0,0,0,0,58,29,0,29,0,20,0,20,138,19,28,28,0,19,33,39,91,10,81,117,5,33,79,98,15,30,53
1500000US530530717053,530717053,457,110,70,57,13,23,23,0,0,9,0,0,9,0,8,0,8,108,0,36,36,0,24,36,12,98,18,80,51,0,18,33,90,30,50,0
1500000US530530717061,530717061,797,109,60,42,18,6,6,0,0,15,4,3,0,8,28,0,28,220,45,19,0,19,80,52,24,203,143,60,60,0,19,41,205,34,97,48
1500000US530530717071,530717071,524,119,29,6,23,11,6,0,5,79,32,0,31,16,0,0,0,97,8,14,14,0,58,0,17,197,137,60,72,0,23,49,39,4,8,27
1500000US530530717072,530717072,350,74,31,16,15,22,19,3,0,21,7,0,14,0,0,0,0,136,24,10,10,0,80,22,0,19,12,7,36,0,31,5,85,21,21,17
1500000US530530717073,530717073,413,33,15,15,0,18,18,0,0,0,0,0,0,0,0,0,0,84,21,0,0,0,25,10,28,145,43,102,24,0,0,24,127,88,12,27
1500000US530530718031,530718031,697,262,69,45,24,15,15,0,0,49,0,0,24,25,129,112,17,112,32,0,0,0,0,80,0,178,86,92,31,0,0,31,114,87,11,16
1500000US530530718032,530718032,1100,219,40,29,11,42,42,0,0,42,11,8,23,0,95,30,65,200,0,14,0,14,88,54,44,330,113,217,96,0,96,0,255,149,85,11
1500000US530530718033,530718033,357,28,0,0,0,0,0,0,0,28,21,0,7,0,0,0,0,145,0,100,100,0,11,34,0,122,40,82,49,5,0,44,13,0,0,0
1500000US530530718034,530718034,367,56,56,47,9,0,0,0,0,0,0,0,0,0,0,0,0,40,25,0,0,0,0,15,0,75,46,29,75,0,75,0,121,73,48,0
1500000US530530718051,530718051,428,58,16,5,11,0,0,0,0,32,0,0,32,0,10,0,10,159,8,0,0,0,92,16,43,63,28,35,59,0,28,31,89,36,42,11
1500000US530530718052,530718052,616,127,33,26,7,8,8,0,0,47,0,0,17,30,39,0,39,153,14,0,0,0,84,37,18,125,70,55,44,0,5,39,167,70,40,10
1500000US530530718053,530718053,818,202,75,75,0,0,0,0,0,8,8,0,0,0,119,0,119,196,31,0,0,0,80,18,67,161,142,19,12,2,0,10,247,100,8,128
1500000US530530718061,530718061,929,137,48,32,16,11,11,0,0,62,0,0,62,0,16,11,5,301,43,30,30,0,171,47,10,212,79,133,172,59,87,26,107,11,19,77
1500000US530530718062,530718062,421,63,13,13,0,0,0,0,0,16,8,0,0,8,34,23,11,141,9,23,0,23,20,60,29,157,87,70,18,0,0,18,42,0,29,13
1500000US530530718071,530718071,827,265,98,59,39,82,17,37,28,70,0,0,46,24,15,8,7,156,18,0,0,0,57,29,52,217,99,118,98,0,9,89,91,56,21,0
1500000US530530718072,530718072,693,115,61,25,36,7,7,0,0,0,0,0,0,0,47,47,0,166,9,0,0,0,71,66,20,263,141,122,36,0,28,8,113,53,25,35
1500000US530530718081,530718081,640,88,30,19,11,0,0,0,0,38,0,0,38,0,20,16,4,145,13,6,6,0,15,65,46,117,44,73,165,0,165,0,125,90,0,35
1500000US530530718082,530718082,645,63,22,22,0,6,6,0,0,35,12,0,23,0,0,0,0,213,0,16,16,0,117,58,22,75,32,43,182,0,119,63,112,37,6,52
1500000US530530718083,530718083,249,28,0,0,0,0,0,0,0,20,0,8,12,0,8,8,0,54,33,0,0,0,4,17,0,68,29,39,72,0,72,0,27,0,0,19
1500000US530530719011,530719011,590,101,0,0,0,0,0,0,0,35,0,0,17,18,66,25,41,109,70,0,0,0,17,22,0,226,134,92,99,0,64,35,55,13,23,19
1500000US530530719012,530719012,308,113,20,0,20,0,0,0,0,81,22,0,51,8,12,0,12,39,16,0,0,0,0,10,13,128,64,64,0,0,0,0,28,28,0,0
1500000US530530719013,530719013,253,118,54,41,13,23,9,14,0,41,0,0,11,30,0,0,0,87,32,33,0,33,0,22,0,21,0,21,27,0,27,0,0,0,0,0
1500000US530530719014,530719014,699,318,88,58,30,37,0,37,0,92,42,0,41,9,101,101,0,111,9,11,11,0,42,43,6,41,15,26,136,0,62,74,93,71,22,0
1500000US530530719021,530719021,626,229,137,62,75,0,0,0,0,39,14,0,25,0,53,52,1,107,0,0,0,0,74,0,33,230,94,136,60,1,16,43,0,0,0,0
1500000US530530719022,530719022,351,77,13,13,0,0,0,0,0,64,41,0,0,23,0,0,0,67,0,0,0,0,10,57,0,142,98,44,31,0,31,0,34,34,0,0
1500000US530530719023,530719023,596,319,123,123,0,23,0,23,0,158,0,18,122,18,15,0,15,83,34,33,33,0,0,16,0,131,61,70,35,0,35,0,28,0,8,20
1500000US530530719024,530719024,273,159,37,37,0,0,0,0,0,49,0,9,40,0,73,55,18,51,0,26,26,0,7,18,0,38,31,7,0,0,0,0,25,13,12,0
1500000US530530719025,530719025,260,160,47,47,0,20,0,20,0,79,4,13,15,47,14,10,4,0,0,0,0,0,0,0,0,42,30,12,0,0,0,0,58,13,45,0
1500000US530530720001,530720001,387,58,22,0,22,0,0,0,0,36,0,0,36,0,0,0,0,145,42,26,26,0,39,0,38,22,0,22,116,0,0,116,46,35,0,0
1500000US530530720002,530720002,315,62,29,16,13,11,0,11,0,22,15,7,0,0,0,0,0,31,19,0,0,0,0,12,0,93,65,28,44,0,0,44,85,0,19,53
1500000US530530720003,530720003,288,55,37,37,0,0,0,0,0,0,0,0,0,0,18,0,18,166,13,52,0,52,37,12,52,27,5,22,30,2,28,0,10,1,9,0
1500000US530530720004,530720004,175,30,12,12,0,0,0,0,0,18,0,0,18,0,0,0,0,36,6,0,0,0,10,0,20,52,36,16,35,0,35,0,22,18,0,4
1500000US530530721051,530721051,634,334,174,74,100,26,0,21,5,72,0,10,55,7,62,52,10,51,0,10,10,0,11,15,15,159,78,81,45,10,0,35,45,45,0,0
1500000US530530721052,530721052,645,461,179,135,44,31,9,11,11,164,30,0,124,10,87,12,75,59,10,17,7,10,11,11,10,72,39,33,24,0,7,17,29,10,9,10
1500000US530530721053,530721053,0,0,0,0,0,0,0,0,0,0,0,0,0,0,0,0,0,0,0,0,0,0,0,0,0,0,0,0,0,0,0,0,0,0,0,0
1500000US530530721054,530721054,601,249,115,106,9,29,0,9,20,65,22,14,29,0,40,30,10,115,10,38,29,9,43,0,24,147,60,87,49,0,38,11,41,0,0,41
1500000US530530721061,530721061,342,82,11,11,0,0,0,0,0,10,0,10,0,0,61,20,41,56,0,0,0,0,30,8,18,140,53,87,37,0,37,0,27,0,27,0
1500000US530530721062,530721062,647,185,110,86,24,13,0,13,0,45,0,45,0,0,17,0,17,63,0,0,0,0,12,51,0,184,169,15,130,19,36,75,85,11,54,20
1500000US530530721063,530721063,760,182,24,24,0,24,0,11,13,120,90,0,30,0,14,0,14,97,22,33,18,15,28,0,14,178,42,136,196,15,86,95,107,39,0,68
1500000US530530721064,530721064,681,123,47,47,0,0,0,0,0,51,0,0,32,19,25,14,11,221,62,0,0,0,104,0,55,182,24,158,109,0,31,78,46,0,46,0
1500000US530530721071,530721071,617,214,68,47,21,50,50,0,0,90,0,0,90,0,6,0,6,97,16,17,0,17,14,30,20,164,78,86,7,0,0,7,135,43,21,71
1500000US530530721072,530721072,690,270,102,68,34,10,0,10,0,32,0,0,32,0,126,78,48,122,23,0,0,0,28,53,18,236,69,167,13,0,0,13,49,22,17,10
1500000US530530721073,530721073,381,112,17,17,0,17,8,0,9,49,29,0,14,6,29,29,0,60,0,23,23,0,27,10,0,117,8,109,23,0,11,12,69,23,32,14
1500000US530530721074,530721074,321,97,10,10,0,12,12,0,0,41,0,0,32,9,34,34,0,70,28,11,0,11,0,0,31,91,0,91,37,0,0,37,26,19,7,0
1500000US530530721081,530721081,442,62,10,0,10,0,0,0,0,40,0,0,40,0,12,12,0,231,0,19,19,0,71,0,141,89,32,57,30,0,18,12,30,21,9,0
1500000US530530721082,530721082,459,118,15,15,0,13,13,0,0,27,13,0,14,0,63,63,0,159,12,45,45,0,33,69,0,114,48,66,0,0,0,0,68,56,12,0
1500000US530530721083,530721083,171,55,33,0,33,0,0,0,0,12,0,0,0,12,10,6,4,44,0,0,0,0,0,44,0,57,17,40,15,0,0,15,0,0,0,0
1500000US530530721084,530721084,661,208,154,33,121,34,13,21,0,13,13,0,0,0,7,0,7,225,57,0,0,0,22,100,46,186,97,89,0,0,0,0,42,31,11,0
1500000US530530721085,530721085,429,249,55,17,38,45,45,0,0,113,66,0,34,13,36,0,36,66,0,0,0,0,34,32,0,23,0,23,66,0,14,52,25,0,15,10
1500000US530530721091,530721091,660,331,109,41,68,34,22,12,0,107,24,4,79,0,81,81,0,63,7,23,23,0,12,12,9,221,121,100,9,0,9,0,36,6,30,0
1500000US530530721092,530721092,799,296,121,89,32,21,21,0,0,80,26,5,41,8,74,51,23,138,0,0,0,0,52,29,57,245,161,84,31,0,0,31,89,18,71,0
1500000US530530721111,530721111,632,224,77,58,19,53,34,9,10,75,16,22,31,6,19,4,15,176,24,17,17,0,125,0,10,99,36,63,106,0,84,22,27,27,0,0
1500000US530530721112,530721112,434,231,113,85,28,37,14,23,0,51,42,0,9,0,30,30,0,83,12,29,6,23,11,16,15,50,17,33,29,0,29,0,41,21,10,10
1500000US530530721121,530721121,1040,310,160,70,90,21,21,0,0,86,29,7,41,9,43,6,37,208,9,24,8,16,41,41,93,297,66,231,44,0,14,30,181,89,68,16
1500000US530530721122,530721122,410,130,75,59,16,7,7,0,0,15,0,0,15,0,33,7,26,63,19,8,0,8,21,7,8,74,35,39,55,0,6,49,88,0,79,9
1500000US530530721123,530721123,439,92,60,7,53,0,0,0,0,14,9,0,5,0,18,9,9,76,23,15,8,7,12,15,11,165,63,102,71,0,0,71,35,27,8,0
1500000US530530723051,530723051,605,202,90,78,12,0,0,0,0,22,0,0,0,22,90,80,10,185,0,59,59,0,112,0,14,141,15,126,45,0,21,24,32,20,12,0
1500000US530530723052,530723052,465,225,52,37,15,16,0,16,0,66,24,0,42,0,91,65,26,57,0,0,0,0,0,33,24,98,52,46,35,0,10,25,50,33,17,0
1500000US530530723053,530723053,503,196,70,14,56,21,0,0,21,105,45,20,40,0,0,0,0,143,46,33,33,0,42,0,22,54,19,35,64,0,64,0,46,12,9,25
1500000US530530723054,530723054,387,249,138,65,73,0,0,0,0,98,10,0,52,36,13,0,13,70,0,42,21,21,20,0,8,36,11,25,8,0,8,0,24,0,16,0
1500000US530530723055,530723055,638,342,132,125,7,0,0,0,0,143,25,68,36,14,67,67,0,108,39,0,0,0,34,35,0,118,70,48,40,0,40,0,30,0,30,0
1500000US530530723056,530723056,203,82,34,34,0,32,16,16,0,0,0,0,0,0,16,16,0,24,0,0,0,0,0,24,0,50,39,11,13,0,13,0,34,34,0,0
1500000US530530723071,530723071,670,127,45,20,25,0,0,0,0,29,0,0,29,0,53,11,42,205,20,0,0,0,66,98,21,157,89,68,65,0,21,44,116,7,75,34
1500000US530530723072,530723072,389,207,83,58,25,28,0,28,0,34,0,0,34,0,62,35,27,35,6,11,11,0,8,10,0,83,35,48,37,0,0,37,27,0,7,20
1500000US530530723073,530723073,330,135,63,44,19,25,20,5,0,41,0,0,33,8,6,6,0,20,7,0,0,0,0,0,13,91,37,54,54,0,26,28,30,23,0,7
1500000US530530723074,530723074,475,241,52,8,44,46,46,0,0,109,32,0,77,0,34,34,0,37,8,7,7,0,22,0,0,131,24,107,46,0,0,46,20,0,20,0
1500000US530530723081,530723081,604,235,105,23,82,0,0,0,0,94,0,7,36,51,36,36,0,77,6,16,0,16,45,0,10,190,119,71,73,0,73,0,29,13,16,0
1500000US530530723082,530723082,743,420,244,164,80,12,0,12,0,91,0,20,48,23,73,48,25,78,15,40,13,27,9,14,0,180,74,106,12,0,12,0,53,39,14,0
1500000US530530723083,530723083,516,246,41,23,18,79,49,0,30,106,17,33,56,0,20,7,13,25,0,15,0,15,0,0,10,122,84,38,58,0,44,14,65,14,51,0
1500000US530530723084,530723084,620,224,75,75,0,60,48,12,0,12,0,0,12,0,77,77,0,198,31,11,0,11,101,14,41,106,73,33,0,0,0,0,92,92,0,0
1500000US530530723085,530723085,770,392,94,71,23,0,0,0,0,156,0,0,132,24,142,142,0,48,22,9,9,0,0,0,17,228,88,140,31,0,20,11,71,13,12,46
1500000US530530723091,530723091,696,425,204,109,95,52,52,0,0,17,0,0,17,0,152,105,47,76,0,0,0,0,43,27,6,119,31,88,47,0,7,40,29,22,0,7
1500000US530530723092,530723092,1088,387,166,112,54,68,68,0,0,96,0,18,41,37,57,57,0,183,0,107,0,107,47,0,29,325,247,78,113,0,0,113,80,0,62,8
1500000US530530723093,530723093,507,159,61,16,45,0,0,0,0,20,0,0,20,0,78,62,16,56,16,0,0,0,29,11,0,162,62,100,82,0,82,0,48,15,15,18
1500000US530530723094,530723094,528,189,88,44,44,23,23,0,0,26,0,0,26,0,52,52,0,83,27,0,0,0,7,31,18,227,27,200,0,0,0,0,29,29,0,0
1500000US530530723101,530723101,480,244,131,114,17,35,0,27,8,45,0,8,37,0,33,33,0,54,0,9,9,0,10,0,35,152,37,115,9,0,0,9,21,9,12,0
1500000US530530723102,530723102,232,98,25,8,17,12,12,0,0,27,0,0,15,12,34,8,26,39,0,0,0,0,20,0,19,49,11,38,8,0,8,0,38,8,30,0
1500000US530530723103,530723103,967,403,115,68,47,55,29,10,16,158,60,0,54,44,75,46,29,158,40,71,71,0,37,10,0,269,156,113,51,0,27,24,86,39,30,17
1500000US530530723111,530723111,741,223,104,50,54,29,29,0,0,51,28,6,17,0,39,20,19,115,45,6,6,0,26,13,25,286,156,130,31,0,10,21,86,28,30,21
1500000US530530723112,530723112,442,101,12,12,0,0,0,0,0,46,10,0,7,29,43,9,34,115,12,0,0,0,27,25,51,144,49,95,16,0,6,10,66,5,41,0
1500000US530530723113,530723113,802,317,222,153,69,5,0,0,5,63,12,0,45,6,27,27,0,178,33,7,7,0,56,11,71,218,85,133,39,0,0,39,50,7,29,14
1500000US530530723121,530723121,1200,630,204,122,82,78,56,22,0,184,22,53,109,0,164,144,20,246,69,14,0,14,42,75,46,202,134,68,47,0,14,33,75,16,22,17
1500000US530530723122,530723122,748,150,57,34,23,0,0,0,0,40,21,0,19,0,53,23,30,242,18,101,101,0,50,20,53,265,76,189,0,0,0,0,91,74,17,0
1500000US530530723123,530723123,692,17,17,17,0,0,0,0,0,0,0,0,0,0,0,0,0,190,0,45,45,0,0,0,145,228,195,33,37,0,25,12,220,25,161,34
1500000US530530723131,530723131,916,458,111,39,72,32,26,6,0,113,37,26,42,8,202,134,68,202,49,14,9,5,18,30,91,111,58,53,71,0,71,0,74,58,16,0
1500000US530530723132,530723132,768,312,69,52,17,52,7,42,3,130,11,11,84,24,61,33,28,110,10,15,4,11,36,19,30,232,96,136,37,0,24,13,77,20,57,0
1500000US530530724051,530724051,862,502,198,147,51,44,14,17,13,214,16,75,69,54,46,46,0,104,6,23,23,0,8,52,15,194,140,54,16,0,16,0,46,13,18,15
1500000US530530724052,530724052,995,395,89,72,17,46,13,33,0,157,0,16,126,15,103,82,21,71,0,19,9,10,38,7,7,292,205,87,111,0,51,60,126,18,101,7
1500000US530530724061,530724061,1040,478,235,190,45,47,33,0,14,94,14,17,38,25,102,89,13,109,0,13,0,13,59,12,25,307,187,120,11,1,0,10,135,96,0,39
1500000US530530724062,530724062,759,293,101,72,29,63,45,18,0,46,12,13,21,0,83,83,0,151,0,0,0,0,44,33,74,201,126,75,83,34,38,11,31,0,31,0
1500000US530530724063,530724063,1112,465,191,177,14,27,14,0,13,164,12,38,114,0,83,69,14,177,32,62,62,0,35,12,36,298,132,166,60,0,49,11,112,22,54,36
1500000US530530724071,530724071,946,237,92,41,51,40,17,23,0,105,20,0,70,15,0,0,0,281,3,59,59,0,164,13,42,347,270,77,22,0,22,0,59,23,34,2
1500000US530530724072,530724072,671,336,76,76,0,53,0,0,53,81,34,31,16,0,126,106,20,80,31,0,0,0,41,0,8,204,121,83,34,0,34,0,17,0,0,17
1500000US530530724073,530724073,547,288,92,51,41,21,21,0,0,84,0,0,67,17,91,80,11,77,0,14,14,0,50,0,13,110,64,46,37,14,9,14,35,0,35,0
1500000US530530724081,530724081,686,342,75,57,18,15,0,15,0,114,0,0,114,0,138,53,85,107,13,13,0,13,46,0,35,152,71,81,40,0,19,21,45,16,29,0
1500000US530530724082,530724082,855,464,143,131,12,14,0,0,14,220,16,0,204,0,87,72,15,69,0,0,0,0,40,0,29,99,48,51,151,35,79,37,72,33,39,0
1500000US530530724083,530724083,508,302,119,87,32,43,16,16,11,44,0,0,44,0,96,73,23,17,0,0,0,0,17,0,0,159,69,90,0,0,0,0,30,0,30,0
1500000US530530724084,530724084,619,397,114,81,33,65,14,40,11,116,35,0,67,14,102,71,31,52,17,0,0,0,35,0,0,93,80,13,0,0,0,0,77,38,39,0
1500000US530530724091,530724091,679,330,131,97,34,57,9,32,16,104,4,13,54,33,38,31,7,140,7,36,18,18,25,28,44,135,67,68,27,0,27,0,47,5,23,19
1500000US530530724092,530724092,513,253,127,87,40,14,5,3,6,96,0,15,61,20,16,11,5,43,0,14,0,14,11,10,8,163,111,52,29,0,24,5,25,4,10,11
1500000US530530724101,530724101,929,376,114,49,65,75,23,52,0,123,13,8,81,21,64,43,21,97,0,26,26,0,23,48,0,301,224,77,41,0,29,12,114,38,44,7
1500000US530530724102,530724102,738,341,146,121,25,44,15,29,0,114,20,0,66,28,37,37,0,108,0,0,0,0,28,46,34,169,65,104,64,11,15,38,56,16,40,0
1500000US530530725031,530725031,843,296,121,80,41,69,25,44,0,70,0,28,11,31,36,26,10,69,0,20,0,20,45,0,4,285,173,112,140,0,97,43,53,0,53,0
1500000US530530725032,530725032,1080,541,209,129,80,73,34,19,20,149,61,6,41,41,110,48,62,166,28,41,41,0,17,22,58,213,44,169,77,0,40,37,83,19,37,19
1500000US530530725041,530725041,966,548,292,186,106,40,21,19,0,124,13,10,69,32,92,92,0,109,18,45,25,20,16,0,30,160,100,60,30,0,22,8,119,61,46,12
1500000US530530725042,530725042,873,389,148,123,25,62,42,20,0,151,32,7,77,35,28,19,9,93,26,11,11,0,7,27,22,192,102,90,68,7,31,30,131,20,104,7
1500000US530530725051,530725051,503,174,83,45,38,16,16,0,0,33,0,0,33,0,42,42,0,128,84,15,0,15,11,0,18,112,43,69,78,0,33,45,11,0,0,0
1500000US530530725052,530725052,704,260,122,107,15,14,0,14,0,66,15,0,51,0,58,44,14,112,0,17,17,0,23,13,59,166,105,61,101,15,14,72,65,11,37,0
1500000US530530725053,530725053,1451,831,384,311,73,32,32,0,0,117,0,16,69,32,298,211,87,219,42,26,0,26,91,38,22,250,97,153,101,0,0,101,50,18,32,0
1500000US530530725054,530725054,564,168,63,63,0,45,16,29,0,0,0,0,0,0,60,30,30,71,0,17,17,0,16,0,38,249,134,115,76,0,38,38,0,0,0,0
1500000US530530725061,530725061,396,203,63,49,14,28,28,0,0,42,13,0,29,0,70,42,28,56,0,13,9,4,14,18,11,64,27,37,32,0,5,27,41,32,9,0
1500000US530530725062,530725062,1022,588,303,223,80,60,39,21,0,100,19,40,41,0,125,99,26,73,0,30,19,11,28,0,15,180,103,77,60,0,47,13,121,19,97,5
1500000US530530725071,530725071,423,316,124,72,52,70,33,0,37,105,26,7,50,22,17,17,0,27,0,0,0,0,12,9,6,40,29,11,22,0,22,0,18,0,18,0
1500000US530530725072,530725072,647,268,121,87,34,27,21,6,0,63,0,8,2,53,57,25,32,191,43,24,2,22,90,34,0,126,48,78,29,0,13,16,33,0,18,0
1500000US530530726011,530726011,1219,312,159,150,9,42,5,37,0,51,21,0,30,0,60,26,34,310,25,48,31,17,54,58,125,237,93,144,233,0,121,112,127,52,56,13
1500000US530530726012,530726012,490,199,89,75,14,43,12,20,11,56,5,9,42,0,11,0,11,91,0,20,10,10,39,27,5,123,38,85,35,0,17,18,42,24,18,0
1500000US530530726013,530726013,643,220,111,103,8,9,9,0,0,62,6,9,47,0,38,20,18,90,37,0,0,0,31,0,22,176,78,98,124,20,95,9,33,20,0,13
1500000US530530726021,530726021,432,160,78,66,12,35,19,16,0,38,6,0,32,0,9,9,0,126,0,43,15,28,7,40,36,53,20,33,69,41,14,14,24,9,15,0
1500000US530530726022,530726022,600,214,107,99,8,21,4,17,0,60,0,0,24,36,26,26,0,208,0,110,17,93,10,0,88,80,61,19,32,0,0,32,66,35,22,0
1500000US530530726023,530726023,558,221,77,37,40,25,0,16,9,66,0,61,0,5,53,37,16,78,0,23,0,23,10,0,45,96,32,64,81,0,53,28,82,0,82,0
1500000US530530726031,530726031,293,156,129,87,42,0,0,0,0,12,0,0,0,12,15,15,0,43,0,0,0,0,28,15,0,0,0,0,94,0,94,0,0,0,0,0
1500000US530530726032,530726032,337,85,48,25,23,0,0,0,0,0,0,0,0,0,37,15,22,133,19,17,17,0,20,77,0,69,13,56,50,0,0,50,0,0,0,0
1500000US530530726033,530726033,322,162,32,18,14,0,0,0,0,65,20,0,13,32,65,50,15,46,0,0,0,0,19,16,11,75,39,36,14,0,0,14,25,12,0,13
1500000US530530726034,530726034,546,174,80,31,49,8,8,0,0,61,47,0,0,14,25,9,16,148,0,0,0,0,15,53,80,157,86,71,35,0,35,0,32,21,0,11
1500000US530530726035,530726035,66,14,7,7,0,0,0,0,0,7,7,0,0,0,0,0,0,30,0,0,0,0,7,23,0,8,0,8,7,0,7,0,7,7,0,0
1500000US530530728001,530728001,1845,1021,339,213,126,151,83,68,0,258,49,0,167,42,273,207,66,243,11,88,34,54,127,0,17,374,116,258,41,0,41,0,166,152,14,0
1500000US530530728002,530728002,1245,667,239,127,112,92,19,61,12,170,32,30,108,0,166,108,58,160,38,39,19,20,24,28,31,307,80,227,67,0,57,10,44,0,44,0
1500000US530530729011,530729011,586,185,66,51,15,12,0,0,12,41,0,5,36,0,66,51,15,105,20,27,12,15,22,3,33,141,19,122,87,0,13,74,68,0,65,0
1500000US530530729031,530729031,437,119,45,36,9,13,0,0,13,48,0,6,42,0,13,6,7,48,3,20,13,7,13,0,12,141,19,122,88,0,53,35,41,15,21,0
1500000US530530729051,530729051,600,132,56,23,33,0,0,0,0,34,34,0,0,0,42,20,22,219,8,47,0,47,91,6,67,99,41,58,109,0,9,100,41,41,0,0
1500000US530530729052,530729052,191,73,59,32,27,7,7,0,0,7,7,0,0,0,0,0,0,31,0,15,0,15,0,0,16,60,0,60,0,0,0,0,27,17,0,10
1500000US530530729053,530729053,307,93,40,33,7,26,0,26,0,15,15,0,0,0,12,0,12,18,10,0,0,0,0,8,0,89,34,55,107,0,58,49,0,0,0,0
1500000US530530729061,530729061,57,4,0,0,0,0,0,0,0,4,4,0,0,0,0,0,0,49,5,44,0,44,0,0,0,0,0,0,4,0,0,4,0,0,0,0
1500000US530530729062,530729062,75,0,0,0,0,0,0,0,0,0,0,0,0,0,0,0,0,4,0,0,0,0,4,0,0,18,0,18,13,0,0,13,40,0,40,0
1500000US530530729071,530729071,338,68,0,0,0,0,0,0,0,35,0,0,10,25,33,0,33,86,29,39,7,32,0,0,18,68,0,68,105,0,25,80,11,0,0,11
1500000US530530729072,530729072,758,263,73,45,28,30,0,30,0,93,0,0,83,10,67,0,67,71,15,19,0,19,10,0,27,253,176,77,121,0,68,53,50,10,40,0
1500000US530530729073,530729073,0,0,0,0,0,0,0,0,0,0,0,0,0,0,0,0,0,0,0,0,0,0,0,0,0,0,0,0,0,0,0,0,0,0,0,0
1500000US530530730011,530730011,351,89,10,10,0,13,13,0,0,43,30,0,13,0,23,0,23,20,0,0,0,0,0,20,0,83,11,72,35,0,0,35,124,59,14,51
1500000US530530730012,530730012,633,131,31,31,0,12,0,12,0,34,0,0,34,0,54,54,0,119,0,81,31,50,0,23,15,59,32,27,212,0,115,97,112,20,73,19
1500000US530530730013,530730013,866,306,122,42,80,13,13,0,0,119,45,0,74,0,52,52,0,88,18,37,37,0,18,0,15,117,80,37,146,0,44,102,209,54,155,0
1500000US530530730014,530730014,507,234,140,140,0,0,0,0,0,76,0,0,61,15,18,0,18,86,31,0,0,0,12,28,15,87,52,35,100,0,87,13,0,0,0,0
1500000US530530730015,530730015,359,138,60,32,28,22,6,2,14,29,9,0,19,1,27,23,4,57,15,3,0,3,0,21,18,80,41,39,54,0,10,44,30,8,8,14
1500000US530530730051,530730051,420,173,54,38,16,20,20,0,0,63,14,18,15,16,36,36,0,36,18,0,0,0,0,18,0,37,0,37,68,0,52,16,106,106,0,0
1500000US530530730052,530730052,925,289,114,0,114,30,0,30,0,131,37,0,34,60,14,14,0,157,22,0,0,0,49,55,31,146,20,126,278,108,120,50,55,23,32,0
1500000US530530730053,530730053,312,87,60,60,0,0,0,0,0,27,0,0,27,0,0,0,0,0,0,0,0,0,0,0,0,60,20,40,72,0,72,0,93,84,9,0
1500000US530530730054,530730054,683,353,119,82,37,85,21,49,15,119,0,0,119,0,30,16,14,118,72,31,15,16,15,0,0,38,16,22,87,0,15,72,87,38,32,17
1500000US530530730061,530730061,1019,205,111,73,38,32,32,0,0,46,0,23,16,7,16,16,0,125,26,8,8,0,19,0,72,270,67,203,226,24,116,86,193,79,47,67
1500000US530530730062,530730062,573,196,103,89,14,36,28,8,0,57,0,0,57,0,0,0,0,77,16,12,12,0,36,13,0,185,87,98,76,0,24,52,39,39,0,0
1500000US530530731081,530731081,789,174,66,50,16,0,0,0,0,81,67,0,14,0,27,12,15,259,54,48,13,35,18,85,54,161,98,63,151,0,121,30,44,17,0,14
1500000US530530731082,530731082,1794,575,239,165,74,100,100,0,0,145,70,0,66,9,91,52,39,189,0,10,10,0,95,71,13,653,275,378,101,0,42,59,276,139,115,22
1500000US530530731083,530731083,1125,220,85,12,73,0,0,0,0,72,19,0,43,10,63,17,46,147,32,47,23,24,26,10,32,552,277,275,45,0,28,17,161,57,34,70
1500000US530530731101,530731101,767,258,126,90,36,30,19,11,0,70,17,0,39,14,32,21,11,126,31,11,0,11,11,0,73,205,68,137,66,0,42,24,112,85,18,9
1500000US530530731102,530731102,1027,408,140,120,20,38,26,12,0,154,28,0,117,9,76,58,18,154,27,0,0,0,114,0,13,159,87,72,194,0,95,99,112,52,60,0
1500000US530530731111,530731111,930,290,134,100,34,64,43,21,0,81,8,18,55,0,11,11,0,203,27,27,9,18,35,93,21,233,116,117,107,0,76,31,97,50,17,30
1500000US530530731112,530731112,615,237,139,121,18,0,0,0,0,39,16,12,11,0,59,39,20,130,12,26,26,0,51,14,27,120,54,66,35,0,27,8,93,77,16,0
1500000US530530731113,530731113,475,139,33,24,9,20,0,20,0,69,23,5,34,7,17,9,8,47,9,5,0,5,0,11,22,123,47,76,65,0,21,44,101,69,0,20
1500000US530530731131,530731131,762,186,99,49,50,63,63,0,0,24,14,0,10,0,0,0,0,172,17,0,0,0,59,72,24,76,25,51,167,0,68,99,161,43,95,23
1500000US530530731132,530731132,1140,529,358,142,216,50,50,0,0,54,0,18,36,0,67,67,0,193,0,17,7,10,72,0,104,197,73,124,42,0,27,15,179,41,108,21
1500000US530530731133,530731133,1167,413,118,94,24,100,10,90,0,120,63,0,57,0,75,75,0,216,39,39,39,0,75,15,48,271,146,125,175,0,49,126,92,0,45,29
1500000US530530731141,530731141,1074,340,217,133,84,17,17,0,0,59,0,8,51,0,47,0,47,178,49,33,21,12,96,0,0,313,95,218,106,0,54,52,137,72,21,32
1500000US530530731142,530731142,659,84,25,4,21,0,0,0,0,32,5,0,0,27,27,27,0,162,66,10,10,0,30,24,32,215,142,73,142,0,57,85,56,40,8,8
1500000US530530731143,530731143,527,162,72,72,0,40,15,25,0,33,9,0,15,9,17,0,17,82,26,0,0,0,23,0,33,98,42,56,32,0,14,18,153,47,66,40
1500000US530530731151,530731151,954,306,157,127,30,11,11,0,0,60,5,0,55,0,78,66,12,116,0,21,21,0,43,16,36,310,138,172,90,0,43,47,132,83,38,11
1500000US530530731152,530731152,734,148,76,61,15,21,0,21,0,51,9,14,28,0,0,0,0,64,0,17,6,11,11,21,15,197,70,127,167,12,143,12,158,67,74,17
1500000US530530731153,530731153,246,72,32,11,21,0,0,0,0,40,0,0,40,0,0,0,0,36,0,5,5,0,16,0,15,54,15,39,62,0,26,36,22,0,22,0
1500000US530530731161,530731161,981,278,129,64,65,15,7,8,0,75,32,9,26,8,59,39,20,203,16,38,18,20,37,65,47,189,66,123,91,11,63,17,220,94,86,40
1500000US530530731162,530731162,697,108,65,35,30,0,0,0,0,27,0,0,16,11,16,16,0,69,15,0,0,0,0,29,25,202,77,125,219,0,119,100,99,41,32,26
1500000US530530731171,530731171,902,245,63,53,10,50,10,32,8,60,14,0,35,11,72,72,0,148,12,18,11,7,52,28,38,250,114,136,89,0,72,17,170,67,69,34
1500000US530530731172,530731172,697,182,86,46,40,7,7,0,0,44,0,0,30,14,45,45,0,71,0,17,9,8,0,54,0,218,36,182,167,25,73,69,59,0,25,34
1500000US530530731181,530731181,862,215,74,59,15,21,21,0,0,93,0,0,82,11,27,17,10,102,8,18,18,0,58,11,7,288,130,158,94,0,70,24,163,73,66,24
1500000US530530731182,530731182,1087,429,186,130,56,48,30,9,9,161,0,28,83,50,34,34,0,161,36,14,7,7,56,23,32,203,93,110,121,0,101,20,173,56,88,29
1500000US530530731191,530731191,626,120,76,18,58,8,0,8,0,31,0,0,6,25,5,5,0,108,15,0,0,0,7,24,62,114,16,98,130,1,29,100,154,104,50,0
1500000US530530731192,530731192,924,308,158,152,6,13,0,13,0,108,0,0,99,9,29,13,16,100,4,47,47,0,13,26,10,284,171,113,109,0,76,33,123,31,65,21
1500000US530530731201,530731201,858,216,63,56,7,52,39,0,13,67,6,0,61,0,34,26,8,215,9,22,22,0,52,104,28,270,102,168,43,0,24,19,114,89,10,15
1500000US530530731202,530731202,794,355,120,70,50,43,31,0,12,109,20,28,61,0,83,72,11,171,16,16,7,9,31,41,67,163,32,131,31,0,10,21,74,38,16,9
1500000US530530731211,530731211,994,374,177,120,57,49,11,23,15,80,31,7,31,11,68,68,0,85,9,26,26,0,25,0,25,278,86,192,132,0,93,39,125,64,49,12
1500000US530530731212,530731212,1241,528,145,93,52,50,8,42,0,165,9,10,106,40,168,127,41,140,29,55,0,55,47,0,9,256,98,158,107,11,40,56,210,44,124,42
1500000US530530731221,530731221,792,258,107,76,31,30,30,0,0,39,7,0,32,0,82,41,41,79,14,6,0,6,20,18,21,171,83,88,45,8,0,37,239,110,120,9
1500000US530530731222,530731222,1415,534,261,181,80,82,48,34,0,107,19,22,49,17,84,84,0,268,70,17,5,12,67,12,102,309,124,185,228,0,135,93,76,53,10,13
1500000US530530731231,530731231,1603,849,422,351,71,130,69,52,9,188,24,0,152,12,109,93,16,166,23,34,10,24,34,22,53,403,221,182,72,0,34,38,113,24,76,0
1500000US530530731232,530731232,704,266,96,51,45,39,0,39,0,39,10,9,14,6,92,50,42,99,28,0,0,0,9,17,45,195,113,82,61,0,36,25,83,50,28,0
1500000US530530731241,530731241,542,68,54,54,0,0,0,0,0,8,0,0,8,0,6,6,0,198,38,21,0,21,83,40,16,104,91,13,71,0,58,13,101,0,35,66
1500000US530530731242,530731242,1076,200,99,78,21,0,0,0,0,54,0,9,35,10,47,42,5,140,20,0,0,0,31,6,83,320,180,140,211,0,78,133,205,27,46,132
1500000US530530731251,530731251,1876,592,192,89,103,51,51,0,0,172,47,0,81,44,177,115,62,269,112,29,29,0,26,39,63,555,195,360,245,0,221,24,215,33,155,27
1500000US530530731252,530731252,917,220,30,11,19,0,0,0,0,85,0,8,66,11,105,105,0,31,0,7,7,0,0,0,24,182,59,123,198,0,142,56,286,12,191,83
1500000US530530731253,530731253,1674,438,257,191,66,28,28,0,0,61,0,0,61,0,92,33,59,180,0,89,20,69,54,37,0,588,180,408,194,0,63,131,274,79,35,105
1500000US530530731261,530731261,1723,711,351,162,189,39,7,27,5,105,7,18,47,33,216,164,52,402,27,73,9,64,117,0,185,384,241,143,112,0,39,73,114,27,70,17
1500000US530530732001,530732001,523,106,11,11,0,40,17,23,0,40,0,8,25,7,15,0,15,57,20,12,6,6,16,9,0,127,71,56,125,35,63,27,108,42,22,44
1500000US530530732002,530732002,350,79,36,9,27,0,0,0,0,16,0,0,16,0,27,12,15,79,0,18,18,0,0,23,38,59,12,47,95,0,36,59,38,33,0,5
1500000US530530732003,530732003,543,153,14,9,5,39,0,39,0,33,0,0,33,0,67,41,26,126,36,36,20,16,0,28,26,74,10,64,69,0,58,11,121,30,28,43
1500000US530530732004,530732004,1153,200,73,66,7,8,8,0,0,85,21,0,64,0,34,0,34,243,0,59,34,25,57,77,50,216,83,133,343,47,185,111,151,57,37,33
1500000US530530733011,530733011,1768,418,207,170,37,121,24,97,0,49,10,0,39,0,41,41,0,516,36,155,89,66,177,47,101,390,203,187,137,0,35,102,307,102,119,86
1500000US530530733012,530733012,277,76,28,10,18,8,8,0,0,13,13,0,0,0,27,8,19,151,7,17,17,0,49,38,40,40,10,30,0,0,0,0,10,0,10,0
1500000US530530733013,530733013,105,73,49,26,23,0,0,0,0,11,0,0,11,0,13,13,0,0,0,0,0,0,0,0,0,14,0,14,5,0,5,0,13,0,13,0
1500000US530530733014,530733014,675,88,68,68,0,0,0,0,0,13,0,0,13,0,7,0,7,112,32,11,11,0,20,14,35,133,0,133,124,0,102,22,218,120,0,98
1500000US530530733021,530733021,798,252,115,56,59,43,28,15,0,78,13,9,31,25,16,0,16,108,23,7,7,0,48,11,19,160,47,113,92,0,20,72,186,78,72,30
1500000US530530733022,530733022,610,250,120,64,56,18,10,0,8,95,9,0,86,0,17,9,8,74,6,25,25,0,15,17,11,151,64,87,28,0,15,13,107,50,57,0
1500000US530530733023,530733023,504,222,124,103,21,13,0,6,7,53,0,0,53,0,32,32,0,19,19,0,0,0,0,0,0,162,58,104,22,0,0,22,79,67,12,0
1500000US530530734041,530734041,593,131,54,54,0,11,11,0,0,25,0,0,25,0,41,41,0,182,0,14,0,14,88,44,36,112,12,100,92,0,79,13,76,43,12,21
1500000US530530734042,530734042,370,63,0,0,0,0,0,0,0,46,0,0,0,46,17,0,17,57,18,0,0,0,0,0,39,31,20,11,160,16,102,42,59,22,0,37
1500000US530530734043,530734043,458,158,75,51,24,40,0,14,26,32,0,0,32,0,11,11,0,104,0,0,0,0,88,0,16,79,31,48,75,0,59,16,42,0,16,26
1500000US530530734044,530734044,492,278,120,109,11,36,0,36,0,61,0,13,48,0,61,38,23,71,0,0,0,0,28,43,0,79,16,63,46,0,46,0,18,0,18,0
1500000US530530734045,530734045,1003,371,92,60,32,36,36,0,0,169,41,0,128,0,74,44,30,176,14,33,24,9,106,0,23,162,89,73,109,0,74,35,185,12,159,14
1500000US530530734051,530734051,892,233,105,68,37,15,6,9,0,67,0,0,59,8,46,13,33,184,77,20,20,0,56,0,31,116,59,57,195,0,156,39,164,79,78,7
1500000US530530734052,530734052,757,198,100,82,18,29,0,29,0,41,14,10,17,0,28,28,0,184,0,93,93,0,81,10,0,191,116,75,62,0,55,7,122,52,8,56
1500000US530530734061,530734061,756,402,148,137,11,17,17,0,0,163,17,27,107,12,74,66,8,123,41,21,11,10,15,9,37,121,82,39,87,0,61,26,23,23,0,0
1500000US530530734062,530734062,727,236,97,73,24,8,0,8,0,92,0,15,77,0,39,0,39,118,8,15,15,0,27,68,0,168,43,125,103,0,11,92,102,64,20,18
1500000US530530734063,530734063,1073,231,108,84,24,28,0,28,0,66,0,0,66,0,29,0,29,232,52,73,22,51,65,0,42,373,156,217,49,0,49,0,188,43,64,27
1500000US530530734071,530734071,710,171,33,22,11,64,29,35,0,54,0,0,54,0,20,11,9,174,53,14,14,0,23,51,33,179,55,124,56,0,19,37,130,12,52,66
1500000US530530734072,530734072,450,91,24,13,11,0,0,0,0,32,17,0,5,10,35,27,8,142,11,5,5,0,17,24,85,64,18,46,32,0,21,11,121,28,51,35
1500000US530530734073,530734073,828,390,217,104,113,23,18,5,0,91,5,43,43,0,59,10,49,108,20,30,30,0,10,9,39,193,50,143,68,0,36,32,69,45,9,15
1500000US530530734081,530734081,910,264,133,113,20,38,22,10,6,63,24,5,31,3,30,12,18,111,3,0,0,0,78,22,8,284,110,174,131,3,109,19,120,40,30,50
1500000US530530734082,530734082,462,295,151,107,44,50,38,0,12,74,36,8,30,0,20,20,0,57,26,19,9,10,0,0,12,44,21,23,20,0,8,12,46,34,12,0
1500000US530530734083,530734083,464,170,44,44,0,33,10,13,10,85,57,0,0,28,8,8,0,48,0,0,0,0,0,41,7,113,33,80,41,0,36,5,92,33,53,6
1500000US530530735001,530735001,519,229,80,66,14,77,2,75,0,51,0,16,35,0,21,0,21,36,0,19,0,19,3,0,14,85,16,69,57,0,57,0,112,48,49,15
1500000US530530735002,530735002,703,324,63,15,48,61,32,29,0,158,0,5,132,21,42,42,0,52,0,0,0,0,29,0,23,178,75,103,107,15,70,22,42,13,5,24
1500000US530530735003,530735003,479,237,184,169,15,12,0,12,0,31,31,0,0,0,10,10,0,92,0,66,66,0,26,0,0,44,14,30,61,0,33,28,45,32,9,0
1500000US530530735004,530735004,643,425,118,25,93,112,62,50,0,93,0,0,93,0,102,102,0,9,5,4,4,0,0,0,0,96,66,30,24,0,9,15,89,35,30,24
1500000US530530735005,530735005,414,112,20,20,0,0,0,0,0,35,0,0,35,0,57,34,23,24,12,0,0,0,12,0,0,83,23,60,28,0,0,28,167,10,90,67
1500000US530530735006,530735006,639,278,224,174,50,12,0,12,0,31,0,0,19,12,11,11,0,28,0,0,0,0,16,0,12,250,65,185,30,0,30,0,53,29,24,0
1500000US530539400011,539400011,711,414,190,144,46,32,25,3,4,108,9,24,64,11,84,77,7,65,16,9,7,2,15,5,20,184,82,102,17,0,10,7,31,3,15,7
1500000US530539400012,539400012,726,290,106,72,34,51,17,22,12,85,12,25,34,14,48,32,16,68,20,9,5,4,10,0,29,200,97,103,55,0,31,24,113,66,40,7
1500000US530539400021,539400021,622,155,89,67,22,27,14,10,3,11,6,0,5,0,28,13,15,77,0,17,3,14,19,26,15,194,124,70,86,0,37,49,110,35,28,44
1500000US530539400022,539400022,595,92,72,46,26,9,3,6,0,7,0,0,2,5,4,0,4,153,16,25,22,3,78,25,9,188,67,121,51,0,18,33,111,49,35,23
1500000US530539400023,539400023,572,195,87,50,37,22,14,4,4,47,0,10,20,17,39,25,14,109,0,32,16,16,23,28,26,120,53,67,53,0,34,19,95,34,37,18
1500000US530539400031,539400031,1672,775,329,219,110,113,60,46,7,163,19,39,68,37,170,129,41,204,55,37,32,5,35,24,53,379,182,197,138,3,64,71,176,56,91,29
1500000US530539400032,539400032,940,212,97,62,35,37,18,11,8,35,3,8,22,2,43,29,14,168,10,36,23,13,49,33,40,282,117,165,155,0,118,37,123,35,27,52
1500000US530539400033,539400033,1038,163,84,36,48,31,13,15,3,48,8,3,27,10,0,0,0,193,10,17,10,7,95,48,23,299,111,188,109,0,59,50,274,146,46,79
1500000US530539400041,539400041,719,132,0,0,0,26,12,14,0,73,20,35,18,0,33,20,13,193,12,34,13,21,132,13,2,191,132,59,97,0,91,6,106,17,48,41
1500000US530539400042,539400042,242,85,75,64,11,0,0,0,0,10,0,0,10,0,0,0,0,25,10,0,0,0,15,0,0,33,16,17,43,0,36,7,56,10,18,28
1500000US530539400043,539400043,329,71,32,26,6,10,3,7,0,16,6,4,6,0,13,9,4,56,8,8,8,0,21,0,19,95,50,45,41,3,10,28,66,26,28,12
1500000US530539400044,539400044,430,116,71,43,28,12,3,9,0,24,6,0,18,0,9,9,0,114,0,38,36,2,6,15,55,107,42,65,43,0,36,7,50,18,6,24
1500000US530539400045,539400045,718,267,121,108,13,25,11,10,4,90,0,3,74,13,31,18,13,76,7,3,0,3,13,38,15,198,72,126,105,0,60,45,72,22,36,14
1500000US530539400046,539400046,750,238,153,104,49,32,15,14,3,39,4,6,25,4,14,11,3,126,9,19,15,4,35,51,12,219,107,112,68,0,50,18,99,57,27,15
1500000US530539400051,539400051,716,208,94,76,18,33,20,10,3,68,6,13,46,3,13,4,9,90,10,9,4,5,29,15,27,201,74,127,80,0,47,33,137,52,67,15
1500000US530539400052,539400052,1094,350,118,89,29,95,55,37,3,82,11,11,47,13,55,35,20,215,20,13,7,6,90,49,43,258,94,164,131,11,96,24,140,60,26,41
1500000US530539400053,539400053,1166,361,183,112,71,56,33,19,4,76,17,0,42,17,46,38,8,220,42,6,4,2,70,21,81,296,125,171,137,0,67,70,152,57,42,40
1500000US530539400061,539400061,505,132,64,52,12,0,0,0,0,31,9,0,22,0,37,20,17,125,14,0,0,0,26,46,39,111,41,70,62,0,62,0,75,33,23,13
1500000US530539400062,539400062,230,55,16,4,12,3,0,3,0,11,11,0,0,0,25,11,14,77,12,2,2,0,37,9,17,35,10,25,12,0,9,3,51,27,7,17
1500000US530539400071,539400071,327,53,27,17,10,10,10,0,0,14,0,0,11,3,2,2,0,118,30,5,5,0,23,34,26,99,32,67,23,0,23,0,34,24,8,2
1500000US530539400072,539400072,428,93,34,34,0,40,0,33,7,15,0,3,4,8,4,0,4,120,16,9,9,0,37,31,27,42,10,32,42,0,29,13,131,70,34,17
1500000US530539400073,539400073,528,69,34,26,8,12,0,10,2,20,0,0,7,13,3,0,3,215,0,0,0,0,113,38,64,97,49,48,87,0,58,29,60,30,10,13
1500000US530539400081,539400081,1410,526,227,129,98,79,54,16,9,140,26,0,93,21,80,51,29,220,50,49,31,18,65,3,53,382,168,214,91,3,68,20,191,51,75,55
1500000US530539400082,539400082,946,350,146,97,49,38,19,15,4,97,11,12,48,26,69,59,10,162,28,16,12,4,16,27,75,242,100,142,56,0,41,15,136,72,34,30
1500000US530539400083,539400083,687,394,180,136,44,52,24,25,3,111,30,17,43,21,51,40,11,82,3,31,7,24,11,0,37,122,58,64,22,0,14,8,67,29,29,6
1500000US530539400091,539400091,1047,270,100,81,19,27,18,3,6,90,8,7,68,7,53,36,17,170,6,36,19,17,51,3,74,300,166,134,147,11,99,37,160,17,89,54
1500000US530539400092,539400092,438,202,73,42,31,54,40,14,0,64,0,24,22,18,11,11,0,41,0,0,0,0,0,0,41,102,48,54,39,0,18,21,54,31,10,13
1500000US530539400101,539400101,1084,313,127,95,32,17,0,17,0,132,69,0,54,9,37,19,18,124,2,34,29,5,29,28,31,312,182,130,108,0,57,51,227,67,66,83
1500000US530539400102,539400102,694,99,76,76,0,0,0,0,0,0,0,0,0,0,23,23,0,76,8,50,50,0,0,0,18,195,109,86,96,10,86,0,228,103,78,47
1500000US530539400103,539400103,212,106,44,42,2,3,0,3,0,28,2,18,8,0,31,25,6,16,5,6,6,0,0,5,0,38,7,31,43,3,33,7,9,6,3,0
1500000US530539400111,539400111,916,391,182,122,60,43,10,27,6,107,13,13,66,15,59,59,0,122,27,37,11,26,26,7,25,182,52,130,71,0,21,50,150,64,54,32
1500000US530539400112,539400112,914,527,204,140,64,76,52,18,6,108,14,22,55,17,139,111,28,83,11,18,4,14,30,6,18,224,137,87,21,0,11,10,59,41,12,6
1500000US530539400113,539400113,495,235,107,81,26,32,11,21,0,57,11,16,27,3,39,23,16,47,8,9,9,0,10,9,11,110,45,65,49,10,15,24,54,7,16,18
