id,newid,Y15_BusPer,Y15_SciPer,Y15_EdLegper,Y15_HealPer,Y15_OfficePer,Y15_ExtrPer,Y15_LogiPer
1500000US530530602001,530602001,0.209964413,0.065836299,0.106761566,0.097864769,0.097864769,0.28113879,0.049822064
1500000US530530603001,530603001,0.173535792,0,0.190889371,0.197396963,0.088937093,0.26681128,0.021691974
1500000US530530603002,530603002,0.260124611,0.07788162,0.107476636,0.035825545,0.140186916,0.238317757,0.074766355
1500000US530530603003,530603003,0.110416667,0.022916667,0.192708333,0.105208333,0.175,0.192708333,0.085416667
1500000US530530604001,530604001,0.216949153,0.061016949,0.257627119,0.203389831,0.057627119,0.084745763,0.057627119
1500000US530530604002,530604002,0.155988858,0.128133705,0.200557103,0.144846797,0.111420613,0.122562674,0.050139276
1500000US530530604003,530604003,0.153225806,0.048387097,0.284946237,0.163978495,0.279569892,0.018817204,0
1500000US530530604004,530604004,0.186520376,0.087774295,0.0830721,0.070532915,0.161442006,0.227272727,0.117554859
1500000US530530604005,530604005,0.279816514,0.013761468,0.041284404,0.126146789,0.096330275,0.373853211,0.013761468
1500000US530530605001,530605001,0.200440529,0.134361233,0.057268722,0.18061674,0,0.341409692,0
1500000US530530605002,530605002,0.348979592,0.016326531,0.1,0.159183673,0.071428571,0.171428571,0.071428571
1500000US530530605003,530605003,0.16875,0.070833333,0.166666667,0.05625,0.122916667,0.30625,0.01875
1500000US530530605004,530605004,0.262195122,0.018292683,0.231707317,0.018292683,0.158536585,0.25,0.030487805
1500000US530530605005,530605005,0.285714286,0.034843206,0.212543554,0.134146341,0.12369338,0.12195122,0.069686411
1500000US530530606001,530606001,0.310160428,0.092691622,0.242424242,0.144385027,0.055258467,0.126559715,0.028520499
1500000US530530606002,530606002,0.255319149,0,0.024113475,0.059574468,0.160283688,0.185815603,0.209929078
1500000US530530606003,530606003,0.292490119,0,0.191699605,0.029644269,0.16798419,0.207509881,0.029644269
1500000US530530606004,530606004,0.147679325,0.162447257,0.280590717,0.037974684,0.097046414,0.122362869,0.029535865
1500000US530530606005,530606005,0.035714286,0.137755102,0.229591837,0.102040816,0.145408163,0.147959184,0.158163265
1500000US530530606006,530606006,0.247619048,0.066666667,0.138095238,0.061904762,0.3,0.185714286,0
1500000US530530607001,530607001,0.317073171,0,0.070121951,0.042682927,0.140243902,0.262195122,0.042682927
1500000US530530607002,530607002,0.142,0.044,0.206,0.03,0.17,0.282,0.044
1500000US530530607003,530607003,0.180051813,0.042746114,0.160621762,0.117875648,0.224093264,0.207253886,0.022020725
1500000US530530607004,530607004,0.158227848,0.14556962,0.074367089,0,0.254746835,0.189873418,0.113924051
1500000US530530607005,530607005,0.026548673,0.031858407,0.132743363,0.007079646,0.338053097,0.42300885,0
1500000US530530607006,530607006,0.293159609,0.071661238,0.153094463,0,0.241042345,0.146579805,0
1500000US530530608001,530608001,0.11038961,0.19047619,0.212121212,0.067099567,0,0.231601732,0.034632035
1500000US530530608002,530608002,0.180156658,0.195822454,0.156657963,0,0.039164491,0.219321149,0.130548303
1500000US530530608003,530608003,0.163398693,0.074074074,0.093681917,0.030501089,0.272331155,0.191721133,0.08496732
1500000US530530608004,530608004,0,0.068548387,0.258064516,0.14516129,0.112903226,0.197580645,0.100806452
1500000US530530608005,530608005,0.196868009,0.031319911,0.029082774,0.138702461,0.140939597,0.123042506,0.176733781
1500000US530530608006,530608006,0.088353414,0.014056225,0.401606426,0.02811245,0.112449799,0.16064257,0.128514056
1500000US530530608007,530608007,0.223367698,0.027491409,0,0.079037801,0.10652921,0.274914089,0.243986254
1500000US530530609031,530609031,0.161662818,0.050808314,0.080831409,0.032332564,0.327944573,0.23556582,0.036951501
1500000US530530609032,530609032,0.172910663,0.115273775,0.129682997,0.04610951,0.201729107,0.239193084,0
1500000US530530609033,530609033,0.185733513,0.060565276,0.125168237,0.099596231,0.169582773,0.169582773,0.094212651
1500000US530530609041,530609041,0.039911308,0.068736142,0.042128603,0,0.235033259,0.350332594,0.155210643
1500000US530530609042,530609042,0.187250996,0.121513944,0.158366534,0.014940239,0.22310757,0.141434263,0.056772908
1500000US530530609043,530609043,0.107195301,0.032305433,0.054331865,0.016152717,0.167400881,0.24082232,0
1500000US530530609044,530609044,0.166193182,0.052556818,0,0.076704545,0.267045455,0.339488636,0.058238636
1500000US530530609051,530609051,0.195177956,0.016073479,0.133180253,0.119402985,0.138920781,0.192881745,0.105625718
1500000US530530609052,530609052,0.054597701,0,0.189655172,0.08045977,0.123563218,0.293103448,0.25862069
1500000US530530609053,530609053,0.298056156,0.051835853,0.127429806,0.032397408,0.20950324,0.159827214,0
1500000US530530609054,530609054,0.313880126,0,0.093059937,0.03785489,0.241324921,0.220820189,0.093059937
1500000US530530609055,530609055,0.152136752,0.052991453,0.121367521,0.112820513,0.152136752,0.379487179,0.029059829
1500000US530530609061,530609061,0.137254902,0.04826546,0.179487179,0.042232278,0.174962293,0.194570136,0.102564103
1500000US530530609062,530609062,0.055718475,0.04398827,0.263929619,0.017595308,0.123167155,0.322580645,0.114369501
1500000US530530610011,530610011,0.116666667,0.041666667,0.039583333,0.070833333,0.060416667,0.445833333,0.1
1500000US530530610012,530610012,0.160990712,0.027863777,0,0.343653251,0.13622291,0.275541796,0.024767802
1500000US530530610013,530610013,0.158071749,0.090807175,0.137892377,0.128923767,0.156950673,0.191704036,0.085201794
1500000US530530610021,530610021,0.047021944,0.028213166,0.114420063,0.081504702,0.47492163,0.180250784,0.017241379
1500000US530530610022,530610022,0.132911392,0,0.05907173,0.023206751,0,0.508438819,0.223628692
1500000US530530610023,530610023,0.222972973,0,0.108108108,0,0.185810811,0.347972973,0.037162162
1500000US530530610024,530610024,0.074688797,0.099585062,0.124481328,0,0.112033195,0.323651452,0.116182573
1500000US530530611001,530611001,0.074132492,0,0.148264984,0.056782334,0.246056782,0.449526814,0.025236593
1500000US530530611002,530611002,0.063829787,0.136170213,0.059574468,0.072340426,0.327659574,0.063829787,0.140425532
1500000US530530611003,530611003,0.214689266,0.09039548,0.13559322,0,0.248587571,0.15819209,0.084745763
1500000US530530611004,530611004,0,0,0.339100346,0,0.321799308,0.121107266,0.058823529
1500000US530530611005,530611005,0.147812971,0.018099548,0.078431373,0.076923077,0.114630468,0.340874811,0.098039216
1500000US530530611006,530611006,0.048899756,0.048899756,0.204156479,0.092909535,0.14792176,0.16992665,0.019559902
1500000US530530611007,530611007,0.310661765,0,0.084558824,0.066176471,0.084558824,0.194852941,0.079044118
1500000US530530612001,530612001,0.138613861,0.077227723,0.184158416,0.057425743,0.213861386,0.172277228,0
1500000US530530612002,530612002,0.171837709,0.016706444,0.143198091,0.050119332,0.202863962,0.334128878,0.016706444
1500000US530530612003,530612003,0.058947368,0,0.210526316,0.08,0.214736842,0.117894737,0.075789474
1500000US530530612004,530612004,0.081967213,0,0.030054645,0.046448087,0.073770492,0.587431694,0.092896175
1500000US530530612005,530612005,0.273556231,0.218844985,0.200607903,0,0.054711246,0.200607903,0.027355623
1500000US530530612006,530612006,0.053045187,0.055009823,0.223968566,0.2043222,0.292730845,0.10805501,0.047151277
1500000US530530613001,530613001,0.138157895,0.055921053,0.065789474,0,0.296052632,0.246710526,0.039473684
1500000US530530613002,530613002,0.225641026,0.030769231,0.138461538,0.017948718,0.179487179,0.058974359,0.11025641
1500000US530530613003,530613003,0.071808511,0.018617021,0.026595745,0.103723404,0.316489362,0.228723404,0.074468085
1500000US530530613004,530613004,0.142857143,0.184126984,0.158730159,0.025396825,0.273015873,0.022222222,0.079365079
1500000US530530613005,530613005,0.048387097,0,0,0.043010753,0.166666667,0.325268817,0.142473118
1500000US530530613006,530613006,0.096952909,0.024930748,0.221606648,0.058171745,0.227146814,0.157894737,0.088642659
1500000US530530614001,530614001,0.036585366,0.053658537,0.131707317,0.02195122,0.36097561,0.224390244,0.036585366
1500000US530530614002,530614002,0.031674208,0,0.104072398,0.036199095,0.624434389,0.095022624,0.040723982
1500000US530530614003,530614003,0.234920635,0.031746032,0.168253968,0,0.26984127,0.136507937,0.019047619
1500000US530530615001,530615001,0.202819957,0.087852495,0.203904555,0.03362256,0.223427332,0.096529284,0.039045553
1500000US530530615002,530615002,0.177333333,0.032,0.249333333,0.116,0.18,0.170666667,0.049333333
1500000US530530615003,530615003,0.093235832,0.042047532,0.190127971,0,0.166361974,0.243144424,0.115173675
1500000US530530615004,530615004,0.13372093,0,0.100775194,0.093023256,0.234496124,0.197674419,0.189922481
1500000US530530616011,530616011,0.160621762,0.125647668,0.230569948,0.094559585,0.182642487,0.146373057,0.025906736
1500000US530530616021,530616021,0.148514851,0.103960396,0.121287129,0.170792079,0.158415842,0.138613861,0.091584158
1500000US530530617001,530617001,0.100166945,0.065108514,0.096828047,0.111853088,0.265442404,0.136894825,0.016694491
1500000US530530617002,530617002,0.013071895,0.019607843,0.11546841,0.058823529,0.111111111,0.11328976,0.05664488
1500000US530530617003,530617003,0.209964413,0.035587189,0.170818505,0.049822064,0.224199288,0.227758007,0.081850534
1500000US530530617004,530617004,0.023809524,0.183673469,0.027210884,0,0.173469388,0.098639456,0.397959184
1500000US530530617005,530617005,0.075242718,0,0.201456311,0,0.259708738,0.17961165,0.050970874
1500000US530530618001,530618001,0.249230769,0,0.126153846,0,0.215384615,0.221538462,0.046153846
1500000US530530618002,530618002,0.039927405,0.065335753,0.068965517,0.00907441,0.237749546,0.186932849,0.025408348
1500000US530530618003,530618003,0.049242424,0,0.185606061,0,0.140151515,0.310606061,0
1500000US530530619001,530619001,0.029411765,0.049019608,0.14379085,0,0.251633987,0.215686275,0.156862745
1500000US530530619002,530619002,0.275568182,0,0.071022727,0.059659091,0.161931818,0.28125,0.011363636
1500000US530530620001,530620001,0.076142132,0.040609137,0.050761421,0,0.23857868,0.210659898,0.218274112
1500000US530530620002,530620002,0.108747045,0.009456265,0.101654846,0.004728132,0.330969267,0.234042553,0.01891253
1500000US530530620003,530620003,0.06741573,0.04494382,0.159550562,0.013483146,0.170786517,0.233707865,0.053932584
1500000US530530620004,530620004,0.159802306,0.013179572,0.042833608,0.05601318,0.143327842,0.354200988,0.125205931
1500000US530530623001,530623001,0.176470588,0.044117647,0.120915033,0.001633987,0.344771242,0.151960784,0.10130719
1500000US530530623002,530623002,0.028901734,0,0.119460501,0,0.373795761,0.115606936,0.144508671
1500000US530530623003,530623003,0.14796748,0.03902439,0.076422764,0,0.229268293,0.172357724,0.034146341
1500000US530530623004,530623004,0.020576132,0,0.154320988,0.016460905,0.224279835,0.320987654,0.174897119
1500000US530530624001,530624001,0.226256983,0,0.019553073,0,0.379888268,0.11452514,0.076815642
1500000US530530624002,530624002,0.118329466,0,0.078886311,0.030162413,0.187935035,0.415313225,0
1500000US530530624003,530624003,0.200328407,0.024630542,0.068965517,0,0.206896552,0.203612479,0.142857143
1500000US530530624004,530624004,0.082089552,0.152985075,0.089552239,0.01119403,0.25,0.255597015,0.15858209
1500000US530530624005,530624005,0.035714286,0,0.032738095,0.050595238,0.244047619,0.303571429,0.333333333
1500000US530530625001,530625001,0.14232902,0,0.06284658,0,0.182994455,0.336414048,0.109057301
1500000US530530625002,530625002,0,0.017027864,0.043343653,0.00619195,0.325077399,0.400928793,0.13622291
1500000US530530625003,530625003,0.21182266,0,0.098522167,0.221674877,0.275862069,0,0.088669951
1500000US530530625004,530625004,0.056842105,0,0.023157895,0.046315789,0.218947368,0.32,0.210526316
1500000US530530625005,530625005,0.073464912,0,0.064692982,0,0.260964912,0.4375,0.049342105
1500000US530530625006,530625006,0.066954644,0,0.118790497,0.047516199,0.265658747,0.3174946,0
1500000US530530625007,530625007,0.180232558,0.021317829,0.060077519,0.048449612,0.428294574,0.07751938,0.089147287
1500000US530530626001,530626001,0.091068301,0,0.124343257,0.04028021,0.239929947,0.23642732,0.161120841
1500000US530530626002,530626002,0.121387283,0,0.077071291,0.040462428,0.229287091,0.308285164,0.06743738
1500000US530530628011,530628011,0.056027165,0,0.101867572,0.084889643,0.275042445,0.303904924,0.178268251
1500000US530530628012,530628012,0.112903226,0,0.024193548,0.02016129,0.485887097,0.152217742,0.121975806
1500000US530530628013,530628013,0.210084034,0.058823529,0.135654262,0.028811525,0.169267707,0.279711885,0
1500000US530530628014,530628014,0.033333333,0.057142857,0.122222222,0.123809524,0.287301587,0.266666667,0.066666667
1500000US530530628021,530628021,0.159817352,0.011415525,0.077625571,0.079908676,0.300228311,0.215753425,0.061643836
1500000US530530628022,530628022,0.013071895,0.009803922,0.057189542,0.031045752,0.392156863,0.124183007,0.220588235
1500000US530530628023,530628023,0.133651551,0.011933174,0.064439141,0.081145585,0.233890215,0.210023866,0.167064439
1500000US530530629001,530629001,0.101460415,0.018447348,0.06302844,0.037663336,0.352805534,0.242121445,0.113758647
1500000US530530629002,530629002,0.128935532,0,0.008995502,0.026986507,0.31934033,0.347826087,0.037481259
1500000US530530629003,530629003,0.089330025,0.133995037,0.032258065,0.019851117,0.183622829,0.196029777,0.168734491
1500000US530530629004,530629004,0.032258065,0,0.175115207,0,0.419354839,0.085253456,0.087557604
1500000US530530629005,530629005,0.082111437,0.017595308,0.035190616,0,0.439882698,0.090909091,0.15542522
1500000US530530629006,530629006,0.047091413,0,0,0.069252078,0.337950139,0.066481994,0.177285319
1500000US530530630001,530630001,0.139849624,0.037593985,0.027067669,0,0.302255639,0.207518797,0.058646617
1500000US530530630002,530630002,0.042529989,0,0.067611778,0.045801527,0.170119956,0.283533261,0.203925845
1500000US530530631001,530631001,0.174568966,0.079741379,0.040948276,0,0.357758621,0.226293103,0.040948276
1500000US530530631002,530631002,0.093541203,0.017817372,0.042316258,0,0.293986637,0.316258352,0.126948775
1500000US530530631003,530631003,0.141274238,0.022160665,0.105263158,0.03601108,0.249307479,0.058171745,0.254847645
1500000US530530631004,530631004,0.056842105,0.056842105,0.117894737,0.014736842,0.265263158,0.24,0.082105263
1500000US530530632001,530632001,0.13229572,0.038910506,0.075875486,0.042801556,0.19844358,0.208171206,0.077821012
1500000US530530632002,530632002,0.051435407,0,0.062200957,0.080143541,0.300239234,0.235645933,0.157894737
1500000US530530632003,530632003,0.101639344,0.02295082,0,0,0.252459016,0.468852459,0.095081967
1500000US530530632004,530632004,0.087533156,0.145888594,0.145888594,0,0.148541114,0.236074271,0.153846154
1500000US530530632005,530632005,0.040441176,0,0.044117647,0,0.319852941,0.235294118,0.308823529
1500000US530530633001,530633001,0.009852217,0,0.094827586,0.033251232,0.338669951,0.120689655,0.305418719
1500000US530530633002,530633002,0.055327869,0.037909836,0.110655738,0.028688525,0.210040984,0.202868852,0.181352459
1500000US530530633003,530633003,0,0,0.19047619,0.026984127,0.36984127,0.155555556,0.047619048
1500000US530530633004,530633004,0,0.028667791,0.278246206,0,0.350758853,0.059021922,0.023608769
1500000US530530633005,530633005,0.021978022,0.03956044,0.008791209,0,0.252747253,0.395604396,0.167032967
1500000US530530634001,530634001,0.041666667,0.0625,0.056547619,0.214285714,0.205357143,0.342261905,0
1500000US530530634002,530634002,0.023554604,0.052462527,0.184154176,0.037473233,0.189507495,0.206638116,0.116702355
1500000US530530634003,530634003,0.03058104,0,0.091743119,0.036697248,0.143730887,0.385321101,0.100917431
1500000US530530634004,530634004,0,0,0.248091603,0,0.187022901,0.393129771,0.064885496
1500000US530530634005,530634005,0.060810811,0,0.060810811,0.050675676,0.408783784,0.060810811,0.040540541
1500000US530530634006,530634006,0.120408163,0.112244898,0.032653061,0,0.240816327,0.236734694,0.142857143
1500000US530530635011,530635011,0.103151862,0.091690544,0.031518625,0.017191977,0.372492837,0.17765043,0.123209169
1500000US530530635012,530635012,0.090909091,0.017738359,0.095343681,0.019955654,0.274944568,0.385809313,0.070953437
1500000US530530635013,530635013,0.086046512,0.074418605,0.048837209,0.069767442,0.169767442,0.309302326,0
1500000US530530635014,530635014,0.024709302,0.007267442,0.034883721,0.027616279,0.481104651,0.244186047,0.123546512
1500000US530530635021,530635021,0.103571429,0,0.067857143,0.180357143,0.291071429,0.1625,0.142857143
1500000US530530635022,530635022,0.044507576,0.019886364,0.121212121,0.052083333,0.230113636,0.241477273,0.0625
1500000US530530635023,530635023,0.077656676,0,0.009536785,0.029972752,0.316076294,0.344686649,0.076294278
1500000US530530701001,530701001,0.120588235,0.005882353,0.144117647,0.014705882,0.167647059,0.252941176,0.202941176
1500000US530530701002,530701002,#DIV/0!,#DIV/0!,#DIV/0!,#DIV/0!,#DIV/0!,#DIV/0!,#DIV/0!
1500000US530530701003,530701003,0.186419753,0.039506173,0.07037037,0.040740741,0.180246914,0.209876543,0.156790123
1500000US530530701004,530701004,0.158666667,0.044,0.106666667,0,0.194666667,0.229333333,0.121333333
1500000US530530702031,530702031,0.226373626,0.03003663,0.102564103,0.064468864,0.13040293,0.26007326,0.113553114
1500000US530530702032,530702032,0.089418778,0.046199702,0.046199702,0.018628912,0.161698957,0.313710879,0.126676602
1500000US530530702033,530702033,0.259016393,0,0,0.036065574,0.055737705,0.26557377,0.216393443
1500000US530530702041,530702041,0.088328076,0.047318612,0.061514196,0.050473186,0.111987382,0.19873817,0.212933754
1500000US530530702042,530702042,0.080397471,0.044263776,0.046070461,0.020776874,0.138211382,0.287262873,0.213188799
1500000US530530702051,530702051,0.063368056,0.063368056,0.110243056,0.0078125,0.196180556,0.221354167,0.215277778
1500000US530530702052,530702052,0.131845842,0,0,0.022312373,0.146044625,0.354969574,0.174442191
1500000US530530702061,530702061,0.140073082,0.018270402,0.093788063,0.024360536,0.15225335,0.347137637,0.120584653
1500000US530530702062,530702062,0.185351271,0.067264574,0.038863976,0.028400598,0.10612855,0.260089686,0.204783259
1500000US530530702063,530702063,0.108352144,0.110609481,0.051918736,0.056433409,0.115124153,0.282167043,0.097065463
1500000US530530702071,530702071,0.157088123,0.013409962,0.093869732,0,0.143678161,0.159003831,0.222222222
1500000US530530702072,530702072,0.192307692,0.075320513,0.141025641,0.017628205,0.197115385,0.176282051,0.092948718
1500000US530530702073,530702073,0.098837209,0.01744186,0.156976744,0,0.290697674,0.247093023,0.049418605
1500000US530530702074,530702074,0.113569322,0.01179941,0.056047198,0.044247788,0.202064897,0.252212389,0.166666667
1500000US530530703071,530703071,0.193621868,0.020501139,0.129840547,0.027334852,0.095671982,0.330296128,0.097949886
1500000US530530703072,530703072,0.312941176,0.063529412,0.148235294,0.030588235,0.090588235,0.185882353,0.045882353
1500000US530530703073,530703073,0.243373494,0.046586345,0.105220884,0.045783133,0.117269076,0.232128514,0.072289157
1500000US530530703081,530703081,0.16075388,0.055432373,0.119733925,0.019955654,0.129711752,0.276053215,0.143015521
1500000US530530703082,530703082,0.115044248,0.068584071,0.098451327,0.012168142,0.129424779,0.196902655,0.159292035
1500000US530530703091,530703091,0.23816568,0.020710059,0.047337278,0,0.118343195,0.397928994,0.093195266
1500000US530530703092,530703092,0.112983152,0.042616452,0.167492567,0.075322101,0.066402379,0.28741328,0.167492567
1500000US530530703093,530703093,0.058465286,0.09500609,0.037758831,0.073081608,0.168087698,0.158343484,0.168087698
1500000US530530703101,530703101,0.12037037,0.012345679,0.088477366,0.029835391,0.164609053,0.338477366,0.090534979
1500000US530530703102,530703102,0.109278351,0,0.158762887,0,0.06185567,0.315463918,0.129896907
1500000US530530703103,530703103,0.144,0.050285714,0.109714286,0.035428571,0.145142857,0.266285714,0.096
1500000US530530703104,530703104,0.018315018,0.054945055,0,0.098901099,0.245421245,0.245421245,0.153846154
1500000US530530703111,530703111,0.123893805,0.039190898,0.021491783,0.03034134,0.13653603,0.212389381,0.173198483
1500000US530530703112,530703112,0.141853933,0.050561798,0.021067416,0.064606742,0.127808989,0.223314607,0.176966292
1500000US530530703113,530703113,0.196859903,0.010869565,0.084541063,0.031400966,0.129227053,0.265700483,0.130434783
1500000US530530703121,530703121,0.189243028,0.053784861,0.113545817,0.123505976,0.145418327,0.241035857,0.045816733
1500000US530530703122,530703122,0.142763158,0.064473684,0.158552632,0.125657895,0.068421053,0.216447368,0.080263158
1500000US530530703123,530703123,0.151898734,0.051898734,0.048101266,0.036708861,0.241772152,0.162025316,0.158227848
1500000US530530703131,530703131,0.226666667,0.036,0.14,0.056,0.14,0.238666667,0.066666667
1500000US530530703132,530703132,0.117647059,0.050709939,0.097363083,0.111561866,0.208924949,0.281947262,0.07505071
1500000US530530703133,530703133,0.197802198,0.063492063,0.053724054,0.017094017,0.15995116,0.324786325,0.081807082
1500000US530530703134,530703134,0.085365854,0,0.136585366,0,0.129268293,0.380487805,0.268292683
1500000US530530703135,530703135,0.281786942,0.041237113,0.041237113,0,0.063573883,0.120274914,0.216494845
1500000US530530703141,530703141,0.146825397,0.04265873,0.113095238,0.072420635,0.024801587,0.343253968,0.148809524
1500000US530530703142,530703142,0.223175966,0.075822604,0.101573677,0.018597997,0.264663805,0.12732475,0.068669528
1500000US530530703151,530703151,0.214622642,0.08254717,0.117924528,0.043632075,0.101415094,0.162735849,0.097877358
1500000US530530703152,530703152,0.272459499,0.097201767,0.066273932,0.045655376,0.194403535,0.148748159,0.079528719
1500000US530530703153,530703153,0.168421053,0.033333333,0.185087719,0.064912281,0.119298246,0.259649123,0.037719298
1500000US530530703154,530703154,0.29,0.095,0.075,0.055,0.1575,0.1825,0.0275
1500000US530530703161,530703161,0.116716123,0.052423343,0.095944609,0,0.271018793,0.264094955,0.103857567
1500000US530530703162,530703162,0.196728368,0.098579423,0.084804133,0.013775291,0.133448127,0.302625915,0.051226862
1500000US530530704011,530704011,0.204389575,0.043895748,0.027434842,0.028806584,0.145404664,0.285322359,0.128943759
1500000US530530704012,530704012,0.191977077,0.042979943,0.106017192,0,0.266475645,0.246418338,0.077363897
1500000US530530704031,530704031,0.197468354,0,0.048101266,0,0.060759494,0.227848101,0.156962025
1500000US530530704032,530704032,0.036437247,0,0,0.105263158,0.222672065,0.246963563,0.085020243
1500000US530530704033,530704033,0.067592593,0.011111111,0.061111111,0.02962963,0.216666667,0.269444444,0.111111111
1500000US530530704041,530704041,0.172570391,0.049954587,0.089918256,0.04359673,0.090826521,0.322434151,0.042688465
1500000US530530704042,530704042,0.158760891,0.041626331,0.146176186,0.05517909,0.126815102,0.23910939,0.079380445
1500000US530530707031,530707031,0.281030445,0.014051522,0.077283372,0.035128806,0.119437939,0.177985948,0.142857143
1500000US530530707032,530707032,0.218446602,0.016990291,0.014563107,0.018203883,0.072815534,0.398058252,0.141990291
1500000US530530707033,530707033,0.05,0,0.063829787,0.014893617,0.1,0.324468085,0.231914894
1500000US530530707034,530707034,0.122994652,0.061497326,0.120320856,0,0.160427807,0.245989305,0.082887701
1500000US530530707035,530707035,0.345898004,0,0.057649667,0,0.219512195,0.201773836,0.024390244
1500000US530530711001,530711001,0.127808989,0.016853933,0.08005618,0.074438202,0.19241573,0.240168539,0.101123596
1500000US530530711002,530711002,0.197590361,0.024096386,0.146987952,0.036144578,0.159036145,0.171084337,0.161445783
1500000US530530712051,530712051,0.270684372,0.023493361,0.106230848,0.093973442,0.121552605,0.281920327,0.019407559
1500000US530530712052,530712052,0.209383145,0.047784535,0.12858384,0.086880973,0.126846221,0.164205039,0.12771503
1500000US530530712061,530712061,0.154791155,0.029484029,0.184275184,0,0,0.27027027,0.108108108
1500000US530530712062,530712062,0.045977011,0.037356322,0.054597701,0.126436782,0.192528736,0.270114943,0.229885057
1500000US530530712063,530712063,0.118012422,0,0.162377995,0,0.176574978,0.456965395,0.035492458
1500000US530530712064,530712064,0.166141732,0.073228346,0.115748031,0.027559055,0.08503937,0.303149606,0.092913386
1500000US530530712071,530712071,0.111285266,0.05799373,0.047021944,0.120689655,0.173981191,0.268025078,0.089341693
1500000US530530712072,530712072,0.110230548,0.044668588,0.100144092,0.018731988,0.137608069,0.337896254,0.096541787
1500000US530530712073,530712073,0.028138528,0.027056277,0.014069264,0.043290043,0.187229437,0.319264069,0.216450216
1500000US530530712081,530712081,0.120229008,0.049618321,0.022900763,0.097328244,0.187022901,0.223282443,0.167938931
1500000US530530712082,530712082,0.091445428,0.089478859,0.081612586,0,0.253687316,0.341199607,0.099311701
1500000US530530712083,530712083,0.180105945,0.053560918,0.113596233,0.028251913,0.160094173,0.320776928,0.043555032
1500000US530530712091,530712091,0.203799655,0.122625216,0.054404145,0.056131261,0.102763385,0.265112263,0.100172712
1500000US530530712092,530712092,0.038167939,0.03562341,0.058524173,0,0.183206107,0.366412214,0.178117048
1500000US530530712093,530712093,0.057142857,0.101098901,0.189010989,0.024175824,0.09010989,0.32967033,0.127472527
1500000US530530712101,530712101,0.025280899,0.030898876,0.078651685,0,0.264044944,0.269662921,0.199438202
1500000US530530712102,530712102,0.258164852,0.083981337,0.141524106,0.079315708,0.105754277,0.102643857,0.105754277
1500000US530530712103,530712103,0.188665175,0.035048471,0.131991051,0.070842655,0.116331096,0.252050708,0.093214019
1500000US530530713041,530713041,0.148837209,0,0.011627907,0.013953488,0.134883721,0.334883721,0.261627907
1500000US530530713042,530713042,0.13875,0.074375,0.0975,0.045625,0.190625,0.22375,0.11375
1500000US530530713043,530713043,0,0.10989011,0.03021978,0.104395604,0.032967033,0.299450549,0
1500000US530530713051,530713051,0.117433414,0.069007264,0.037530266,0.036319613,0.299031477,0.182808717,0.110169492
1500000US530530713052,530713052,0.082352941,0.075294118,0.037647059,0.06,0.172941176,0.225882353,0.191764706
1500000US530530713061,530713061,0.042517007,0,0.139455782,0.081632653,0.161564626,0.362244898,0.085034014
1500000US530530713062,530713062,0.110421836,0.053349876,0.026054591,0.060794045,0.181141439,0.35483871,0.102977667
1500000US530530713063,530713063,0.124067164,0.021455224,0.057835821,0.088619403,0.029850746,0.351679104,0.151119403
1500000US530530713064,530713064,0.096096096,0,0.123123123,0.159159159,0.084084084,0.264264264,0.189189189
1500000US530530713071,530713071,0.118577075,0.039525692,0.148880105,0.032938076,0.155467721,0.212121212,0.090909091
1500000US530530713072,530713072,0.164383562,0.019178082,0.112328767,0.038356164,0.109589041,0.156164384,0.156164384
1500000US530530713073,530713073,0.109615385,0.025961538,0.111538462,0.105769231,0.181730769,0.251923077,0.128846154
1500000US530530713091,530713091,0.041112455,0.085852479,0.038694075,0.100362757,0.210399033,0.255139057,0.097944377
1500000US530530713092,530713092,0.072702332,0.010973937,0.190672154,0,0.153635117,0.418381344,0.053497942
1500000US530530713093,530713093,0.133126935,0.094427245,0.080495356,0.108359133,0.066563467,0.284829721,0.100619195
1500000US530530713101,530713101,0.139272271,0.008782936,0.12672522,0.035131744,0.166875784,0.287327478,0.086574655
1500000US530530713102,530713102,0.207845836,0.052305575,0.082587749,0.081211287,0.152787337,0.277357192,0.083964212
1500000US530530714031,530714031,0.224390244,0.025609756,0.056097561,0.008536585,0.175609756,0.298780488,0.013414634
1500000US530530714032,530714032,0.173076923,0.030769231,0.023076923,0.05,0.169230769,0.3,0.176923077
1500000US530530714033,530714033,0.057228916,0.069277108,0.019578313,0.018072289,0.210843373,0.289156627,0.075301205
1500000US530530714061,530714061,0.150108774,0.02973169,0.063089195,0.155184917,0.259608412,0.264684554,0.029006526
1500000US530530714062,530714062,0.138257576,0.020833333,0.09280303,0,0.196969697,0.268939394,0.018939394
1500000US530530714063,530714063,0.244813278,0,0.058091286,0.074688797,0.132780083,0.294605809,0.037344398
1500000US530530714064,530714064,0.245303867,0.024309392,0.067403315,0.029834254,0.077348066,0.28839779,0.133701657
1500000US530530714071,530714071,0.045088567,0,0.096618357,0.041867955,0.062801932,0.325281804,0.21900161
1500000US530530714072,530714072,0.038423645,0.042364532,0.052216749,0.149753695,0.168472906,0.349753695,0.129064039
1500000US530530714073,530714073,0.152796726,0.111869031,0.039563438,0,0.154160982,0.12005457,0.098226467
1500000US530530714074,530714074,0.296686747,0,0.082831325,0.018072289,0.049698795,0.298192771,0.126506024
1500000US530530714081,530714081,0.059498956,0.026096033,0.065762004,0.064718163,0.219206681,0.19519833,0.10960334
1500000US530530714082,530714082,0,0.010351967,0.026915114,0.022774327,0.101449275,0.320910973,0.080745342
1500000US530530714083,530714083,0.055727554,0.034055728,0.021671827,0,0.139318885,0.362229102,0.238390093
1500000US530530714091,530714091,0.060465116,0.039534884,0.027906977,0,0.186046512,0.158139535,0.28372093
1500000US530530714092,530714092,0.040506329,0.06835443,0,0.048101266,0.184810127,0.210126582,0.134177215
1500000US530530714093,530714093,0.143497758,0.037369208,0.037369208,0.068759342,0.150971599,0.324364723,0.065769806
1500000US530530714094,530714094,0.100806452,0,0,0,0.169354839,0.149193548,0.282258065
1500000US530530714101,530714101,0,0,0,0.019230769,0.455621302,0.341715976,0.165680473
1500000US530530714102,530714102,0.037475345,0.072978304,0,0,0.106508876,0.295857988,0.234714004
1500000US530530714103,530714103,0.044808743,0.019672131,0.024043716,0.075409836,0.296174863,0.379234973,0.112568306
1500000US530530714104,530714104,0.156494523,0.046948357,0.043818466,0.018779343,0.189358372,0.297339593,0.131455399
1500000US530530714111,530714111,0.146290491,0.021943574,0.113897597,0.031347962,0.203761755,0.272727273,0.161964472
1500000US530530714112,530714112,0.017817372,0,0.138084633,0,0.325167038,0.320712695,0.033407572
1500000US530530714113,530714113,0.179125529,0.062059238,0.016925247,0.05077574,0.124118477,0.19887165,0.160789845
1500000US530530715031,530715031,0.073954984,0.067524116,0.151125402,0,0.202572347,0.382636656,0.011254019
1500000US530530715032,530715032,0.034210526,0,0,0,0.401315789,0.390789474,0.103947368
1500000US530530715033,530715033,0.032258065,0.073313783,0.020527859,0.08797654,0.134897361,0.439882698,0.023460411
1500000US530530715034,530715034,0.220543807,0.064954683,0.025679758,0.01510574,0.20694864,0.274924471,0.045317221
1500000US530530715041,530715041,0.095389507,0,0.092209857,0.050874404,0.227344992,0.306836248,0.049284579
1500000US530530715042,530715042,0.039039039,0.067067067,0.196196196,0.015015015,0.318318318,0.277277277,0.013013013
1500000US530530715043,530715043,0.036290323,0.02016129,0.100806452,0.080645161,0.068548387,0.27016129,0.084677419
1500000US530530715044,530715044,0.014571949,0.091074681,0.100182149,0.045537341,0.302367942,0.131147541,0.04007286
1500000US530530715051,530715051,0.098167539,0.086387435,0.045811518,0.009162304,0.303664921,0.143979058,0.058900524
1500000US530530715052,530715052,0.07918552,0.022624434,0.135746606,0.020361991,0.117647059,0.264705882,0.205882353
1500000US530530715053,530715053,0.01369863,0.089041096,0.098173516,0.059360731,0.264840183,0.244292237,0.123287671
1500000US530530715054,530715054,0.096256684,0.045454545,0.054812834,0.018716578,0.28342246,0.25,0.129679144
1500000US530530715061,530715061,0.090707965,0.066371681,0.084070796,0.046460177,0.119469027,0.25,0.099557522
1500000US530530715062,530715062,0.092077088,0,0.120985011,0.080299786,0.158458244,0.28372591,0.124197002
1500000US530530715063,530715063,0.137067938,0.057210965,0.058402861,0.073897497,0.122765197,0.21215733,0.075089392
1500000US530530716011,530716011,0.006912442,0.023809524,0.111367127,0.069892473,0.25499232,0.175115207,0.157450077
1500000US530530716012,530716012,0.189655172,0.015517241,0.136206897,0.029310345,0.074137931,0.375862069,0.070689655
1500000US530530716021,530716021,0.099497487,0.016080402,0.133668342,0.08241206,0.142713568,0.377889447,0.084422111
1500000US530530716022,530716022,0.068333333,0,0.088333333,0.063333333,0.288333333,0.248333333,0.11
1500000US530530716023,530716023,0.137367915,0,0.028818444,0.080691643,0.233429395,0.220941402,0.076849183
1500000US530530716024,530716024,0.147368421,0,0.254385965,0,0.173684211,0.268421053,0.096491228
1500000US530530717031,530717031,0.103174603,0.045351474,0.035147392,0.024943311,0.301587302,0.274376417,0.114512472
1500000US530530717032,530717032,0,0,0.052980132,0.04415011,0.282560706,0.306843267,0.079470199
1500000US530530717041,530717041,0,0.005872483,0.025167785,0.01090604,0.407718121,0.129194631,0.343959732
1500000US530530717042,530717042,0.074003795,0,0.039848197,0.017077799,0.246679317,0.383301708,0.187855787
1500000US530530717043,530717043,0.057377049,0.043715847,0.030054645,0.038251366,0.453551913,0.267759563,0.090163934
1500000US530530717051,530717051,0.024590164,0.016393443,0.016393443,0.067622951,0.139344262,0.196721311,0.393442623
1500000US530530717052,530717052,0.109215017,0,0.098976109,0.034129693,0.235494881,0.155290102,0.199658703
1500000US530530717053,530717053,0.153172867,0.050328228,0.019693654,0.01750547,0.236323851,0.214442013,0.111597374
1500000US530530717061,530717061,0.075282309,0.007528231,0.018820577,0.035131744,0.276035132,0.254705144,0.075282309
1500000US530530717071,530717071,0.055343511,0.020992366,0.150763359,0,0.185114504,0.375954198,0.13740458
1500000US530530717072,530717072,0.088571429,0.062857143,0.06,0,0.388571429,0.054285714,0.102857143
1500000US530530717073,530717073,0.036319613,0.043583535,0,0,0.203389831,0.351089588,0.05811138
1500000US530530718031,530718031,0.098995696,0.021520803,0.070301291,0.18507891,0.160688666,0.255380201,0.044476327
1500000US530530718032,530718032,0.036363636,0.038181818,0.038181818,0.086363636,0.181818182,0.3,0.087272727
1500000US530530718033,530718033,0,0,0.078431373,0,0.406162465,0.341736695,0.137254902
1500000US530530718034,530718034,0.152588556,0,0,0,0.108991826,0.204359673,0.204359673
1500000US530530718051,530718051,0.037383178,0,0.074766355,0.023364486,0.371495327,0.147196262,0.137850467
1500000US530530718052,530718052,0.053571429,0.012987013,0.076298701,0.063311688,0.248376623,0.202922078,0.071428571
1500000US530530718053,530718053,0.091687042,0,0.009779951,0.145476773,0.239608802,0.196821516,0.014669927
1500000US530530718061,530718061,0.051668461,0.011840689,0.066738428,0.01722282,0.324004306,0.228202368,0.185145318
1500000US530530718062,530718062,0.03087886,0,0.038004751,0.080760095,0.334916865,0.372921615,0.042755344
1500000US530530718071,530718071,0.118500605,0.099153567,0.084643289,0.018137848,0.188633615,0.262394196,0.118500605
1500000US530530718072,530718072,0.088023088,0.01010101,0,0.067821068,0.23953824,0.37950938,0.051948052
1500000US530530718081,530718081,0.046875,0,0.059375,0.03125,0.2265625,0.1828125,0.2578125
1500000US530530718082,530718082,0.034108527,0.009302326,0.054263566,0,0.330232558,0.11627907,0.282170543
1500000US530530718083,530718083,0,0,0.080321285,0.032128514,0.21686747,0.273092369,0.289156627
1500000US530530719011,530719011,0,0,0.059322034,0.111864407,0.184745763,0.383050847,0.16779661
1500000US530530719012,530719012,0.064935065,0,0.262987013,0.038961039,0.126623377,0.415584416,0
1500000US530530719013,530719013,0.213438735,0.090909091,0.162055336,0,0.343873518,0.083003953,0.106719368
1500000US530530719014,530719014,0.125894134,0.052932761,0.131616595,0.144492132,0.158798283,0.058655222,0.194563662
1500000US530530719021,530719021,0.21884984,0,0.062300319,0.084664537,0.170926518,0.367412141,0.095846645
1500000US530530719022,530719022,0.037037037,0,0.182336182,0,0.190883191,0.404558405,0.088319088
1500000US530530719023,530719023,0.206375839,0.038590604,0.265100671,0.025167785,0.139261745,0.219798658,0.058724832
1500000US530530719024,530719024,0.135531136,0,0.179487179,0.267399267,0.186813187,0.139194139,0
1500000US530530719025,530719025,0.180769231,0.076923077,0.303846154,0.053846154,0,0.161538462,0
1500000US530530720001,530720001,0.056847545,0,0.093023256,0,0.374677003,0.056847545,0.299741602
1500000US530530720002,530720002,0.092063492,0.034920635,0.06984127,0,0.098412698,0.295238095,0.13968254
1500000US530530720003,530720003,0.128472222,0,0,0.0625,0.576388889,0.09375,0.104166667
1500000US530530720004,530720004,0.068571429,0,0.102857143,0,0.205714286,0.297142857,0.2
1500000US530530721051,530721051,0.27444795,0.041009464,0.113564669,0.097791798,0.08044164,0.250788644,0.070977918
1500000US530530721052,530721052,0.27751938,0.048062016,0.254263566,0.134883721,0.091472868,0.111627907,0.037209302
1500000US530530721053,530721053,#DIV/0!,#DIV/0!,#DIV/0!,#DIV/0!,#DIV/0!,#DIV/0!,#DIV/0!
1500000US530530721054,530721054,0.191347754,0.048252912,0.108153078,0.06655574,0.191347754,0.244592346,0.081530782
1500000US530530721061,530721061,0.032163743,0,0.029239766,0.178362573,0.16374269,0.409356725,0.108187135
1500000US530530721062,530721062,0.170015456,0.020092736,0.069551777,0.026275116,0.097372488,0.28438949,0.200927357
1500000US530530721063,530721063,0.031578947,0.031578947,0.157894737,0.018421053,0.127631579,0.234210526,0.257894737
1500000US530530721064,530721064,0.069016153,0,0.074889868,0.03671072,0.324522761,0.267254038,0.160058737
1500000US530530721071,530721071,0.110210697,0.081037277,0.145867099,0.009724473,0.157212318,0.265802269,0.011345219
1500000US530530721072,530721072,0.147826087,0.014492754,0.046376812,0.182608696,0.176811594,0.342028986,0.01884058
1500000US530530721073,530721073,0.044619423,0.044619423,0.128608924,0.076115486,0.157480315,0.307086614,0.060367454
1500000US530530721074,530721074,0.031152648,0.037383178,0.127725857,0.105919003,0.218068536,0.283489097,0.115264798
1500000US530530721081,530721081,0.022624434,0,0.090497738,0.027149321,0.522624434,0.201357466,0.067873303
1500000US530530721082,530721082,0.032679739,0.02832244,0.058823529,0.137254902,0.346405229,0.248366013,0
1500000US530530721083,530721083,0.192982456,0,0.070175439,0.058479532,0.257309942,0.333333333,0.087719298
1500000US530530721084,530721084,0.232980333,0.051437216,0.019667171,0.010590015,0.340393343,0.281391831,0
1500000US530530721085,530721085,0.128205128,0.104895105,0.263403263,0.083916084,0.153846154,0.053613054,0.153846154
1500000US530530721091,530721091,0.165151515,0.051515152,0.162121212,0.122727273,0.095454545,0.334848485,0.013636364
1500000US530530721092,530721092,0.151439299,0.026282854,0.100125156,0.09261577,0.172715895,0.306633292,0.038798498
1500000US530530721111,530721111,0.121835443,0.083860759,0.118670886,0.030063291,0.278481013,0.15664557,0.167721519
1500000US530530721112,530721112,0.260368664,0.085253456,0.117511521,0.069124424,0.19124424,0.115207373,0.066820276
1500000US530530721121,530721121,0.153846154,0.020192308,0.082692308,0.041346154,0.2,0.285576923,0.042307692
1500000US530530721122,530721122,0.182926829,0.017073171,0.036585366,0.080487805,0.153658537,0.180487805,0.134146341
1500000US530530721123,530721123,0.13667426,0,0.031890661,0.041002278,0.173120729,0.375854214,0.161731207
1500000US530530723051,530723051,0.148760331,0,0.036363636,0.148760331,0.305785124,0.233057851,0.074380165
1500000US530530723052,530723052,0.111827957,0.034408602,0.141935484,0.195698925,0.122580645,0.210752688,0.075268817
1500000US530530723053,530723053,0.13916501,0.041749503,0.208747515,0,0.284294235,0.107355865,0.127236581
1500000US530530723054,530723054,0.356589147,0,0.253229974,0.033591731,0.180878553,0.093023256,0.020671835
1500000US530530723055,530723055,0.206896552,0,0.224137931,0.105015674,0.169278997,0.184952978,0.062695925
1500000US530530723056,530723056,0.167487685,0.157635468,0,0.078817734,0.118226601,0.246305419,0.064039409
1500000US530530723071,530723071,0.067164179,0,0.043283582,0.079104478,0.305970149,0.234328358,0.097014925
1500000US530530723072,530723072,0.213367609,0.071979434,0.087403599,0.159383033,0.089974293,0.213367609,0.095115681
1500000US530530723073,530723073,0.190909091,0.075757576,0.124242424,0.018181818,0.060606061,0.275757576,0.163636364
1500000US530530723074,530723074,0.109473684,0.096842105,0.229473684,0.071578947,0.077894737,0.275789474,0.096842105
1500000US530530723081,530723081,0.17384106,0,0.155629139,0.059602649,0.127483444,0.314569536,0.120860927
1500000US530530723082,530723082,0.328398385,0.01615074,0.122476447,0.098250336,0.104979812,0.242261104,0.01615074
1500000US530530723083,530723083,0.079457364,0.153100775,0.205426357,0.03875969,0.048449612,0.236434109,0.112403101
1500000US530530723084,530723084,0.120967742,0.096774194,0.019354839,0.124193548,0.319354839,0.170967742,0
1500000US530530723085,530723085,0.122077922,0,0.202597403,0.184415584,0.062337662,0.296103896,0.04025974
1500000US530530723091,530723091,0.293103448,0.074712644,0.024425287,0.218390805,0.109195402,0.170977011,0.067528736
1500000US530530723092,530723092,0.152573529,0.0625,0.088235294,0.052389706,0.168198529,0.298713235,0.103860294
1500000US530530723093,530723093,0.120315582,0,0.039447732,0.153846154,0.110453649,0.319526627,0.1617357
1500000US530530723094,530723094,0.166666667,0.043560606,0.049242424,0.098484848,0.15719697,0.429924242,0
1500000US530530723101,530723101,0.272916667,0.072916667,0.09375,0.06875,0.1125,0.316666667,0.01875
1500000US530530723102,530723102,0.107758621,0.051724138,0.11637931,0.146551724,0.168103448,0.211206897,0.034482759
1500000US530530723103,530723103,0.118924509,0.056876939,0.163391934,0.077559462,0.163391934,0.278179938,0.052740434
1500000US530530723111,530723111,0.140350877,0.039136302,0.068825911,0.052631579,0.155195682,0.385964912,0.041835358
1500000US530530723112,530723112,0.027149321,0,0.104072398,0.097285068,0.260180995,0.325791855,0.036199095
1500000US530530723113,530723113,0.27680798,0.006234414,0.078553616,0.033665835,0.221945137,0.271820449,0.048628429
1500000US530530723121,530723121,0.17,0.065,0.153333333,0.136666667,0.205,0.168333333,0.039166667
1500000US530530723122,530723122,0.076203209,0,0.053475936,0.070855615,0.323529412,0.354278075,0
1500000US530530723123,530723123,0.024566474,0,0,0,0.274566474,0.329479769,0.053468208
1500000US530530723131,530723131,0.121179039,0.034934498,0.123362445,0.220524017,0.220524017,0.121179039,0.077510917
1500000US530530723132,530723132,0.08984375,0.067708333,0.169270833,0.079427083,0.143229167,0.302083333,0.048177083
1500000US530530724051,530724051,0.229698376,0.051044084,0.248259861,0.053364269,0.120649652,0.225058005,0.018561485
1500000US530530724052,530724052,0.089447236,0.046231156,0.157788945,0.103517588,0.071356784,0.293467337,0.111557789
1500000US530530724061,530724061,0.225961538,0.045192308,0.090384615,0.098076923,0.104807692,0.295192308,0.010576923
1500000US530530724062,530724062,0.133069829,0.083003953,0.060606061,0.109354414,0.198945982,0.264822134,0.109354414
1500000US530530724063,530724063,0.17176259,0.024280576,0.147482014,0.074640288,0.159172662,0.267985612,0.053956835
1500000US530530724071,530724071,0.097251586,0.042283298,0.110993658,0,0.297040169,0.366807611,0.023255814
1500000US530530724072,530724072,0.113263785,0.078986587,0.12071535,0.187779434,0.119225037,0.304023845,0.050670641
1500000US530530724073,530724073,0.168190128,0.038391225,0.153564899,0.166361974,0.140767824,0.201096892,0.067641682
1500000US530530724081,530724081,0.109329446,0.021865889,0.166180758,0.201166181,0.155976676,0.221574344,0.058309038
1500000US530530724082,530724082,0.167251462,0.016374269,0.257309942,0.101754386,0.080701754,0.115789474,0.176608187
1500000US530530724083,530724083,0.234251969,0.084645669,0.086614173,0.188976378,0.033464567,0.312992126,0
1500000US530530724084,530724084,0.184168013,0.105008078,0.187399031,0.164781906,0.084006462,0.150242326,0
1500000US530530724091,530724091,0.192930781,0.083946981,0.153166421,0.055964654,0.206185567,0.198821797,0.039764359
1500000US530530724092,530724092,0.247563353,0.027290448,0.187134503,0.031189084,0.083820663,0.317738791,0.056530214
1500000US530530724101,530724101,0.122712594,0.08073197,0.132400431,0.068891281,0.104413348,0.324004306,0.044133477
1500000US530530724102,530724102,0.197831978,0.059620596,0.154471545,0.050135501,0.146341463,0.22899729,0.086720867
1500000US530530725031,530725031,0.143534994,0.081850534,0.083036773,0.042704626,0.081850534,0.338078292,0.166073547
1500000US530530725032,530725032,0.193518519,0.067592593,0.137962963,0.101851852,0.153703704,0.197222222,0.071296296
1500000US530530725041,530725041,0.302277433,0.041407867,0.128364389,0.095238095,0.112836439,0.16563147,0.031055901
1500000US530530725042,530725042,0.169530355,0.071019473,0.172966781,0.03207331,0.10652921,0.219931271,0.077892325
1500000US530530725051,530725051,0.16500994,0.031809145,0.065606362,0.083499006,0.254473161,0.222664016,0.155069583
1500000US530530725052,530725052,0.173295455,0.019886364,0.09375,0.082386364,0.159090909,0.235795455,0.143465909
1500000US530530725053,530725053,0.264645072,0.022053756,0.080634045,0.205375603,0.150930393,0.172294969,0.069607167
1500000US530530725054,530725054,0.111702128,0.079787234,0,0.106382979,0.125886525,0.441489362,0.134751773
1500000US530530725061,530725061,0.159090909,0.070707071,0.106060606,0.176767677,0.141414141,0.161616162,0.080808081
1500000US530530725062,530725062,0.296477495,0.058708415,0.097847358,0.122309198,0.071428571,0.176125245,0.058708415
1500000US530530725071,530725071,0.293144208,0.165484634,0.24822695,0.040189125,0.063829787,0.094562648,0.052009456
1500000US530530725072,530725072,0.187017002,0.041731066,0.097372488,0.088098918,0.295208655,0.194744977,0.044822257
1500000US530530726011,530726011,0.130434783,0.034454471,0.041837572,0.049220673,0.254306809,0.194421657,0.191140279
1500000US530530726012,530726012,0.181632653,0.087755102,0.114285714,0.02244898,0.185714286,0.251020408,0.071428571
1500000US530530726013,530726013,0.172628305,0.01399689,0.096423017,0.059097978,0.139968896,0.273716952,0.192846034
1500000US530530726021,530726021,0.180555556,0.081018519,0.087962963,0.020833333,0.291666667,0.122685185,0.159722222
1500000US530530726022,530726022,0.178333333,0.035,0.1,0.043333333,0.346666667,0.133333333,0.053333333
1500000US530530726023,530726023,0.137992832,0.044802867,0.11827957,0.094982079,0.139784946,0.172043011,0.14516129
1500000US530530726031,530726031,0.440273038,0,0.040955631,0.051194539,0.146757679,0,0.320819113
1500000US530530726032,530726032,0.142433234,0,0,0.109792285,0.394658754,0.204747774,0.148367953
1500000US530530726033,530726033,0.099378882,0,0.201863354,0.201863354,0.142857143,0.232919255,0.043478261
1500000US530530726034,530726034,0.146520147,0.014652015,0.111721612,0.045787546,0.271062271,0.287545788,0.064102564
1500000US530530726035,530726035,0.106060606,0,0.106060606,0,0.454545455,0.121212121,0.106060606
1500000US530530728001,530728001,0.183739837,0.081842818,0.139837398,0.14796748,0.131707317,0.202710027,0.022222222
1500000US530530728002,530728002,0.191967871,0.073895582,0.136546185,0.133333333,0.128514056,0.246586345,0.053815261
1500000US530530729011,530729011,0.112627986,0.020477816,0.06996587,0.112627986,0.179180887,0.240614334,0.148464164
1500000US530530729031,530729031,0.102974828,0.029748284,0.109839817,0.029748284,0.109839817,0.322654462,0.201372998
1500000US530530729051,530729051,0.093333333,0,0.056666667,0.07,0.365,0.165,0.181666667
1500000US530530729052,530729052,0.308900524,0.036649215,0.036649215,0,0.162303665,0.314136126,0
1500000US530530729053,530729053,0.13029316,0.084690554,0.048859935,0.039087948,0.058631922,0.28990228,0.348534202
1500000US530530729061,530729061,0,0,0.070175439,0,0.859649123,0,0.070175439
1500000US530530729062,530729062,0,0,0,0,0.053333333,0.24,0.173333333
1500000US530530729071,530729071,0,0,0.103550296,0.097633136,0.25443787,0.201183432,0.310650888
1500000US530530729072,530729072,0.096306069,0.039577836,0.122691293,0.088390501,0.093667546,0.333773087,0.159630607
1500000US530530729073,530729073,#DIV/0!,#DIV/0!,#DIV/0!,#DIV/0!,#DIV/0!,#DIV/0!,#DIV/0!
1500000US530530730011,530730011,0.028490028,0.037037037,0.122507123,0.065527066,0.056980057,0.236467236,0.0997151
1500000US530530730012,530730012,0.048973144,0.018957346,0.05371248,0.085308057,0.187993681,0.093206951,0.334913112
1500000US530530730013,530730013,0.140877598,0.015011547,0.137413395,0.060046189,0.101616628,0.135103926,0.168591224
1500000US530530730014,530730014,0.276134122,0,0.149901381,0.035502959,0.169625247,0.171597633,0.197238659
1500000US530530730015,530730015,0.167130919,0.061281337,0.080779944,0.075208914,0.158774373,0.222841226,0.150417827
1500000US530530730051,530730051,0.128571429,0.047619048,0.15,0.085714286,0.085714286,0.088095238,0.161904762
1500000US530530730052,530730052,0.123243243,0.032432432,0.141621622,0.015135135,0.16972973,0.157837838,0.300540541
1500000US530530730053,530730053,0.192307692,0,0.086538462,0,0,0.192307692,0.230769231
1500000US530530730054,530730054,0.174231332,0.124450952,0.174231332,0.043923865,0.172767204,0.055636896,0.127379209
1500000US530530730061,530730061,0.108930324,0.031403337,0.045142296,0.015701668,0.122669284,0.264965653,0.221786065
1500000US530530730062,530730062,0.179755672,0.062827225,0.09947644,0,0.134380454,0.322862129,0.132635253
1500000US530530731081,530731081,0.08365019,0,0.102661597,0.034220532,0.328263625,0.204055767,0.191381496
1500000US530530731082,530731082,0.133221851,0.05574136,0.080824972,0.050724638,0.105351171,0.363991081,0.056298774
1500000US530530731083,530731083,0.075555556,0,0.064,0.056,0.130666667,0.490666667,0.04
1500000US530530731101,530731101,0.164276402,0.039113429,0.091264668,0.041720991,0.164276402,0.267275098,0.086049544
1500000US530530731102,530731102,0.136319377,0.037000974,0.149951315,0.074001947,0.149951315,0.154819864,0.188899708
1500000US530530731111,530731111,0.144086022,0.068817204,0.087096774,0.011827957,0.21827957,0.250537634,0.115053763
1500000US530530731112,530731112,0.22601626,0,0.063414634,0.095934959,0.211382114,0.195121951,0.056910569
1500000US530530731113,530731113,0.069473684,0.042105263,0.145263158,0.035789474,0.098947368,0.258947368,0.136842105
1500000US530530731131,530731131,0.12992126,0.082677165,0.031496063,0,0.225721785,0.099737533,0.219160105
1500000US530530731132,530731132,0.314035088,0.043859649,0.047368421,0.05877193,0.169298246,0.172807018,0.036842105
1500000US530530731133,530731133,0.101113967,0.085689803,0.102827763,0.064267352,0.185089974,0.232219366,0.149957155
1500000US530530731141,530731141,0.202048417,0.015828678,0.054934823,0.043761639,0.165735568,0.291433892,0.098696462
1500000US530530731142,530731142,0.037936267,0,0.048558422,0.040971168,0.245827011,0.326251897,0.215477997
1500000US530530731143,530731143,0.136622391,0.075901328,0.062618596,0.032258065,0.155597723,0.185958254,0.060721063
1500000US530530731151,530731151,0.164570231,0.011530398,0.062893082,0.081761006,0.121593291,0.324947589,0.094339623
1500000US530530731152,530731152,0.103542234,0.028610354,0.069482289,0,0.08719346,0.268392371,0.227520436
1500000US530530731153,530731153,0.130081301,0,0.162601626,0,0.146341463,0.219512195,0.25203252
1500000US530530731161,530731161,0.131498471,0.01529052,0.076452599,0.060142712,0.206931702,0.19266055,0.092762487
1500000US530530731162,530731162,0.093256815,0,0.038737446,0.022955524,0.098995696,0.289813486,0.31420373
1500000US530530731171,530731171,0.069844789,0.055432373,0.066518847,0.079822616,0.164079823,0.277161863,0.098669623
1500000US530530731172,530731172,0.12338594,0.010043042,0.06312769,0.06456241,0.101865136,0.31276901,0.239598278
1500000US530530731181,530731181,0.085846868,0.024361949,0.107888631,0.031322506,0.118329466,0.334106729,0.109048724
1500000US530530731182,530731182,0.171113155,0.044158234,0.148114075,0.031278749,0.148114075,0.18675253,0.111315547
1500000US530530731191,530731191,0.121405751,0.012779553,0.049520767,0.00798722,0.172523962,0.182108626,0.207667732
1500000US530530731192,530731192,0.170995671,0.014069264,0.116883117,0.031385281,0.108225108,0.307359307,0.117965368
1500000US530530731201,530731201,0.073426573,0.060606061,0.078088578,0.03962704,0.250582751,0.314685315,0.05011655
1500000US530530731202,530731202,0.151133501,0.054156171,0.137279597,0.104534005,0.215365239,0.205289673,0.039042821
1500000US530530731211,530731211,0.17806841,0.049295775,0.080482897,0.068410463,0.085513078,0.279678068,0.132796781
1500000US530530731212,530731212,0.116841257,0.040290089,0.132957293,0.135374698,0.112812248,0.206285254,0.08622079
1500000US530530731221,530731221,0.13510101,0.037878788,0.049242424,0.103535354,0.099747475,0.215909091,0.056818182
1500000US530530731222,530731222,0.184452297,0.05795053,0.075618375,0.059363958,0.189399293,0.218374558,0.161130742
1500000US530530731231,530731231,0.263256394,0.081097941,0.1172801,0.067997505,0.103555833,0.251403618,0.044915783
1500000US530530731232,530731232,0.136363636,0.055397727,0.055397727,0.130681818,0.140625,0.276988636,0.086647727
1500000US530530731241,530731241,0.099630996,0,0.014760148,0.011070111,0.365313653,0.191881919,0.13099631
1500000US530530731242,530731242,0.092007435,0,0.050185874,0.043680297,0.130111524,0.29739777,0.196096654
1500000US530530731251,530731251,0.102345416,0.027185501,0.091684435,0.09434968,0.143390192,0.295842217,0.130597015
1500000US530530731252,530731252,0.032715376,0,0.092693566,0.114503817,0.033805889,0.198473282,0.215921483
1500000US530530731253,530731253,0.153524492,0.016726404,0.036439665,0.054958184,0.107526882,0.35125448,0.115890084
1500000US530530731261,530731261,0.203714452,0.022634939,0.060940221,0.125362739,0.233313987,0.222867092,0.065002902
1500000US530530732001,530732001,0.021032505,0.076481836,0.076481836,0.028680688,0.108986616,0.242829828,0.239005736
1500000US530530732002,530732002,0.102857143,0,0.045714286,0.077142857,0.225714286,0.168571429,0.271428571
1500000US530530732003,530732003,0.025782689,0.071823204,0.060773481,0.123388582,0.232044199,0.136279926,0.127071823
1500000US530530732004,530732004,0.063313096,0.006938422,0.073720729,0.029488291,0.210754553,0.187337381,0.297484822
1500000US530530733011,530733011,0.117081448,0.068438914,0.027714932,0.023190045,0.291855204,0.220588235,0.077488688
1500000US530530733012,530733012,0.101083032,0.028880866,0.046931408,0.097472924,0.545126354,0.144404332,0
1500000US530530733013,530733013,0.466666667,0,0.104761905,0.123809524,0,0.133333333,0.047619048
1500000US530530733014,530733014,0.100740741,0,0.019259259,0.01037037,0.165925926,0.197037037,0.183703704
1500000US530530733021,530733021,0.144110276,0.053884712,0.097744361,0.020050125,0.135338346,0.200501253,0.115288221
1500000US530530733022,530733022,0.196721311,0.029508197,0.155737705,0.027868852,0.121311475,0.247540984,0.045901639
1500000US530530733023,530733023,0.246031746,0.025793651,0.10515873,0.063492063,0.037698413,0.321428571,0.043650794
1500000US530530734041,530734041,0.091062395,0.018549747,0.042158516,0.069139966,0.306913997,0.188870152,0.155143339
1500000US530530734042,530734042,0,0,0.124324324,0.045945946,0.154054054,0.083783784,0.432432432
1500000US530530734043,530734043,0.163755459,0.087336245,0.069868996,0.024017467,0.227074236,0.172489083,0.163755459
1500000US530530734044,530734044,0.243902439,0.073170732,0.12398374,0.12398374,0.144308943,0.160569106,0.093495935
1500000US530530734045,530734045,0.091724826,0.035892323,0.168494516,0.073778664,0.175473579,0.161515454,0.108673978
1500000US530530734051,530734051,0.117713004,0.016816143,0.075112108,0.051569507,0.206278027,0.130044843,0.218609865
1500000US530530734052,530734052,0.132100396,0.038309115,0.054161162,0.036988111,0.243064729,0.252311757,0.081902246
1500000US530530734061,530734061,0.195767196,0.022486772,0.215608466,0.097883598,0.162698413,0.16005291,0.115079365
1500000US530530734062,530734062,0.133425034,0.011004127,0.126547455,0.053645117,0.162310867,0.231086657,0.141678129
1500000US530530734063,530734063,0.100652377,0.026095061,0.061509786,0.027027027,0.216216216,0.347623486,0.045666356
1500000US530530734071,530734071,0.046478873,0.090140845,0.076056338,0.028169014,0.245070423,0.252112676,0.078873239
1500000US530530734072,530734072,0.053333333,0,0.071111111,0.077777778,0.315555556,0.142222222,0.071111111
1500000US530530734073,530734073,0.262077295,0.027777778,0.109903382,0.071256039,0.130434783,0.233091787,0.082125604
1500000US530530734081,530734081,0.146153846,0.041758242,0.069230769,0.032967033,0.121978022,0.312087912,0.143956044
1500000US530530734082,530734082,0.326839827,0.108225108,0.16017316,0.043290043,0.123376623,0.095238095,0.043290043
1500000US530530734083,530734083,0.094827586,0.07112069,0.183189655,0.017241379,0.103448276,0.243534483,0.088362069
1500000US530530735001,530735001,0.154142582,0.148362235,0.098265896,0.040462428,0.069364162,0.163776493,0.10982659
1500000US530530735002,530735002,0.089615932,0.086770982,0.224751067,0.059743954,0.073968706,0.253200569,0.152204836
1500000US530530735003,530735003,0.384133612,0.025052192,0.064718163,0.020876827,0.192066806,0.091858038,0.127348643
1500000US530530735004,530735004,0.183514774,0.174183515,0.144634526,0.158631415,0.01399689,0.149300156,0.037325039
1500000US530530735005,530735005,0.048309179,0,0.084541063,0.137681159,0.057971014,0.200483092,0.06763285
1500000US530530735006,530735006,0.350547731,0.018779343,0.048513302,0.017214397,0.043818466,0.391236307,0.046948357
1500000US530539400011,539400011,0.267229255,0.045007032,0.151898734,0.11814346,0.091420534,0.258790436,0.023909986
1500000US530539400012,539400012,0.14600551,0.070247934,0.11707989,0.066115702,0.093663912,0.275482094,0.075757576
1500000US530539400021,539400021,0.143086817,0.04340836,0.017684887,0.045016077,0.123794212,0.311897106,0.138263666
1500000US530539400022,539400022,0.121008403,0.01512605,0.011764706,0.006722689,0.257142857,0.315966387,0.085714286
1500000US530539400023,539400023,0.152097902,0.038461538,0.082167832,0.068181818,0.190559441,0.20979021,0.092657343
1500000US530539400031,539400031,0.196770335,0.067583732,0.097488038,0.101674641,0.122009569,0.226674641,0.082535885
1500000US530539400032,539400032,0.103191489,0.039361702,0.037234043,0.045744681,0.178723404,0.3,0.164893617
1500000US530539400033,539400033,0.080924855,0.029865125,0.046242775,0,0.185934489,0.28805395,0.105009634
1500000US530539400041,539400041,0,0.036161335,0.101529903,0.045897079,0.268428373,0.265646732,0.134909597
1500000US530539400042,539400042,0.309917355,0,0.041322314,0,0.103305785,0.136363636,0.17768595
1500000US530539400043,539400043,0.097264438,0.030395137,0.048632219,0.039513678,0.170212766,0.288753799,0.124620061
1500000US530539400044,539400044,0.165116279,0.027906977,0.055813953,0.020930233,0.265116279,0.248837209,0.1
1500000US530539400045,539400045,0.168523677,0.034818942,0.125348189,0.043175487,0.105849582,0.275766017,0.146239554
1500000US530539400046,539400046,0.204,0.042666667,0.052,0.018666667,0.168,0.292,0.090666667
1500000US530539400051,539400051,0.131284916,0.046089385,0.094972067,0.018156425,0.125698324,0.280726257,0.111731844
1500000US530539400052,539400052,0.10786106,0.086837294,0.074954296,0.050274223,0.196526508,0.23583181,0.119744059
1500000US530539400053,539400053,0.156946827,0.048027444,0.065180103,0.039451115,0.188679245,0.253859348,0.117495712
1500000US530539400061,539400061,0.126732673,0,0.061386139,0.073267327,0.247524752,0.21980198,0.122772277
1500000US530539400062,539400062,0.069565217,0.013043478,0.047826087,0.108695652,0.334782609,0.152173913,0.052173913
1500000US530539400071,539400071,0.082568807,0.03058104,0.042813456,0.006116208,0.360856269,0.302752294,0.070336391
1500000US530539400072,539400072,0.079439252,0.093457944,0.035046729,0.009345794,0.280373832,0.098130841,0.098130841
1500000US530539400073,539400073,0.064393939,0.022727273,0.037878788,0.005681818,0.40719697,0.183712121,0.164772727
1500000US530539400081,539400081,0.160992908,0.056028369,0.09929078,0.056737589,0.156028369,0.270921986,0.064539007
1500000US530539400082,539400082,0.154334038,0.040169133,0.102536998,0.072938689,0.171247357,0.255813953,0.059196617
1500000US530539400083,539400083,0.262008734,0.075691412,0.161572052,0.074235808,0.119359534,0.177583697,0.03202329
1500000US530539400091,539400091,0.095510984,0.025787966,0.085959885,0.050620821,0.162368672,0.286532951,0.140401146
1500000US530539400092,539400092,0.166666667,0.123287671,0.146118721,0.025114155,0.093607306,0.232876712,0.089041096
1500000US530539400101,539400101,0.117158672,0.015682657,0.121771218,0.034132841,0.114391144,0.287822878,0.099630996
1500000US530539400102,539400102,0.109510086,0,0,0.03314121,0.109510086,0.280979827,0.13832853
1500000US530539400103,539400103,0.20754717,0.014150943,0.132075472,0.146226415,0.075471698,0.179245283,0.202830189
1500000US530539400111,539400111,0.198689956,0.046943231,0.116812227,0.06441048,0.133187773,0.198689956,0.077510917
1500000US530539400112,539400112,0.223194748,0.083150985,0.118161926,0.152078775,0.090809628,0.245076586,0.02297593
1500000US530539400113,539400113,0.216161616,0.064646465,0.115151515,0.078787879,0.094949495,0.222222222,0.098989899
