id,Y14_busi,Y14_sci,Y14_edleg,Y14_health,Y14_serve,Y14_saleoff,Y14_extract,Y14_logist
530602001,0.251764706,0.063529412,0.122352941,0.124705882,0.075294118,0.301176471,0.051764706,0
530603001,0.137667304,0,0.233269598,0.216061185,0.084130019,0.229445507,0.034416826,0
530603002,0.225,0.123214286,0.035714286,0.060714286,0.158928571,0.233928571,0.067857143,0.035714286
530603003,0.129538763,0.014720314,0.209028459,0.084396467,0.207065751,0.177625123,0.096172718,0.015701668
530604001,0.251515152,0.066666667,0.245454545,0.227272727,0.042424242,0.057575758,0.042424242,0.042424242
530604002,0.17679558,0.110497238,0.267955801,0.198895028,0.096685083,0.033149171,0.093922652,0
530604003,0.140583554,0.071618037,0.291777188,0.153846154,0.230769231,0.037135279,0.074270557,0
530604004,0.142857143,0.052767053,0.073359073,0.072072072,0.12998713,0.338481338,0.25997426,0.01029601
530604005,0.301333333,0.018666667,0.042666667,0.098666667,0.098666667,0.282666667,0.032,0
530605001,0.219948849,0.166240409,0.117647059,0.230179028,0,0.202046036,0,0
530605002,0.390243902,0,0.131707317,0.187804878,0.036585366,0.143902439,0.175609756,0
530605003,0.143396226,0.058490566,0.203773585,0.028301887,0.149056604,0.330188679,0,0
530605004,0.216129032,0.029032258,0.24516129,0.058064516,0.119354839,0.229032258,0.112903226,0.041935484
530605005,0.225433526,0.02504817,0.283236994,0.125240848,0.157996146,0.096339114,0.05973025,0.028901734
530606001,0.366108787,0.094142259,0.225941423,0.062761506,0.039748954,0.175732218,0.071129707,0
530606002,0.203757225,0,0.128612717,0.018786127,0.163294798,0.212427746,0.346820809,0
530606003,0.33974359,0,0.213675214,0.076923077,0.128205128,0.170940171,0.064102564,0
530606004,0.24028777,0.097841727,0.238848921,0.017266187,0.056115108,0.169784173,0.18705036,0
530606005,0.141065831,0.150470219,0.278996865,0.163009404,0.10031348,0.094043887,0.072100313,0.072100313
530606006,0.302816901,0.038732394,0.123239437,0.052816901,0.253521127,0.228873239,0,0
530607001,0.277701778,0.016415869,0.10123119,0.069767442,0.14500684,0.283173735,0.082079343,0.021887825
530607002,0.229411765,0.052941176,0.131372549,0.02745098,0.229411765,0.243137255,0.1,0.01372549
530607003,0.123342175,0.045092838,0.156498674,0.108753316,0.184350133,0.237400531,0.025198939,0.025198939
530607004,0.08,0.050434783,0.095652174,0,0.347826087,0.246956522,0.194782609,0
530607005,0.026269702,0.031523643,0.136602452,0.014010508,0.327495622,0.42732049,0.012259194,0.012259194
530607006,0.288590604,0.063758389,0.211409396,0.05033557,0.248322148,0.137583893,0,0
530608001,0.105150215,0.154506438,0.246781116,0.072961373,0,0.231759657,0.107296137,0.0472103
530608002,0.311320755,0.129716981,0.160377358,0,0.061320755,0.129716981,0.219339623,0.030660377
530608003,0.219512195,0.095121951,0.104878049,0,0.253658537,0.163414634,0.141463415,0
530608004,0.050909091,0.058181818,0.178181818,0.207272727,0.090909091,0.24,0.189090909,0
530608005,0.242481203,0.028195489,0.105263158,0.118421053,0.146616541,0.197368421,0.139097744,0.07518797
530608006,0.112676056,0.014084507,0.376760563,0,0.107394366,0.177816901,0.235915493,0.024647887
530608007,0.288973384,0.041825095,0,0.136882129,0,0.273764259,0.372623574,0.053231939
530609031,0.108991826,0.029972752,0.10626703,0.054495913,0.310626703,0.286103542,0.035422343,0.035422343
530609032,0.153846154,0.064102564,0.067307692,0.166666667,0.224358974,0.237179487,0,0
530609033,0.146376812,0.069565217,0.143478261,0.105797101,0.204347826,0.168115942,0.185507246,0.037681159
530609041,0.074712644,0.025862069,0.106321839,0,0.270114943,0.206896552,0.373563218,0
530609042,0.166981132,0.048113208,0.136792453,0.016037736,0.250943396,0.16509434,0.18490566,0.052830189
530609043,0.087719298,0.026315789,0.094298246,0.026315789,0.153508772,0.293859649,0,0
530609044,0.120578778,0.022508039,0,0.096463023,0.258842444,0.368167203,0.173633441,0
530609051,0.215921483,0.01308615,0.162486369,0.125408942,0.123227917,0.183206107,0.070883315,0.070883315
530609052,0,0,0.048632219,0.106382979,0.23100304,0.294832827,0.133738602,0.133738602
530609053,0.29281768,0.063535912,0.154696133,0,0.124309392,0.193370166,0.044198895,0.044198895
530609054,0.261261261,0,0.174174174,0.105105105,0.21021021,0.156156156,0.132132132,0
530609055,0.200371058,0.07606679,0.20593692,0.113172542,0.150278293,0.228200371,0.025974026,0.025974026
530609061,0.208083832,0.04491018,0.154191617,0.046407186,0.155688623,0.19011976,0.112275449,0.016467066
530609062,0.093373494,0.012048193,0.177710843,0.015060241,0.174698795,0.313253012,0.207831325,0.069277108
530610011,0.109589041,0.043378995,0.0456621,0.068493151,0.150684932,0.394977169,0.132420091,0.02739726
530610012,0.279605263,0.032894737,0.032894737,0.325657895,0.108552632,0.220394737,0,0
530610013,0.157110092,0.088302752,0.138761468,0.135321101,0.119266055,0.222477064,0.174311927,0.013761468
530610021,0.038461538,0.016483516,0.104395604,0.075549451,0.5,0.197802198,0.093406593,0
530610022,0.170634921,0,0.126984127,0.025793651,0,0.43452381,0.246031746,0.138888889
530610023,0.034090909,0.034090909,0.105113636,0,0.224431818,0.372159091,0.073863636,0
530610024,0.069486405,0.069486405,0.078549849,0,0.123867069,0.404833837,0.157099698,0
530611001,0.026941363,0,0.182250396,0.053882726,0.237717908,0.450079239,0.098256735,0
530611002,0.137777778,0.075555556,0.057777778,0,0.235555556,0.062222222,0.257777778,0
530611003,0.077777778,0.051851852,0.085185185,0,0.159259259,0.285185185,0.218518519,0.055555556
530611004,0,0,0.331010453,0,0.324041812,0.128919861,0.111498258,0
530611005,0.175409836,0,0.026229508,0.124590164,0.129508197,0.229508197,0.180327869,0.108196721
530611006,0.057571965,0.065081352,0.226533166,0.075093867,0.146433041,0.151439299,0.035043805,0
530611007,0.27402863,0,0.106339468,0.022494888,0.116564417,0.224948875,0.063394683,0.063394683
530612001,0.103021978,0.108516484,0.126373626,0.037087912,0.313186813,0.149725275,0.03021978,0
530612002,0.234042553,0.021276596,0.124620061,0.024316109,0.203647416,0.328267477,0.024316109,0.024316109
530612003,0.054761905,0,0.252380952,0.116666667,0.283333333,0.104761905,0.185714286,0.061904762
530612004,0.065637066,0.104247104,0.044401544,0.015444015,0.283783784,0.386100386,0.127413127,0
530612005,0.302114804,0.187311178,0.235649547,0,0.054380665,0.157099698,0.066465257,0
530612006,0.047916667,0.058333333,0.227083333,0.202083333,0.327083333,0.110416667,0.054166667,0
530613001,0.227106227,0.051282051,0.128205128,0,0.216117216,0.249084249,0.087912088,0
530613002,0.080597015,0.026865672,0.134328358,0.008955224,0.319402985,0.140298507,0.113432836,0
530613003,0.083815029,0.037572254,0,0.104046243,0.329479769,0.216763006,0.052023121,0.052023121
530613004,0.145669291,0.12992126,0.169291339,0.039370079,0.307086614,0.082677165,0.122047244,0.090551181
530613005,0.036553525,0,0,0.010443864,0.151436031,0.313315927,0.211488251,0.060052219
530613006,0.125,0.025,0.216666667,0.055555556,0.183333333,0.175,0.163888889,0.019444444
530614001,0.05655527,0.074550129,0.071979434,0,0.372750643,0.262210797,0.041131105,0
530614002,0.036199095,0,0.126696833,0.031674208,0.65158371,0.036199095,0.045248869,0.045248869
530614003,0.224137931,0.024630542,0.206896552,0,0.295566502,0.096059113,0.068965517,0
530615001,0.202964652,0.077537058,0.165336374,0.050171038,0.184720639,0.149372862,0.080957811,0.05359179
530615002,0.19253911,0.024067389,0.209386282,0.104693141,0.205776173,0.16967509,0.061371841,0.061371841
530615003,0.122699387,0.079754601,0.198364008,0,0.126789366,0.196319018,0.157464213,0.030674847
530615004,0.251521298,0.070993915,0.107505071,0.085192698,0.026369168,0.208924949,0.288032454,0.097363083
530616011,0.154582763,0.105335157,0.17373461,0.117647059,0.224350205,0.181942544,0.009575923,0.009575923
530616021,0.16957606,0.079800499,0.097256858,0.139650873,0.174563591,0.154613466,0.189526185,0.019950125
530617001,0.110416667,0.045833333,0.089583333,0.158333333,0.229166667,0.114583333,0.041666667,0
530617002,0.01863354,0.027950311,0.142857143,0,0.086956522,0.062111801,0.046583851,0.046583851
530617003,0.147540984,0.095081967,0.127868852,0.104918033,0.167213115,0.245901639,0.180327869,0.042622951
530617004,0.021352313,0.088967972,0.081850534,0,0.174377224,0.170818505,0.68683274,0.110320285
530617005,0.111392405,0,0.172151899,0.02278481,0.301265823,0.220253165,0,0
530618001,0.18627451,0.029411765,0.114379085,0,0.267973856,0.215686275,0.104575163,0.032679739
530618002,0,0.085648148,0.05787037,0.020833333,0.296296296,0.185185185,0.048611111,0.048611111
530618003,0.169014085,0,0.136150235,0.075117371,0.070422535,0.244131455,0,0
530619001,0.041343669,0.033591731,0.111111111,0,0.201550388,0.333333333,0.255813953,0.018087855
530619002,0.26006192,0,0.06501548,0.06501548,0.167182663,0.241486068,0.123839009,0.030959752
530620001,0.057471264,0.017241379,0.051724138,0,0.16091954,0.267241379,0.304597701,0.206896552
530620002,0.154494382,0.008426966,0.078651685,0.030898876,0.258426966,0.191011236,0.04494382,0.028089888
530620003,0.133079848,0.036121673,0.19391635,0.015209125,0.211026616,0.157794677,0.039923954,0.039923954
530620004,0.172351885,0.014362657,0.066427289,0.044883303,0.127468582,0.429084381,0.154398564,0.068222621
530623001,0.162408759,0.025547445,0.120437956,0,0.337591241,0.144160584,0.211678832,0.032846715
530623002,0.025925926,0.051851852,0.12962963,0,0.290740741,0.137037037,0.385185185,0
530623003,0.216117216,0.009157509,0.075091575,0,0.212454212,0.091575092,0.076923077,0
530623004,0.01875,0,0.066666667,0,0.28125,0.433333333,0.210416667,0.014583333
530624001,0.208955224,0,0.017639077,0,0.421981004,0.065128901,0.070556309,0
530624002,0.111959288,0,0,0.063613232,0.287531807,0.340966921,0,0
530624003,0.155555556,0.025641026,0.088888889,0.041025641,0.227350427,0.141880342,0.220512821,0.032478632
530624004,0.09380531,0.088495575,0.054867257,0.012389381,0.338053097,0.237168142,0.175221239,0.175221239
530624005,0,0,0.044164038,0,0.27444795,0.337539432,0.687697161,0
530625001,0.123314066,0,0.140655106,0,0.16955684,0.323699422,0.065510597,0.065510597
530625002,0,0.013513514,0.045945946,0.037837838,0.305405405,0.385135135,0.335135135,0
530625003,0.266666667,0,0.066666667,0.162962963,0.277777778,0.077777778,0.148148148,0
530625004,0.04805915,0,0.027726433,0,0.306839187,0.438077634,0.184842884,0.018484288
530625005,0.044791667,0,0.061458333,0.023958333,0.278125,0.423958333,0.030208333,0.030208333
530625006,0.122840691,0,0.119001919,0.063339731,0.24184261,0.257197697,0,0
530625007,0.194244604,0,0.03057554,0.061151079,0.370503597,0.176258993,0.14028777,0
530626001,0.021459227,0,0.079399142,0.068669528,0.291845494,0.296137339,0.270386266,0
530626002,0.077966102,0.014689266,0.073446328,0.056497175,0.162711864,0.316384181,0.110734463,0.054237288
530628011,0.091269841,0.035714286,0.138888889,0.109126984,0.158730159,0.325396825,0.246031746,0
530628012,0.140997831,0,0.03362256,0.017353579,0.315618221,0.273318872,0.224511931,0.020607375
530628013,0.160736196,0.066257669,0.143558282,0.030674847,0.174233129,0.333742331,0.073619632,0
530628014,0.07112069,0.090517241,0.17887931,0.096982759,0.254310345,0.280172414,0,0
530628021,0.111380145,0.012106538,0.130750605,0.076271186,0.326876513,0.15496368,0.124697337,0.027845036
530628022,0.022522523,0.013513514,0.045045045,0.012012012,0.534534535,0.06006006,0.18018018,0.108108108
530628023,0.107991361,0,0.047516199,0.034557235,0.298056156,0.235421166,0.211663067,0.151187905
530629001,0.101071975,0.009954058,0.068147014,0.026033691,0.286370597,0.209800919,0.24042879,0.053598775
530629002,0.100340136,0.054421769,0,0,0.321428571,0.355442177,0.074829932,0
530629003,0.046511628,0.125223614,0.023255814,0.021466905,0.194991055,0.220035778,0.175313059,0
530629004,0.036809816,0,0.095092025,0,0.530674847,0.070552147,0.27607362,0.036809816
530629005,0.09556314,0.150170648,0.04778157,0,0.307167235,0.129692833,0.33447099,0
530629006,0.043478261,0,0.043478261,0.046583851,0.279503106,0.118012422,0.208074534,0.208074534
530630001,0.123980424,0.068515498,0.013050571,0,0.234910277,0.195758564,0.117455139,0
530630002,0.054108216,0,0.080160321,0.049098196,0.183366733,0.276553106,0.347695391,0.053106212
530631001,0.257971014,0.084057971,0.052173913,0,0.214492754,0.231884058,0.084057971,0.026086957
530631002,0.165548098,0,0.035794183,0.022371365,0.232662192,0.268456376,0.140939597,0.140939597
530631003,0.103274559,0,0.103274559,0.050377834,0.249370277,0.070528967,0.574307305,0.105793451
530631004,0.028862479,0.057724958,0.129032258,0.01188455,0.198641766,0.456706282,0.101867572,0
530632001,0.154566745,0,0.093676815,0,0.241217799,0.2529274,0.098360656,0
530632002,0.094640821,0.054732041,0.0672748,0.030786773,0.214367161,0.264538198,0.249714937,0.046750285
530632003,0.120104439,0.020887728,0.080939948,0.067885117,0.232375979,0.318537859,0.143603133,0.060052219
530632004,0.175202156,0.148247978,0.167115903,0,0.107816712,0.272237197,0.102425876,0
530632005,0.052434457,0.06741573,0.056179775,0,0.205992509,0.29588015,0.378277154,0.183520599
530633001,0.022690438,0,0.115072934,0.034035656,0.194489465,0.103727715,0.541329011,0.158833063
530633002,0.046248715,0.04008222,0.122302158,0.036998972,0.251798561,0.159301131,0.394655704,0
530633003,0,0,0.170767004,0.020260492,0.318379161,0.199710564,0.075253256,0
530633004,0.040609137,0.043147208,0.266497462,0,0.520304569,0.02284264,0.086294416,0
530633005,0.027692308,0,0.009230769,0,0.252307692,0.535384615,0.178461538,0.092307692
530634001,0,0.118343195,0.065088757,0.088757396,0.298816568,0.272189349,0.118343195,0
530634002,0.053008596,0.061604585,0.09025788,0.050143266,0.270773639,0.136103152,0.121776504,0.081661891
530634003,0.013114754,0,0,0.06557377,0.386885246,0.344262295,0.124590164,0
530634004,0.048275862,0.048275862,0.144827586,0,0.203448276,0.393103448,0.131034483,0
530634005,0.087774295,0,0.062695925,0.047021944,0.272727273,0.181818182,0.094043887,0
530634006,0.12,0.08,0.026666667,0,0.205714286,0.272380952,0.243809524,0.04952381
530635011,0.070121951,0.054878049,0.06097561,0.024390244,0.402439024,0.143292683,0.24695122,0.057926829
530635012,0.044226044,0.017199017,0.125307125,0.01965602,0.243243243,0.358722359,0.058968059,0.058968059
530635013,0.10982659,0.069364162,0.075144509,0.040462428,0.176300578,0.289017341,0,0
530635014,0.036339166,0.00807537,0.0269179,0.02422611,0.496635262,0.191117093,0.226110363,0
530635021,0.081761006,0,0.090146751,0.171907757,0.213836478,0.19706499,0.224318658,0.060796646
530635022,0.04209622,0.021477663,0.073883162,0.068728522,0.267182131,0.173539519,0.110824742,0.035223368
530635023,0.05907173,0,0.022503516,0.047819972,0.341772152,0.289732771,0.092827004,0.064697609
530701001,0.06006006,0.009009009,0.189189189,0.018018018,0.114114114,0.318318318,0.408408408,0.018018018
530701002,#DIV/0!,#DIV/0!,#DIV/0!,#DIV/0!,#DIV/0!,#DIV/0!,#DIV/0!,#DIV/0!
530701003,0.194827586,0.048275862,0.124137931,0.055172414,0.144827586,0.20862069,0.181034483,0.043103448
530701004,0.151468315,0.023183926,0.091190108,0,0.145285935,0.312210201,0.125193199,0.072642968
530702031,0.190833959,0.05634861,0.107438017,0.05484598,0.156273479,0.254695718,0.201352367,0.058602554
530702032,0.115283843,0.068995633,0.034061135,0.041048035,0.199126638,0.252401747,0.171179039,0.076855895
530702033,0.27244582,0,0,0.034055728,0.086687307,0.309597523,0.365325077,0
530702041,0.148275862,0.046551724,0.046551724,0.018965517,0.10862069,0.132758621,0.396551724,0.065517241
530702042,0.082744702,0.044399596,0.05247225,0.030272452,0.190716448,0.225025227,0.269424823,0.055499495
530702051,0.056756757,0.048648649,0.118018018,0.008108108,0.206306306,0.245945946,0.293693694,0.093693694
530702052,0.058098592,0,0.01056338,0.017605634,0.190140845,0.274647887,0.36971831,0.116197183
530702061,0.139310345,0.022068966,0.084137931,0.019310345,0.139310345,0.328275862,0.262068966,0.035862069
530702062,0.125796178,0.065286624,0.060509554,0.068471338,0.063694268,0.25955414,0.292993631,0.101910828
530702063,0.080831409,0.050808314,0.053117783,0.057736721,0.205542725,0.304849885,0.106235566,0.013856813
530702071,0.127483444,0.011589404,0.072847682,0.03807947,0.23013245,0.117549669,0.17218543,0.17218543
530702072,0.188,0.058,0.144,0.022,0.25,0.168,0.124,0.056
530702073,0.099150142,0.082152975,0.1898017,0,0.184135977,0.271954674,0.087818697,0.019830028
530702074,0.131756757,0.02027027,0.065878378,0.050675676,0.146959459,0.256756757,0.22972973,0.101351351
530703071,0.177272727,0.05,0.152272727,0.031818182,0.102272727,0.309090909,0.045454545,0.045454545
530703072,0.323193916,0.087452471,0.09252218,0.025348542,0.095057034,0.190114068,0.111533587,0.015209125
530703073,0.216238608,0.057166529,0.104391052,0.044739022,0.150787075,0.268434134,0.109362055,0.043082022
530703081,0.185592186,0.020757021,0.139194139,0.021978022,0.114774115,0.212454212,0.199023199,0.133089133
530703082,0.127729258,0.042576419,0.074235808,0.009825328,0.160480349,0.18558952,0.31768559,0.108078603
530703091,0.254129606,0.017789072,0.029224905,0.035578145,0.111817027,0.363405337,0.189326557,0.01905972
530703092,0.185220729,0.04318618,0.124760077,0.057581574,0.075815739,0.244721689,0.25815739,0.100767754
530703093,0.080344333,0.021520803,0.058823529,0.080344333,0.137733142,0.238163558,0.37733142,0.024390244
530703101,0.114016736,0.007322176,0.078451883,0.038702929,0.097280335,0.325313808,0.212343096,0.063807531
530703102,0.04989605,0,0.11018711,0,0.033264033,0.407484407,0.286902287,0.033264033
530703103,0.098927294,0.040524434,0.083432658,0.0488677,0.181168057,0.309892729,0.227651967,0.082240763
530703104,0.014925373,0.03358209,0,0.100746269,0.164179104,0.294776119,0.380597015,0
530703111,0.133040936,0.061403509,0.020467836,0.058479532,0.175438596,0.210526316,0.219298246,0.035087719
530703112,0.152631579,0.055263158,0.038157895,0.051315789,0.122368421,0.140789474,0.411842105,0.098684211
530703113,0.190045249,0.012443439,0.061085973,0.028280543,0.156108597,0.259049774,0.209276018,0.084841629
530703121,0.135021097,0.061181435,0.092827004,0.128691983,0.141350211,0.333333333,0.040084388,0.006329114
530703122,0.159600998,0.047381546,0.160224439,0.094139651,0.074189526,0.21882793,0.120947631,0.023690773
530703123,0.243491577,0.032159265,0.087289433,0.036753446,0.185298622,0.153139357,0.189892802,0.076569678
530703131,0.275811209,0.041297935,0.107669617,0.089970501,0.10619469,0.222713864,0.08259587,0
530703132,0.084990958,0.090415913,0.066907776,0.097649186,0.258589512,0.24954792,0.209764919,0
530703133,0.163573086,0.087006961,0.075406032,0.017401392,0.135730858,0.292343387,0.192575406,0.030162413
530703134,0.136507937,0,0.06984127,0,0.136507937,0.380952381,0.361904762,0.114285714
530703135,0.274725275,0.062271062,0.065934066,0.06959707,0.075091575,0.195970696,0.217948718,0.119047619
530703141,0.136317396,0.031536114,0.110885046,0.009155646,0.046795524,0.355035605,0.257375381,0.060020346
530703142,0.184433164,0.069373942,0.096446701,0.013536379,0.252115059,0.16751269,0.077834179,0.033840948
530703151,0.237215909,0.036931818,0.139204545,0.03125,0.105113636,0.163352273,0.177556818,0.055397727
530703152,0.1796875,0.1296875,0.0890625,0.0265625,0.3328125,0.109375,0.08125,0.04375
530703153,0.149357072,0.078140455,0.168150346,0.049455984,0.104846686,0.307616222,0.042532146,0.024727992
530703154,0.336708861,0.075949367,0.235443038,0.055696203,0.093670886,0.116455696,0,0
530703161,0.142414861,0.029927761,0.090815273,0.026831785,0.33126935,0.220846233,0.196078431,0
530703162,0.168545082,0.09067623,0.072745902,0.027663934,0.15420082,0.351434426,0.044057377,0.026639344
530704011,0.181303116,0.029745042,0.039660057,0.021246459,0.106232295,0.287535411,0.337110482,0.042492918
530704012,0.188741722,0.023178808,0.082781457,0,0.304635762,0.258278146,0.139072848,0
530704031,0.190217391,0,0.043478261,0,0.081521739,0.285326087,0.173913043,0.081521739
530704032,0,0,0,0.153558052,0.149812734,0.205992509,0.486891386,0
530704033,0.081549439,0.021406728,0.092762487,0.021406728,0.165137615,0.302752294,0.177370031,0.026503568
530704041,0.185700099,0.043694141,0.06653426,0.019860973,0.146971202,0.276067527,0.176762661,0.013902681
530704042,0.15462963,0.05,0.121296296,0.07037037,0.139814815,0.251851852,0.124074074,0.053703704
530707031,0.242562929,0.032036613,0.155606407,0.050343249,0.148741419,0.137299771,0.19221968,0.018306636
530707032,0.198830409,0.012865497,0.025730994,0,0.100584795,0.461988304,0.156725146,0.098245614
530707033,0.082007344,0.012239902,0.052631579,0.031823745,0.110159119,0.396572827,0.335373317,0.078335373
530707034,0.124069479,0.032258065,0.05955335,0,0.146401985,0.191066998,0.436724566,0.029776675
530707035,0.279445727,0,0.016166282,0,0.200923788,0.247113164,0.120092379,0.050808314
530711001,0.159810127,0.012658228,0.10443038,0.069620253,0.162974684,0.193037975,0.137658228,0.074367089
530711002,0.257009346,0.01635514,0.121495327,0.025700935,0.144859813,0.221962617,0.193925234,0.058411215
530712051,0.305896806,0.022113022,0.0995086,0.098280098,0.092137592,0.197788698,0.042997543,0.023341523
530712052,0.18622449,0.043367347,0.101190476,0.086734694,0.162414966,0.116496599,0.12755102,0.073129252
530712061,0.146090535,0.034979424,0.189300412,0,0,0.269547325,0.096707819,0.096707819
530712062,0.194312796,0.049763033,0.078199052,0.109004739,0.073459716,0.28436019,0.109004739,0.037914692
530712063,0.120888889,0,0.091555556,0,0.212444444,0.456,0.075555556,0.031111111
530712064,0.120385233,0.064205457,0.146067416,0.033707865,0.078651685,0.345104334,0.192616372,0.030497592
530712071,0.094043887,0.020376176,0.114420063,0.111285266,0.159874608,0.289968652,0.15830721,0.010971787
530712072,0.102973169,0.05728789,0.100797679,0.023930384,0.171138506,0.29586657,0.164612038,0.0413343
530712073,0.101301115,0.015799257,0.015799257,0.036245353,0.170074349,0.293680297,0.351301115,0.068773234
530712081,0.194444444,0.031746032,0,0.097222222,0.168650794,0.263888889,0.291666667,0.025793651
530712082,0.056487202,0.067078553,0.068843778,0.01059135,0.189761695,0.451897617,0.14298323,0.022947926
530712083,0.158928571,0.058333333,0.100595238,0.036904762,0.154761905,0.344047619,0.114880952,0.038690476
530712091,0.181549815,0.0900369,0.070848708,0.056088561,0.138745387,0.279704797,0.132841328,0.03099631
530712092,0.046439628,0.046439628,0.086687307,0,0.232198142,0.244582043,0.20123839,0.114551084
530712093,0.041002278,0.120728929,0.241457859,0.06833713,0.08428246,0.316628702,0.102505695,0.020501139
530712101,0.011363636,0.068181818,0.166666667,0,0.193181818,0.318181818,0.151515152,0.090909091
530712102,0.286871961,0.100486224,0.175040519,0.076175041,0.094003241,0.098865478,0.145867099,0.003241491
530712103,0.186813187,0.033699634,0.177289377,0.084981685,0.101831502,0.21025641,0.121611722,0.061538462
530713041,0.147792706,0.03646833,0.010556622,0.026871401,0.194817658,0.285988484,0.401151631,0.044145873
530713042,0.180048662,0.098945661,0.150040552,0.064882401,0.123276561,0.221411192,0.176804542,0.051905921
530713043,0,0.121527778,0.041666667,0,0.048611111,0.263888889,0,0
530713051,0.089480048,0.060459492,0.029020556,0.061668682,0.286577993,0.203143894,0.175332527,0.032648126
530713052,0.097588978,0.056257176,0.066590126,0.066590126,0.174512055,0.21010333,0.221584386,0.095292767
530713061,0.044481054,0,0,0.069192751,0.220757825,0.334431631,0.342668863,0.05601318
530713062,0.14084507,0.029733959,0.021909233,0.053208138,0.136150235,0.414710485,0.162754304,0.062597809
530713063,0.127640845,0.05721831,0.033450704,0.034330986,0.040492958,0.443661972,0.243838028,0.048415493
530713064,0.035087719,0,0.122807018,0.09273183,0.152882206,0.248120301,0.295739348,0.15037594
530713071,0.094147583,0.027989822,0.13740458,0,0.176844784,0.160305344,0.319338422,0.024173028
530713072,0.164893617,0.053191489,0.050531915,0.053191489,0.074468085,0.188829787,0.234042553,0
530713073,0.138949672,0.021881838,0.110503282,0.111597374,0.138949672,0.2702407,0.143326039,0.060175055
530713091,0.043202033,0.124523507,0.040660737,0.07750953,0.198221093,0.283354511,0.115628971,0.039390089
530713092,0.033898305,0.01540832,0.197226502,0,0.169491525,0.362095532,0.109399076,0.013867488
530713093,0.16639478,0.066884176,0.07177814,0.114192496,0.053833605,0.282218597,0.210440457,0.073409462
530713101,0.112953368,0.005181347,0.113989637,0.071502591,0.216580311,0.265284974,0.118134715,0.055958549
530713102,0.210989011,0.059340659,0.077655678,0.095970696,0.172893773,0.256410256,0.101831502,0.049084249
530714031,0.223404255,0.024316109,0.037993921,0,0.212765957,0.229483283,0.094224924,0.024316109
530714032,0.147651007,0.040268456,0.020134228,0.040268456,0.184563758,0.318791946,0.22147651,0.11409396
530714033,0.038011696,0.051169591,0.016081871,0.051169591,0.175438596,0.305555556,0.242690058,0
530714061,0.168363352,0.046985121,0.093970243,0.091620987,0.206734534,0.277995301,0.085356304,0.008613939
530714062,0.141566265,0.034638554,0.085843373,0,0.192771084,0.236445783,0.13253012,0.111445783
530714063,0.140077821,0,0.046692607,0.093385214,0.256809339,0.276264591,0.023346304,0.023346304
530714064,0.223803364,0.016817594,0.077619664,0.02457956,0.186287193,0.288486417,0.150064683,0.012936611
530714071,0.076271186,0,0.138983051,0.050847458,0.077966102,0.342372881,0.230508475,0.040677966
530714072,0.12636695,0.031591738,0.058323208,0.137302552,0.227217497,0.309842041,0.148238153,0.009720535
530714073,0.115212528,0.042505593,0.031319911,0,0.193512304,0.25950783,0.146532438,0.036912752
530714074,0.254374159,0.02422611,0.184387618,0.017496635,0.181695828,0.211305518,0.102288022,0.02153432
530714081,0.07537155,0.041401274,0.072186837,0.058386412,0.221868365,0.165605096,0.149681529,0.081740977
530714082,0.024229075,0,0.050660793,0,0.18722467,0.209251101,0.233480176,0.083700441
530714083,0.063973064,0.057239057,0.033670034,0,0.117845118,0.464646465,0.228956229,0.04040404
530714091,0.055670103,0.030927835,0.059793814,0,0.206185567,0.212371134,0.362886598,0.016494845
530714092,0.045346062,0.093078759,0.038186158,0.143198091,0.241050119,0.243436754,0.133651551,0.057279236
530714093,0.105263158,0.023545706,0.033240997,0.06232687,0.148199446,0.378116343,0.102493075,0.052631579
530714094,0.097484277,0,0.040880503,0,0.433962264,0.132075472,0.198113208,0.122641509
530714101,0,0,0,0.033082707,0.571428571,0.273684211,0.118796992,0.085714286
530714102,0.062745098,0.062745098,0,0,0.152941176,0.205882353,0.458823529,0
530714103,0.102352941,0.022352941,0.018823529,0.076470588,0.205882353,0.416470588,0.214117647,0.037647059
530714104,0.128531073,0.040960452,0.127118644,0.021186441,0.187853107,0.302259887,0.124293785,0.084745763
530714111,0.223991507,0.008492569,0.085987261,0.035031847,0.175159236,0.304670913,0.244161359,0.042462845
530714112,0,0,0.148044693,0.019553073,0.365921788,0.335195531,0.044692737,0.016759777
530714113,0.20508982,0.038922156,0.020958084,0.04491018,0.130239521,0.194610778,0.266467066,0.095808383
530715031,0.153649168,0.053777209,0.119078105,0,0.222791293,0.38028169,0.030729834,0
530715032,0.026751592,0,0.017834395,0,0.360509554,0.415286624,0.193630573,0
530715033,0.09,0.096666667,0.053333333,0.05,0.023333333,0.47,0.15,0.03
530715034,0.29020979,0,0.024475524,0.020979021,0.223776224,0.309440559,0.082167832,0.033216783
530715041,0.077531646,0.007911392,0.120253165,0.036392405,0.178797468,0.305379747,0.082278481,0
530715042,0.023099134,0.059672762,0.194417709,0.008662175,0.311838306,0.336862368,0.015399423,0
530715043,0.059055118,0.027559055,0.133858268,0.102362205,0.177165354,0.283464567,0.106299213,0.059055118
530715044,0.022421525,0.147982063,0.147982063,0,0.271300448,0.15470852,0.080717489,0.01793722
530715051,0.087312415,0.054570259,0.054570259,0.061391542,0.324693042,0.133697135,0.049113233,0.049113233
530715052,0.104265403,0.026066351,0.097156398,0.023696682,0.059241706,0.341232227,0.272511848,0.144549763
530715053,0.093306288,0.089249493,0.050709939,0.056795132,0.164300203,0.279918864,0.164300203,0.046653144
530715054,0.080114449,0.055793991,0.0472103,0.011444921,0.313304721,0.187410587,0.190271817,0.092989986
530715061,0.064587973,0.046770601,0.073496659,0.053452116,0.171492205,0.224944321,0.131403118,0.064587973
530715062,0.086638831,0.007306889,0.08559499,0.10960334,0.189979123,0.271398747,0.185803758,0.075156576
530715063,0.137452711,0.075662043,0.074401009,0.037831021,0.147540984,0.21815889,0.064312736,0.064312736
530716011,0.021371327,0.018699911,0.072128228,0.051647373,0.197684773,0.174532502,0.326803206,0.063223508
530716012,0.132459971,0.014556041,0.116448326,0.03202329,0.066957787,0.387190684,0.129548763,0.036390102
530716021,0.115466102,0,0.149364407,0.079449153,0.145127119,0.383474576,0.158898305,0
530716022,0.085638999,0,0.04743083,0.057971014,0.216073781,0.320158103,0.310935441,0
530716023,0.048205128,0,0.045128205,0.081025641,0.247179487,0.293333333,0.118974359,0.086153846
530716024,0.099778271,0,0.277161863,0,0.203991131,0.33481153,0,0
530717031,0.057256991,0.058588549,0.022636485,0.033288948,0.344873502,0.247669774,0.260985353,0.037283622
530717032,0.012170385,0,0.020283976,0.022312373,0.30831643,0.377281947,0.180527383,0.038539554
530717041,0,0.005967604,0.025575448,0.011082694,0.394714408,0.158567775,0.545609548,0.018755328
530717042,0.038724374,0,0.01594533,0,0.37357631,0.346241458,0.227790433,0.082004556
530717043,0.100890208,0.09495549,0.06231454,0.050445104,0.364985163,0.21958457,0.106824926,0.106824926
530717051,0.059149723,0.040665434,0.059149723,0.107208872,0.168207024,0.131238447,0.410351201,0.129390018
530717052,0.088435374,0,0.105442177,0.06122449,0.217687075,0.195578231,0.226190476,0.110544218
530717053,0.130177515,0.033530572,0.015779093,0.015779093,0.266272189,0.222879684,0.175542406,0.061143984
530717061,0.069892473,0.009408602,0.034946237,0.083333333,0.258064516,0.235215054,0.092741935,0.028225806
530717071,0.054421769,0.015873016,0.12244898,0,0.371882086,0.249433107,0.149659864,0.077097506
530717072,0.065789474,0.026315789,0.057894737,0,0.281578947,0.118421053,0.321052632,0.047368421
530717073,0.037533512,0.029490617,0.048257373,0,0.174262735,0.340482574,0.077747989,0.077747989
530718031,0.152380952,0,0.142857143,0.278095238,0.081904762,0.278095238,0.053333333,0.053333333
530718032,0.053982301,0.031858407,0.033628319,0.12300885,0.203539823,0.224778761,0.175221239,0.012389381
530718033,0,0,0.167630058,0,0.343930636,0.268786127,0.222543353,0.11849711
530718034,0.157216495,0,0,0.095360825,0.06443299,0.172680412,0.412371134,0
530718051,0.088992974,0.088992974,0,0,0.393442623,0.152224824,0.049180328,0.049180328
530718052,0.06981982,0.018018018,0.038288288,0.058558559,0.198198198,0.220720721,0.054054054,0.054054054
530718053,0.085005903,0,0.008264463,0.12042503,0.270365998,0.178276269,0.127508855,0.040141677
530718061,0.026993865,0.013496933,0.07607362,0.020858896,0.310429448,0.188957055,0.440490798,0.020858896
530718062,0.056896552,0,0.031034483,0.060344828,0.356896552,0.381034483,0.034482759,0.034482759
530718071,0.093320236,0.139489194,0.106090373,0.010805501,0.117878193,0.285854617,0.166011788,0.075638507
530718072,0.094795539,0,0,0.076208178,0.206319703,0.37732342,0.141263941,0.014869888
530718081,0.068571429,0,0.055238095,0.022857143,0.222857143,0.211428571,0.52952381,0
530718082,0.023222061,0,0.047895501,0,0.297532656,0.208998549,0.484760522,0.087082729
530718083,0,0,0,0,0.202020202,0.353535354,0.626262626,0
530719011,0,0,0.029821074,0.184890656,0.067594433,0.345924453,0.335984095,0.145129225
530719012,0.056140351,0,0.2,0.073684211,0.178947368,0.452631579,0,0
530719013,0.228228228,0.171171171,0.138138138,0.042042042,0.258258258,0.111111111,0.102102102,0
530719014,0.063079777,0.057513915,0.163265306,0.100185529,0.185528757,0.074211503,0.326530612,0.115027829
530719021,0.117525773,0,0.053608247,0.098969072,0.140206186,0.354639175,0.156701031,0.094845361
530719022,0.032,0.034666667,0.218666667,0,0.165333333,0.376,0.154666667,0
530719023,0.1558669,0,0.34150613,0,0.194395797,0.22591944,0.077057793,0
530719024,0.185840708,0,0.218289086,0.244837758,0.144542773,0.120943953,0,0
530719025,0.217712177,0.077490775,0.129151292,0.084870849,0,0.306273063,0,0
530720001,0.080996885,0,0.115264798,0,0.31152648,0.090342679,0.264797508,0.264797508
530720002,0.081799591,0.016359918,0.034764826,0,0.464212679,0.147239264,0.120654397,0.120654397
530720003,0.105263158,0,0,0.117647059,0.513931889,0.07120743,0.198142415,0
530720004,0.045977011,0,0.040229885,0,0.379310345,0.224137931,0.32183908,0
530721051,0.256896552,0.070689655,0.094827586,0.118965517,0.077586207,0.274137931,0.053448276,0.053448276
530721052,0.252584934,0.028064993,0.183161004,0.127031019,0.072378139,0.221565731,0.122599705,0.019202363
530721053,0,0,0,0,0.306451613,0,0,0
530721054,0.156040268,0.013422819,0.154362416,0.063758389,0.182885906,0.296979866,0.110738255,0.016778523
530721061,0.299719888,0,0.086834734,0.058823529,0.176470588,0.277310924,0.112044818,0
530721062,0.136087485,0,0.132442284,0.02673147,0.177399757,0.256379101,0.179829891,0
530721063,0.052318668,0.013079667,0.198573127,0.002378121,0.086801427,0.284185493,0.335315101,0.137931034
530721064,0.079335793,0,0.08302583,0.035055351,0.147601476,0.328413284,0.293357934,0.164206642
530721071,0.136291601,0.098256735,0.145800317,0.023771791,0.093502377,0.337559429,0.009508716,0.009508716
530721072,0.159574468,0.016717325,0.069908815,0.196048632,0.147416413,0.262917933,0.042553191,0.042553191
530721073,0.090322581,0.051612903,0.120430108,0.08172043,0.152688172,0.369892473,0.019354839,0.019354839
530721074,0.034351145,0.045801527,0.183206107,0.022900763,0.198473282,0.328244275,0.122137405,0.122137405
530721081,0.038922156,0,0.095808383,0.035928144,0.494011976,0.21257485,0.065868263,0
530721082,0.03047619,0.026666667,0.026666667,0.16952381,0.295238095,0.35047619,0,0
530721083,0.34741784,0.0657277,0.051643192,0.117370892,0.14084507,0.201877934,0.075117371,0.075117371
530721084,0.132547865,0.023564065,0.035346097,0.026509573,0.306332842,0.362297496,0.050073638,0
530721085,0.029106029,0.033264033,0.234927235,0.106029106,0.097713098,0.291060291,0.201663202,0.06029106
530721091,0.210995542,0.059435364,0.112927192,0.121842496,0.092124814,0.32986627,0.034175334,0.010401189
530721092,0.209762533,0.038258575,0.080474934,0.089709763,0.143799472,0.267810026,0.055408971,0.055408971
530721111,0.229411765,0.076470588,0.203921569,0,0.184313725,0.152941176,0.164705882,0.019607843
530721112,0.24516129,0.075268817,0.141935484,0.107526882,0.146236559,0.141935484,0.141935484,0
530721121,0.110330993,0.04112337,0.108324975,0.050150451,0.198595787,0.294884654,0.074222668,0.042126379
530721122,0.238317757,0,0.014018692,0.079439252,0.112149533,0.224299065,0.11682243,0.11682243
530721123,0.139810427,0,0.066350711,0.066350711,0.218009479,0.305687204,0.127962085,0.127962085
530723051,0.124137931,0,0,0.132758621,0.351724138,0.20862069,0.210344828,0.031034483
530723052,0.162748644,0.021699819,0.2079566,0.148282098,0.13562387,0.179023508,0.065099458,0.018083183
530723053,0.142857143,0.050420168,0.243697479,0,0.243697479,0.109243697,0.120448179,0.030812325
530723054,0.311512415,0,0.259593679,0.036117381,0.148984199,0.167042889,0.045146727,0
530723055,0.272863568,0,0.136431784,0.050974513,0.137931034,0.304347826,0.059970015,0
530723056,0.158415842,0.168316832,0,0.064356436,0.173267327,0.193069307,0.168316832,0
530723071,0.087601078,0.013477089,0.029649596,0.08490566,0.23180593,0.293800539,0.110512129,0.061994609
530723072,0.160949868,0.044854881,0.147757256,0.118733509,0.145118734,0.158311346,0.216358839,0.116094987
530723073,0.171014493,0.017391304,0.275362319,0.043478261,0.130434783,0.12173913,0.304347826,0.060869565
530723074,0.06175772,0.071258907,0.237529691,0.06888361,0.09976247,0.239904988,0.111638955,0.111638955
530723081,0.225621415,0,0.116634799,0.06500956,0.160611855,0.267686424,0.263862333,0
530723082,0.323298429,0.087696335,0.10078534,0.082460733,0.086387435,0.227748691,0.047120419,0
530723083,0.104204753,0.144424132,0.166361974,0.065813528,0.074954296,0.182815356,0.109689214,0.018281536
530723084,0.150997151,0.086894587,0.098290598,0.115384615,0.230769231,0.178062678,0,0
530723085,0.155151515,0,0.2,0.201212121,0.08969697,0.20969697,0.101818182,0.036363636
530723091,0.240105541,0.039577836,0.083113456,0.196569921,0.13060686,0.205804749,0.08707124,0.060686016
530723092,0.213169643,0.121651786,0.0625,0.061383929,0.1875,0.205357143,0.082589286,0.082589286
530723093,0.123022847,0.031634446,0.0228471,0.098418278,0.158172232,0.323374341,0.291739895,0.091388401
530723094,0.249520154,0.030710173,0.047984645,0.053742802,0.130518234,0.414587332,0,0
530723101,0.317617866,0.086848635,0.094292804,0.096774194,0.101736973,0.277915633,0,0
530723102,0.097222222,0.038194444,0.149305556,0.135416667,0.177083333,0.190972222,0.055555556,0
530723103,0.129834254,0.065377532,0.156537753,0.057090239,0.123388582,0.315837937,0.0893186,0.067219153
530723111,0.107052897,0.061712846,0.061712846,0.078085642,0.164987406,0.331234257,0.060453401,0.027707809
530723112,0.037037037,0,0.116049383,0.071604938,0.239506173,0.469135802,0.054320988,0.019753086
530723113,0.294117647,0.007843137,0.070588235,0.041830065,0.180392157,0.290196078,0.048366013,0.048366013
530723121,0.14331723,0.081320451,0.148953301,0.133655395,0.198067633,0.168276973,0.077294686,0.046698873
530723122,0.053651267,0,0.107302534,0.077496274,0.204172876,0.378539493,0.031296572,0.031296572
530723123,0,0,0.031722054,0.03021148,0.273413897,0.335347432,0.095166163,0.028700906
530723131,0.078763709,0.02891326,0.132602193,0.260219342,0.167497507,0.138584247,0.21335992,0.00997009
530723132,0.104387292,0.031770045,0.198184569,0.049924357,0.154311649,0.278366112,0.118003026,0.018154312
530724051,0.23699422,0.046242775,0.226589595,0.055491329,0.107514451,0.261271676,0.050867052,0.011560694
530724052,0.131782946,0.039621016,0.147286822,0.099052541,0.108527132,0.323858742,0.093023256,0.029285099
530724061,0.220871327,0.036474164,0.095238095,0.142857143,0.090172239,0.303951368,0.031408308,0.011144883
530724062,0.125628141,0.067839196,0.081658291,0.124371859,0.173366834,0.280150754,0.167085427,0.013819095
530724063,0.144760213,0.019538188,0.120781528,0.06749556,0.152753108,0.317939609,0.127886323,0.005328597
530724071,0.064889919,0.017381228,0.074159907,0.015063731,0.342989571,0.417149479,0.034762457,0
530724072,0.241167435,0.075268817,0.110599078,0.201228879,0.129032258,0.181259601,0.070660522,0
530724073,0.207746479,0.061619718,0.052816901,0.13028169,0.128521127,0.188380282,0.179577465,0.021126761
530724081,0.119708029,0.033576642,0.119708029,0.145985401,0.255474453,0.205839416,0.115328467,0.018978102
530724082,0.12004662,0.05011655,0.252913753,0.071095571,0.072261072,0.205128205,0.313519814,0.036130536
530724083,0.273764259,0.058935361,0.076045627,0.16730038,0.129277567,0.243346008,0,0
530724084,0.267123288,0.077054795,0.155821918,0.128424658,0.095890411,0.128424658,0.023972603,0.023972603
530724091,0.195355191,0.088797814,0.112021858,0.058743169,0.193989071,0.191256831,0.071038251,0
530724092,0.271825397,0.031746032,0.150793651,0.023809524,0.101190476,0.329365079,0.093253968,0.009920635
530724101,0.123303167,0.083710407,0.149321267,0.071266968,0.107466063,0.298642534,0.035067873,0.010180995
530724102,0.245376079,0.049321825,0.09001233,0.080147965,0.106041924,0.258939581,0.104808878,0.040690506
530725031,0.174406605,0.08255934,0.121775026,0.034055728,0.055727554,0.292053664,0.239422085,0.012383901
530725032,0.217996289,0.083487941,0.106679035,0.112244898,0.126159555,0.208719852,0.112244898,0.028756957
530725041,0.293489861,0.037353255,0.185699039,0.088580576,0.08751334,0.189967983,0.037353255,0.007470651
530725042,0.18815331,0.06387921,0.192799071,0.032520325,0.113821138,0.217189315,0.042973287,0.010452962
530725051,0.18079096,0,0.060263653,0.056497175,0.224105461,0.237288136,0.314500942,0.065913371
530725052,0.18196995,0,0.10851419,0.100166945,0.220367279,0.165275459,0.140233723,0.09015025
530725053,0.270219436,0.01630094,0.085266458,0.203761755,0.146708464,0.188087774,0.067711599,0.052664577
530725054,0.086792453,0.024528302,0.024528302,0.096226415,0.18490566,0.447169811,0.150943396,0.064150943
530725061,0.139583333,0.060416667,0.091666667,0.077083333,0.2375,0.229166667,0.11875,0.052083333
530725062,0.278070175,0.05,0.085087719,0.128947368,0.069298246,0.227192982,0.118421053,0.013157895
530725071,0.356902357,0.057239057,0.107744108,0.087542088,0.158249158,0.084175084,0.043771044,0.043771044
530725072,0.237704918,0.045081967,0.092896175,0.047814208,0.234972678,0.219945355,0.080601093,0.025956284
530726011,0.191225166,0.028145695,0.042218543,0.068708609,0.206953642,0.210264901,0.253311258,0.074503311
530726012,0.213058419,0.113402062,0.195876289,0,0.075601375,0.16838488,0.12371134,0.054982818
530726013,0.175603217,0.013404826,0.049597855,0.109919571,0.170241287,0.335120643,0.233243968,0
530726021,0.195,0.1025,0.03,0.02,0.2775,0.0875,0.415,0.055
530726022,0.174114022,0.043143297,0.086286595,0.033898305,0.30046225,0.138674884,0.208012327,0.087827427
530726023,0.141242938,0.039548023,0.101694915,0.122410546,0.156308851,0.169491525,0.242937853,0.050847458
530726031,0.464985994,0,0.092436975,0.075630252,0.165266106,0.028011204,0.263305322,0
530726032,0.167123288,0.030136986,0,0.093150685,0.41369863,0.169863014,0.101369863,0.101369863
530726033,0.110687023,0.030534351,0.190839695,0.198473282,0.148854962,0.248091603,0,0
530726034,0.128571429,0.039285714,0.042857143,0.048214286,0.273214286,0.3,0.164285714,0
530726035,0,0,0,0,0,0.590909091,0,0
530728001,0.125070423,0.073239437,0.127323944,0.181408451,0.145352113,0.175211268,0.087887324,0.005633803
530728002,0.146529563,0.071122536,0.118251928,0.19108826,0.22622108,0.189374464,0.021422451,0.009425878
530729011,0.098106713,0.020654045,0.080895009,0.099827883,0.160068847,0.283993115,0.197934596,0.160068847
530729031,0.082872928,0,0.069060773,0.024861878,0.104972376,0.419889503,0.328729282,0.080110497
530729051,0.121807466,0,0.092337917,0.049115914,0.361493124,0.184675835,0.206286837,0.174852652
530729052,0.150684932,0.047945205,0.061643836,0,0.294520548,0.198630137,0,0
530729053,0.052023121,0.138728324,0,0,0.196531792,0.260115607,0.572254335,0.132947977
530729061,0,0,0.121212121,0,0.757575758,0,0.121212121,0.121212121
530729062,0,0,0,0,0.137931034,0,0.448275862,0.448275862
530729071,0,0,0.112244898,0,0.295918367,0.105442177,0.493197279,0.30952381
530729072,0.041939712,0.02621232,0.085190039,0.103538663,0.086500655,0.43774574,0.226736566,0.211009174
530729073,#DIV/0!,#DIV/0!,#DIV/0!,#DIV/0!,#DIV/0!,#DIV/0!,#DIV/0!,#DIV/0!
530730011,0.045070423,0,0.036619718,0.053521127,0.197183099,0.233802817,0.073239437,0.073239437
530730012,0.086206897,0.028735632,0.063218391,0.103448276,0.231800766,0.105363985,0.352490421,0.0651341
530730013,0.09700428,0.02853067,0.171184023,0.095577746,0.188302425,0.112696148,0.089871612,0.089871612
530730014,0.246305419,0,0.175697865,0.022988506,0.188834154,0.174055829,0.357963875,0.026272578
530730015,0.185185185,0.058201058,0.076719577,0.058201058,0.214285714,0.206349206,0.113756614,0.071428571
530730051,0.092457421,0,0.131386861,0.065693431,0.058394161,0.262773723,0.289537713,0.065693431
530730052,0.067768595,0.021487603,0.079338843,0.021487603,0.211570248,0.272727273,0.532231405,0.072727273
530730053,0.170568562,0,0.080267559,0.063545151,0,0.163879599,0.454849498,0
530730054,0.184180791,0.099435028,0.125423729,0.048587571,0.168361582,0.164971751,0.097175141,0.063276836
530730061,0.09478673,0.040758294,0.036966825,0.014218009,0.184834123,0.267298578,0.29478673,0.069194313
530730062,0.168161435,0.078475336,0.085201794,0,0.143497758,0.331838565,0.116591928,0.076233184
530731081,0.071672355,0,0.07963595,0.013651877,0.333333333,0.213879408,0.36632537,0.029579067
530731082,0.166762839,0.033467975,0.091748413,0.053087132,0.115983843,0.290248125,0.128101558,0.035776111
530731083,0.088717454,0,0.041465767,0.054966249,0.119575699,0.462873674,0.130183221,0.037608486
530731101,0.116780045,0.080498866,0.105442177,0.088435374,0.157596372,0.250566893,0.154195011,0.06122449
530731102,0.152507677,0.052200614,0.117707267,0.072671443,0.117707267,0.141248721,0.272262027,0.07778915
530731111,0.124306326,0.062153163,0.098779134,0.009988901,0.236403996,0.280799112,0.158712542,0.052164262
530731112,0.215542522,0,0.057184751,0.120234604,0.211143695,0.175953079,0.099706745,0.026392962
530731113,0.037735849,0.068396226,0.113207547,0.033018868,0.169811321,0.29009434,0.188679245,0.094339623
530731131,0.18705036,0.061664954,0.032887975,0.012332991,0.169578623,0.151079137,0.295991778,0.098663926
530731132,0.298327138,0.064126394,0.043680297,0.084572491,0.18866171,0.163568773,0.044609665,0.013011152
530731133,0.129798903,0.0511883,0.117001828,0.073126143,0.191956124,0.193784278,0.20749543,0.119744059
530731141,0.211111111,0.026851852,0.073148148,0.025925926,0.201851852,0.24537037,0.168518519,0.055555556
530731142,0.062706271,0,0.021452145,0.04620462,0.247524752,0.313531353,0.179867987,0.031353135
530731143,0.165137615,0.087155963,0.094036697,0.038990826,0.190366972,0.144495413,0.03440367,0.03440367
530731151,0.136886102,0.010449321,0.071055381,0.076280042,0.152560084,0.290491118,0.16091954,0.052246604
530731152,0.079069767,0.020155039,0.051162791,0,0.11627907,0.258914729,0.536434109,0.021705426
530731153,0.143459916,0,0.151898734,0,0.097046414,0.253164557,0.481012658,0.151898734
530731161,0.144396552,0.058189655,0.081896552,0.049568966,0.155172414,0.182112069,0.176724138,0.090517241
530731162,0.172839506,0,0.118165785,0.017636684,0.107583774,0.218694885,0.320987654,0.172839506
530731171,0.061831153,0.077288942,0.071343639,0.051129608,0.189060642,0.209274673,0.209274673,0.026159334
530731172,0.072039072,0.008547009,0.087912088,0.074481074,0.141636142,0.249084249,0.373626374,0.073260073
530731181,0.0943194,0.008574491,0.095391211,0.051446945,0.163987138,0.301178992,0.160771704,0.021436227
530731182,0.16576087,0.048913043,0.13134058,0.012681159,0.124094203,0.20923913,0.280797101,0.038043478
530731191,0.137931034,0.020689655,0.066666667,0.022988506,0.140229885,0.126436782,0.147126437,0.091954023
530731192,0.155879672,0.022789426,0.085688241,0.020054695,0.129443938,0.308113036,0.166818596,0.059252507
530731201,0.036381514,0.080629302,0.120943953,0.041297935,0.221238938,0.299901672,0.048180924,0.014749263
530731202,0.097051597,0.045454545,0.101965602,0.085995086,0.34029484,0.136363636,0.208845209,0.046683047
530731211,0.185185185,0.069584736,0.065095398,0.07295174,0.101010101,0.264870932,0.167227834,0.052749719
530731212,0.118430792,0.048112509,0.155440415,0.087342709,0.110288675,0.221317543,0.170244264,0.079940785
530731221,0.117948718,0.051282051,0.05982906,0.082051282,0.073504274,0.311111111,0.071794872,0.071794872
530731222,0.207128447,0.056489576,0.046402152,0.060524546,0.178883658,0.181573638,0.299932751,0.088769334
530731231,0.208731241,0.092769441,0.111186903,0.079809004,0.167121419,0.236698499,0.042974079,0.01159618
530731232,0.244532803,0.051689861,0.067594433,0,0.159045726,0.282306163,0.188866799,0.049701789
530731241,0.103305785,0,0.020661157,0.01446281,0.353305785,0.204545455,0.161157025,0
530731242,0.169708029,0,0.034671533,0.058394161,0.172445255,0.256386861,0.236313869,0.125
530731251,0.102245581,0.01242236,0.084089823,0.070234114,0.184424271,0.302436694,0.201624462,0.018155757
530731252,0.026666667,0,0.054545455,0.095757576,0.127272727,0.248484848,0.303030303,0.058181818
530731253,0.215003349,0.02545211,0.042866711,0.040857334,0.127260549,0.269926323,0.141995981,0.072337575
530731261,0.226586103,0.020543807,0.050151057,0.070694864,0.301510574,0.23141994,0.050151057,0.038066465
530732001,0.078039927,0.032667877,0.094373866,0.00907441,0.103448276,0.274047187,0.319419238,0.061705989
530732002,0.106060606,0,0.064393939,0.261363636,0.09469697,0.223484848,0.159090909,0.159090909
530732003,0.041158537,0.054878049,0.118902439,0.089939024,0.157012195,0.18597561,0.387195122,0
530732004,0.064615385,0.007179487,0.070769231,0.026666667,0.255384615,0.154871795,0.484102564,0.110769231
530733011,0.133333333,0.06440678,0.039548023,0.023163842,0.276271186,0.20960452,0.076836158,0.054237288
530733012,0.096296296,0.049382716,0.032098765,0.064197531,0.439506173,0.074074074,0.108641975,0.108641975
530733013,0.409090909,0,0.118181818,0.109090909,0.209090909,0,0.072727273,0
530733014,0.01843318,0,0.050691244,0.036866359,0.225806452,0.1359447,0.368663594,0.023041475
530733021,0.150506512,0.024602026,0.07959479,0.040520984,0.138929088,0.191027496,0.15195369,0.073806078
530733022,0.189627229,0.04376013,0.141004862,0.025931929,0.10534846,0.23987034,0.108589951,0.056726094
530733023,0.227272727,0.02892562,0.138429752,0.070247934,0.039256198,0.289256198,0.07231405,0.07231405
530734041,0.084592145,0,0.058912387,0.052870091,0.367069486,0.167673716,0.250755287,0.021148036
530734042,0,0,0.14893617,0.042553191,0.175531915,0.154255319,0.593085106,0.167553191
530734043,0.120649652,0.092807425,0.067285383,0.069605568,0.215777262,0.201856148,0.199535963,0
530734044,0.209964413,0.053380783,0.172597865,0.101423488,0.122775801,0.163701068,0.071174377,0
530734045,0.048668503,0.03030303,0.16620753,0.077134986,0.191000918,0.205693297,0.17630854,0.038567493
530734051,0.091666667,0.00625,0.072916667,0.026041667,0.198958333,0.14375,0.439583333,0.0375
530734052,0.075949367,0.022151899,0.088607595,0.036392405,0.096518987,0.392405063,0.183544304,0.012658228
530734061,0.208439898,0.015345269,0.193094629,0.085677749,0.203324808,0.18286445,0.132992327,0.023017903
530734062,0.115979381,0.027061856,0.095360825,0.047680412,0.24871134,0.231958763,0.139175258,0.103092784
530734063,0.022403259,0.046843177,0.060081466,0.023421589,0.229124236,0.398167006,0.073319756,0
530734071,0.025104603,0.075313808,0.073919107,0.043235704,0.241283124,0.29567643,0.025104603,0.025104603
530734072,0.036199095,0,0.076923077,0.070135747,0.319004525,0.21040724,0.099547511,0
530734073,0.234748011,0.026525199,0.128647215,0.061007958,0.125994695,0.210875332,0.293103448,0.041114058
530734081,0.132821076,0.026344676,0.053787047,0.039517014,0.144895719,0.323819978,0.305159166,0.039517014
530734082,0.347921225,0.140043764,0.13785558,0.043763676,0.100656455,0.13785558,0.065645514,0
530734083,0.110311751,0.069544365,0.148681055,0.064748201,0.064748201,0.20383693,0.172661871,0.014388489
530735001,0.081023454,0.162046908,0.206823028,0.066098081,0.051172708,0.221748401,0.260127932,0
530735002,0.112408759,0.042335766,0.159124088,0.067153285,0.135766423,0.289051095,0.17810219,0.037956204
530735003,0.368312757,0.043209877,0.032921811,0.022633745,0.209876543,0.086419753,0.154320988,0.051440329
530735004,0.158878505,0.138317757,0.162616822,0.11588785,0.041121495,0.173831776,0.072897196,0.035514019
530735005,0.043478261,0.035573123,0.039525692,0.083003953,0.049407115,0.122529644,0.162055336,0.055335968
530735006,0.26,0.021666667,0.043333333,0.023333333,0.138333333,0.381666667,0.1,0
539400011,0.268365817,0.03898051,0.115442279,0.100449775,0.088455772,0.299850075,0.064467766,0.028485757
539400012,0.170731707,0.055555556,0.119241192,0.082655827,0.069105691,0.296747967,0.123306233,0.050135501
539400021,0.197885196,0.055891239,0.02265861,0.048338369,0.134441088,0.276435045,0.149546828,0.061933535
539400022,0.078431373,0.016339869,0.009803922,0.016339869,0.29248366,0.299019608,0.10130719,0.049019608
539400023,0.183333333,0.075,0.08125,0.05625,0.15625,0.210416667,0.160416667,0.027083333
539400031,0.159337521,0.071387778,0.101085094,0.087949743,0.167904055,0.246716162,0.092518561,0.034266134
539400032,0.10193133,0.034334764,0.041845494,0.039699571,0.230686695,0.293991416,0.216738197,0.036480687
539400033,0.085883514,0.029615005,0.032576505,0,0.175715696,0.332675222,0.160908193,0.054294176
539400041,0.017711172,0.038147139,0.123978202,0.029972752,0.258855586,0.282016349,0.258855586,0.005449591
539400042,0.20952381,0,0.041269841,0,0.158730159,0.107936508,0.333333333,0.079365079
539400043,0.091715976,0.00887574,0.053254438,0.035502959,0.165680473,0.24260355,0.192307692,0.103550296
539400044,0.166226913,0.023746702,0.065963061,0.026385224,0.205804749,0.266490765,0.245382586,0.013192612
539400045,0.134163209,0.05670816,0.100968188,0.034578147,0.145228216,0.255878285,0.186721992,0.042876902
539400046,0.172262774,0.035036496,0.070072993,0.037956204,0.128467153,0.318248175,0.143065693,0.023357664
539400051,0.12371134,0.036818851,0.106038292,0.020618557,0.12371134,0.326951399,0.135493373,0.038291605
539400052,0.135444151,0.091468777,0.065083553,0.050131926,0.176781003,0.237467018,0.209322779,0.019349164
539400053,0.15849387,0.03765324,0.059544658,0.045534151,0.212784588,0.260070053,0.157618214,0.043782837
539400061,0.102040816,0.036734694,0.030612245,0.020408163,0.279591837,0.220408163,0.232653061,0
539400062,0.046413502,0.012658228,0.046413502,0.071729958,0.362869198,0.23628692,0.025316456,0
539400071,0.078651685,0.052434457,0.04494382,0.018726592,0.34082397,0.303370787,0.205992509,0.018726592
539400072,0.070454545,0.097727273,0.047727273,0.011363636,0.261363636,0.063636364,0.231818182,0.072727273
539400073,0.042769857,0.024439919,0.010183299,0.010183299,0.413441955,0.16496945,0.366598778,0.069246436
539400081,0.16744186,0.045847176,0.079069767,0.056478405,0.142192691,0.350166113,0.099667774,0.027906977
539400082,0.155681818,0.039772727,0.1,0.061363636,0.178409091,0.257954545,0.118181818,0.018181818
539400083,0.309838473,0.121879589,0.15712188,0.030837004,0.099853157,0.165932452,0.033773862,0.007342144
539400091,0.12460733,0.015706806,0.112041885,0.028272251,0.14973822,0.238743455,0.229319372,0.047120419
539400092,0.101545254,0.114790287,0.097130243,0.026490066,0.143487859,0.225165563,0.125827815,0.037527594
539400101,0.111788618,0.012195122,0.088414634,0.024390244,0.183943089,0.319105691,0.104674797,0.047764228
539400102,0.089552239,0,0.021558872,0.03814262,0.08291874,0.271973466,0.265339967,0
539400103,0.144680851,0.012765957,0.119148936,0.136170213,0.046808511,0.195744681,0.382978723,0.059574468
539400111,0.219951923,0.057692308,0.106971154,0.052884615,0.131009615,0.210336538,0.056490385,0.049278846
539400112,0.214208827,0.077502691,0.132400431,0.164693219,0.095801938,0.243272336,0.01722282,0
539400113,0.200811359,0.085192698,0.14198783,0.062880325,0.073022312,0.212981744,0.15010142,0.068965517
