"B19025_001E","B19025_001M","GEO_ID","NAME"
"Estimate!!Aggregate household income in the past 12 months (in 2015 Inflation-adjusted dollars)","Margin of Error!!Aggregate household income in the past 12 months (in 2015 Inflation-adjusted dollars)","id","Geographic Area Name"
"41067700","6823096","1500000US530530602001","Block Group 1, Census Tract 602, Pierce County, Washington"
"65357500","13897362","1500000US530530603001","Block Group 1, Census Tract 603, Pierce County, Washington"
"38171600","9339445","1500000US530530603002","Block Group 2, Census Tract 603, Pierce County, Washington"
"60482600","8871612","1500000US530530603003","Block Group 3, Census Tract 603, Pierce County, Washington"
"40984300","13955117","1500000US530530604001","Block Group 1, Census Tract 604, Pierce County, Washington"
"35622700","11453249","1500000US530530604002","Block Group 2, Census Tract 604, Pierce County, Washington"
"26887900","5383001","1500000US530530604003","Block Group 3, Census Tract 604, Pierce County, Washington"
"33813000","8159629","1500000US530530604004","Block Group 4, Census Tract 604, Pierce County, Washington"
"35049700","10260791","1500000US530530604005","Block Group 5, Census Tract 604, Pierce County, Washington"
"58641900","17019249","1500000US530530605001","Block Group 1, Census Tract 605, Pierce County, Washington"
"54156800","19693695","1500000US530530605002","Block Group 2, Census Tract 605, Pierce County, Washington"
"24012500","6167249","1500000US530530605003","Block Group 3, Census Tract 605, Pierce County, Washington"
"21327200","6385284","1500000US530530605004","Block Group 4, Census Tract 605, Pierce County, Washington"
"82401100","48164224","1500000US530530605005","Block Group 5, Census Tract 605, Pierce County, Washington"
"71959500","24133038","1500000US530530606001","Block Group 1, Census Tract 606, Pierce County, Washington"
"60222600","18265984","1500000US530530606002","Block Group 2, Census Tract 606, Pierce County, Washington"
"30874500","15001129","1500000US530530606003","Block Group 3, Census Tract 606, Pierce County, Washington"
"37465000","13571099","1500000US530530606004","Block Group 4, Census Tract 606, Pierce County, Washington"
"27323500","9239333","1500000US530530606005","Block Group 5, Census Tract 606, Pierce County, Washington"
"11898800","4372080","1500000US530530606006","Block Group 6, Census Tract 606, Pierce County, Washington"
"39992400","14196250","1500000US530530607001","Block Group 1, Census Tract 607, Pierce County, Washington"
"28819800","9332766","1500000US530530607002","Block Group 2, Census Tract 607, Pierce County, Washington"
"37613300","13981006","1500000US530530607003","Block Group 3, Census Tract 607, Pierce County, Washington"
"28414800","8917593","1500000US530530607004","Block Group 4, Census Tract 607, Pierce County, Washington"
"13690800","9077595","1500000US530530607005","Block Group 5, Census Tract 607, Pierce County, Washington"
"15588000","7480495","1500000US530530607006","Block Group 6, Census Tract 607, Pierce County, Washington"
"30662100","10461321","1500000US530530608001","Block Group 1, Census Tract 608, Pierce County, Washington"
"28140800","9761241","1500000US530530608002","Block Group 2, Census Tract 608, Pierce County, Washington"
"27369200","9350922","1500000US530530608003","Block Group 3, Census Tract 608, Pierce County, Washington"
"14272600","4516953","1500000US530530608004","Block Group 4, Census Tract 608, Pierce County, Washington"
"27751700","8334186","1500000US530530608005","Block Group 5, Census Tract 608, Pierce County, Washington"
"29004200","10843066","1500000US530530608006","Block Group 6, Census Tract 608, Pierce County, Washington"
"22229100","6401038","1500000US530530608007","Block Group 7, Census Tract 608, Pierce County, Washington"
"24063400","5224176","1500000US530530609031","Block Group 1, Census Tract 609.03, Pierce County, Washington"
"28579600","6426230","1500000US530530609032","Block Group 2, Census Tract 609.03, Pierce County, Washington"
"64845800","13370865","1500000US530530609033","Block Group 3, Census Tract 609.03, Pierce County, Washington"
"20078000","10185606","1500000US530530609041","Block Group 1, Census Tract 609.04, Pierce County, Washington"
"57191000","22935524","1500000US530530609042","Block Group 2, Census Tract 609.04, Pierce County, Washington"
"25159700","16079251","1500000US530530609043","Block Group 3, Census Tract 609.04, Pierce County, Washington"
"31525900","7614740","1500000US530530609044","Block Group 4, Census Tract 609.04, Pierce County, Washington"
"51686800","14741852","1500000US530530609051","Block Group 1, Census Tract 609.05, Pierce County, Washington"
"26259700","10460135","1500000US530530609052","Block Group 2, Census Tract 609.05, Pierce County, Washington"
"27568800","7730189","1500000US530530609053","Block Group 3, Census Tract 609.05, Pierce County, Washington"
"47149600","11569253","1500000US530530609054","Block Group 4, Census Tract 609.05, Pierce County, Washington"
"58143400","17301413","1500000US530530609055","Block Group 5, Census Tract 609.05, Pierce County, Washington"
"48726300","8620139","1500000US530530609061","Block Group 1, Census Tract 609.06, Pierce County, Washington"
"23661100","7508815","1500000US530530609062","Block Group 2, Census Tract 609.06, Pierce County, Washington"
"26980800","5363020","1500000US530530610011","Block Group 1, Census Tract 610.01, Pierce County, Washington"
"48118700","17739435","1500000US530530610012","Block Group 2, Census Tract 610.01, Pierce County, Washington"
"94526100","17625848","1500000US530530610013","Block Group 3, Census Tract 610.01, Pierce County, Washington"
"28805400","8062599","1500000US530530610021","Block Group 1, Census Tract 610.02, Pierce County, Washington"
"33127000","8303477","1500000US530530610022","Block Group 2, Census Tract 610.02, Pierce County, Washington"
"29433900","7177488","1500000US530530610023","Block Group 3, Census Tract 610.02, Pierce County, Washington"
"15271100","6750598","1500000US530530610024","Block Group 4, Census Tract 610.02, Pierce County, Washington"
"30506200","11837434","1500000US530530611001","Block Group 1, Census Tract 611, Pierce County, Washington"
"13341600","5102457","1500000US530530611002","Block Group 2, Census Tract 611, Pierce County, Washington"
"12365500","5168591","1500000US530530611003","Block Group 3, Census Tract 611, Pierce County, Washington"
"16486200","5631284","1500000US530530611004","Block Group 4, Census Tract 611, Pierce County, Washington"
"31023000","10787212","1500000US530530611005","Block Group 5, Census Tract 611, Pierce County, Washington"
"40701800","12382032","1500000US530530611006","Block Group 6, Census Tract 611, Pierce County, Washington"
"27006700","8647781","1500000US530530611007","Block Group 7, Census Tract 611, Pierce County, Washington"
"23951200","6895389","1500000US530530612001","Block Group 1, Census Tract 612, Pierce County, Washington"
"19768400","6598227","1500000US530530612002","Block Group 2, Census Tract 612, Pierce County, Washington"
"20206400","7330857","1500000US530530612003","Block Group 3, Census Tract 612, Pierce County, Washington"
"18096900","6877891","1500000US530530612004","Block Group 4, Census Tract 612, Pierce County, Washington"
"17438400","5106384","1500000US530530612005","Block Group 5, Census Tract 612, Pierce County, Washington"
"35133200","11276892","1500000US530530612006","Block Group 6, Census Tract 612, Pierce County, Washington"
"11826700","3858342","1500000US530530613001","Block Group 1, Census Tract 613, Pierce County, Washington"
"17334800","4657700","1500000US530530613002","Block Group 2, Census Tract 613, Pierce County, Washington"
"17180300","6637711","1500000US530530613003","Block Group 3, Census Tract 613, Pierce County, Washington"
"14524600","4753811","1500000US530530613004","Block Group 4, Census Tract 613, Pierce County, Washington"
"12183600","4417113","1500000US530530613005","Block Group 5, Census Tract 613, Pierce County, Washington"
"16003300","4812941","1500000US530530613006","Block Group 6, Census Tract 613, Pierce County, Washington"
"11958600","3577016","1500000US530530614001","Block Group 1, Census Tract 614, Pierce County, Washington"
"8466500","3552472","1500000US530530614002","Block Group 2, Census Tract 614, Pierce County, Washington"
"12534200","3020547","1500000US530530614003","Block Group 3, Census Tract 614, Pierce County, Washington"
"58937000","11427433","1500000US530530615001","Block Group 1, Census Tract 615, Pierce County, Washington"
"49873200","15723128","1500000US530530615002","Block Group 2, Census Tract 615, Pierce County, Washington"
"19992900","5548561","1500000US530530615003","Block Group 3, Census Tract 615, Pierce County, Washington"
"23461400","8220893","1500000US530530615004","Block Group 4, Census Tract 615, Pierce County, Washington"
"51687300","8430543","1500000US530530616011","Block Group 1, Census Tract 616.01, Pierce County, Washington"
"24672300","3682429","1500000US530530616021","Block Group 1, Census Tract 616.02, Pierce County, Washington"
"29591100","7942559","1500000US530530617001","Block Group 1, Census Tract 617, Pierce County, Washington"
"20307200","7469834","1500000US530530617002","Block Group 2, Census Tract 617, Pierce County, Washington"
"16531400","5680025","1500000US530530617003","Block Group 3, Census Tract 617, Pierce County, Washington"
"13520200","5431904","1500000US530530617004","Block Group 4, Census Tract 617, Pierce County, Washington"
"22309800","6138769","1500000US530530617005","Block Group 5, Census Tract 617, Pierce County, Washington"
"19230900","9935538","1500000US530530618001","Block Group 1, Census Tract 618, Pierce County, Washington"
"19407100","5594834","1500000US530530618002","Block Group 2, Census Tract 618, Pierce County, Washington"
"12609100","6044150","1500000US530530618003","Block Group 3, Census Tract 618, Pierce County, Washington"
"17186700","4858358","1500000US530530619001","Block Group 1, Census Tract 619, Pierce County, Washington"
"22397200","11284491","1500000US530530619002","Block Group 2, Census Tract 619, Pierce County, Washington"
"18681100","5412606","1500000US530530620001","Block Group 1, Census Tract 620, Pierce County, Washington"
"16204200","4142659","1500000US530530620002","Block Group 2, Census Tract 620, Pierce County, Washington"
"16985200","3735846","1500000US530530620003","Block Group 3, Census Tract 620, Pierce County, Washington"
"25326300","4961439","1500000US530530620004","Block Group 4, Census Tract 620, Pierce County, Washington"
"27184800","10562874","1500000US530530623001","Block Group 1, Census Tract 623, Pierce County, Washington"
"15961400","5001229","1500000US530530623002","Block Group 2, Census Tract 623, Pierce County, Washington"
"26911600","6006431","1500000US530530623003","Block Group 3, Census Tract 623, Pierce County, Washington"
"13831200","4715124","1500000US530530623004","Block Group 4, Census Tract 623, Pierce County, Washington"
"30753300","9395806","1500000US530530624001","Block Group 1, Census Tract 624, Pierce County, Washington"
"20357900","8186814","1500000US530530624002","Block Group 2, Census Tract 624, Pierce County, Washington"
"31467700","10683076","1500000US530530624003","Block Group 3, Census Tract 624, Pierce County, Washington"
"22628100","9479622","1500000US530530624004","Block Group 4, Census Tract 624, Pierce County, Washington"
"14472700","5175655","1500000US530530624005","Block Group 5, Census Tract 624, Pierce County, Washington"
"23494800","8116351","1500000US530530625001","Block Group 1, Census Tract 625, Pierce County, Washington"
"22506500","7944043","1500000US530530625002","Block Group 2, Census Tract 625, Pierce County, Washington"
"9769000","4987321","1500000US530530625003","Block Group 3, Census Tract 625, Pierce County, Washington"
"16400000","6421998","1500000US530530625004","Block Group 4, Census Tract 625, Pierce County, Washington"
"39469600","14781998","1500000US530530625005","Block Group 5, Census Tract 625, Pierce County, Washington"
"20542100","9046144","1500000US530530625006","Block Group 6, Census Tract 625, Pierce County, Washington"
"21556300","10669229","1500000US530530625007","Block Group 7, Census Tract 625, Pierce County, Washington"
"21918000","6269403","1500000US530530626001","Block Group 1, Census Tract 626, Pierce County, Washington"
"43746100","8542091","1500000US530530626002","Block Group 2, Census Tract 626, Pierce County, Washington"
"28045300","11389811","1500000US530530628011","Block Group 1, Census Tract 628.01, Pierce County, Washington"
"34406000","9597807","1500000US530530628012","Block Group 2, Census Tract 628.01, Pierce County, Washington"
"35731200","10147363","1500000US530530628013","Block Group 3, Census Tract 628.01, Pierce County, Washington"
"24084500","6948924","1500000US530530628014","Block Group 4, Census Tract 628.01, Pierce County, Washington"
"45167200","8886550","1500000US530530628021","Block Group 1, Census Tract 628.02, Pierce County, Washington"
"23625700","6635822","1500000US530530628022","Block Group 2, Census Tract 628.02, Pierce County, Washington"
"24889300","7205906","1500000US530530628023","Block Group 3, Census Tract 628.02, Pierce County, Washington"
"47197100","8094129","1500000US530530629001","Block Group 1, Census Tract 629, Pierce County, Washington"
"28547600","8844363","1500000US530530629002","Block Group 2, Census Tract 629, Pierce County, Washington"
"17469200","5898950","1500000US530530629003","Block Group 3, Census Tract 629, Pierce County, Washington"
"24616000","8699529","1500000US530530629004","Block Group 4, Census Tract 629, Pierce County, Washington"
"13241700","5070848","1500000US530530629005","Block Group 5, Census Tract 629, Pierce County, Washington"
"19045000","8424603","1500000US530530629006","Block Group 6, Census Tract 629, Pierce County, Washington"
"27597300","9000813","1500000US530530630001","Block Group 1, Census Tract 630, Pierce County, Washington"
"41847400","10337210","1500000US530530630002","Block Group 2, Census Tract 630, Pierce County, Washington"
"22271500","6722513","1500000US530530631001","Block Group 1, Census Tract 631, Pierce County, Washington"
"26950000","5419041","1500000US530530631002","Block Group 2, Census Tract 631, Pierce County, Washington"
"18130500","5384613","1500000US530530631003","Block Group 3, Census Tract 631, Pierce County, Washington"
"24214900","6422393","1500000US530530631004","Block Group 4, Census Tract 631, Pierce County, Washington"
"24449500","5025760","1500000US530530632001","Block Group 1, Census Tract 632, Pierce County, Washington"
"33009000","6299334","1500000US530530632002","Block Group 2, Census Tract 632, Pierce County, Washington"
"14195400","4946480","1500000US530530632003","Block Group 3, Census Tract 632, Pierce County, Washington"
"14928600","5808738","1500000US530530632004","Block Group 4, Census Tract 632, Pierce County, Washington"
"18466400","5999620","1500000US530530632005","Block Group 5, Census Tract 632, Pierce County, Washington"
"22456700","7834394","1500000US530530633001","Block Group 1, Census Tract 633, Pierce County, Washington"
"46263100","10971601","1500000US530530633002","Block Group 2, Census Tract 633, Pierce County, Washington"
"25636100","8003130","1500000US530530633003","Block Group 3, Census Tract 633, Pierce County, Washington"
"18574100","7923213","1500000US530530633004","Block Group 4, Census Tract 633, Pierce County, Washington"
"24001700","8514133","1500000US530530633005","Block Group 5, Census Tract 633, Pierce County, Washington"
"19097200","7590220","1500000US530530634001","Block Group 1, Census Tract 634, Pierce County, Washington"
"42691900","11483812","1500000US530530634002","Block Group 2, Census Tract 634, Pierce County, Washington"
"17562100","10041312","1500000US530530634003","Block Group 3, Census Tract 634, Pierce County, Washington"
"18659600","10758727","1500000US530530634004","Block Group 4, Census Tract 634, Pierce County, Washington"
"26476100","11431657","1500000US530530634005","Block Group 5, Census Tract 634, Pierce County, Washington"
"27151500","11142146","1500000US530530634006","Block Group 6, Census Tract 634, Pierce County, Washington"
"17428700","6306012","1500000US530530635011","Block Group 1, Census Tract 635.01, Pierce County, Washington"
"21006400","5606964","1500000US530530635012","Block Group 2, Census Tract 635.01, Pierce County, Washington"
"27922300","6920161","1500000US530530635013","Block Group 3, Census Tract 635.01, Pierce County, Washington"
"22668400","5956277","1500000US530530635014","Block Group 4, Census Tract 635.01, Pierce County, Washington"
"20352900","7000035","1500000US530530635021","Block Group 1, Census Tract 635.02, Pierce County, Washington"
"58833100","18874390","1500000US530530635022","Block Group 2, Census Tract 635.02, Pierce County, Washington"
"31725200","7976827","1500000US530530635023","Block Group 3, Census Tract 635.02, Pierce County, Washington"
"18682900","7631285","1500000US530530701001","Block Group 1, Census Tract 701, Pierce County, Washington"
"-","**","1500000US530530701002","Block Group 2, Census Tract 701, Pierce County, Washington"
"41710500","10101011","1500000US530530701003","Block Group 3, Census Tract 701, Pierce County, Washington"
"38400800","9975754","1500000US530530701004","Block Group 4, Census Tract 701, Pierce County, Washington"
"90992200","16201252","1500000US530530702031","Block Group 1, Census Tract 702.03, Pierce County, Washington"
"68303800","8059614","1500000US530530702032","Block Group 2, Census Tract 702.03, Pierce County, Washington"
"15314900","5610524","1500000US530530702033","Block Group 3, Census Tract 702.03, Pierce County, Washington"
"27415500","6104181","1500000US530530702041","Block Group 1, Census Tract 702.04, Pierce County, Washington"
"61809200","12985174","1500000US530530702042","Block Group 2, Census Tract 702.04, Pierce County, Washington"
"59674100","8663170","1500000US530530702051","Block Group 1, Census Tract 702.05, Pierce County, Washington"
"30184000","9655807","1500000US530530702052","Block Group 2, Census Tract 702.05, Pierce County, Washington"
"46809400","8471012","1500000US530530702061","Block Group 1, Census Tract 702.06, Pierce County, Washington"
"43282800","9043088","1500000US530530702062","Block Group 2, Census Tract 702.06, Pierce County, Washington"
"31067400","8148047","1500000US530530702063","Block Group 3, Census Tract 702.06, Pierce County, Washington"
"28659500","7491981","1500000US530530702071","Block Group 1, Census Tract 702.07, Pierce County, Washington"
"37969200","8690596","1500000US530530702072","Block Group 2, Census Tract 702.07, Pierce County, Washington"
"20334100","6293994","1500000US530530702073","Block Group 3, Census Tract 702.07, Pierce County, Washington"
"36706900","10532330","1500000US530530702074","Block Group 4, Census Tract 702.07, Pierce County, Washington"
"29342300","6307615","1500000US530530703071","Block Group 1, Census Tract 703.07, Pierce County, Washington"
"130496200","48038369","1500000US530530703072","Block Group 2, Census Tract 703.07, Pierce County, Washington"
"111632100","21566120","1500000US530530703073","Block Group 3, Census Tract 703.07, Pierce County, Washington"
"52692900","8319847","1500000US530530703081","Block Group 1, Census Tract 703.08, Pierce County, Washington"
"49134800","8699993","1500000US530530703082","Block Group 2, Census Tract 703.08, Pierce County, Washington"
"42263300","12277754","1500000US530530703091","Block Group 1, Census Tract 703.09, Pierce County, Washington"
"63625200","14445243","1500000US530530703092","Block Group 2, Census Tract 703.09, Pierce County, Washington"
"53860700","11860782","1500000US530530703093","Block Group 3, Census Tract 703.09, Pierce County, Washington"
"53599900","9350826","1500000US530530703101","Block Group 1, Census Tract 703.10, Pierce County, Washington"
"19354300","6946599","1500000US530530703102","Block Group 2, Census Tract 703.10, Pierce County, Washington"
"58075800","10557636","1500000US530530703103","Block Group 3, Census Tract 703.10, Pierce County, Washington"
"13338500","4765714","1500000US530530703104","Block Group 4, Census Tract 703.10, Pierce County, Washington"
"41508300","6820561","1500000US530530703111","Block Group 1, Census Tract 703.11, Pierce County, Washington"
"42113600","8098852","1500000US530530703112","Block Group 2, Census Tract 703.11, Pierce County, Washington"
"47808600","7983913","1500000US530530703113","Block Group 3, Census Tract 703.11, Pierce County, Washington"
"50070500","20513376","1500000US530530703121","Block Group 1, Census Tract 703.12, Pierce County, Washington"
"101367400","16856668","1500000US530530703122","Block Group 2, Census Tract 703.12, Pierce County, Washington"
"44269700","11610051","1500000US530530703123","Block Group 3, Census Tract 703.12, Pierce County, Washington"
"56381000","10295929","1500000US530530703131","Block Group 1, Census Tract 703.13, Pierce County, Washington"
"27332300","8803263","1500000US530530703132","Block Group 2, Census Tract 703.13, Pierce County, Washington"
"57328800","18484065","1500000US530530703133","Block Group 3, Census Tract 703.13, Pierce County, Washington"
"16191500","7544251","1500000US530530703134","Block Group 4, Census Tract 703.13, Pierce County, Washington"
"53715800","14381140","1500000US530530703135","Block Group 5, Census Tract 703.13, Pierce County, Washington"
"76872400","19683627","1500000US530530703141","Block Group 1, Census Tract 703.14, Pierce County, Washington"
"47546100","11599653","1500000US530530703142","Block Group 2, Census Tract 703.14, Pierce County, Washington"
"57272400","13387300","1500000US530530703151","Block Group 1, Census Tract 703.15, Pierce County, Washington"
"62243500","16164903","1500000US530530703152","Block Group 2, Census Tract 703.15, Pierce County, Washington"
"59850600","11583491","1500000US530530703153","Block Group 3, Census Tract 703.15, Pierce County, Washington"
"19673300","8242681","1500000US530530703154","Block Group 4, Census Tract 703.15, Pierce County, Washington"
"60057300","16976478","1500000US530530703161","Block Group 1, Census Tract 703.16, Pierce County, Washington"
"153343100","18899928","1500000US530530703162","Block Group 2, Census Tract 703.16, Pierce County, Washington"
"43855900","6023204","1500000US530530704011","Block Group 1, Census Tract 704.01, Pierce County, Washington"
"23419500","5242291","1500000US530530704012","Block Group 2, Census Tract 704.01, Pierce County, Washington"
"23410600","4828637","1500000US530530704031","Block Group 1, Census Tract 704.03, Pierce County, Washington"
"15242900","6620883","1500000US530530704032","Block Group 2, Census Tract 704.03, Pierce County, Washington"
"57212500","11335843","1500000US530530704033","Block Group 3, Census Tract 704.03, Pierce County, Washington"
"61161900","10297262","1500000US530530704041","Block Group 1, Census Tract 704.04, Pierce County, Washington"
"67925900","13383254","1500000US530530704042","Block Group 2, Census Tract 704.04, Pierce County, Washington"
"24854700","7177950","1500000US530530707031","Block Group 1, Census Tract 707.03, Pierce County, Washington"
"52688600","11297560","1500000US530530707032","Block Group 2, Census Tract 707.03, Pierce County, Washington"
"68658200","33715325","1500000US530530707033","Block Group 3, Census Tract 707.03, Pierce County, Washington"
"29132900","9164929","1500000US530530707034","Block Group 4, Census Tract 707.03, Pierce County, Washington"
"24161000","6379144","1500000US530530707035","Block Group 5, Census Tract 707.03, Pierce County, Washington"
"39471300","9633900","1500000US530530711001","Block Group 1, Census Tract 711, Pierce County, Washington"
"24571500","4317910","1500000US530530711002","Block Group 2, Census Tract 711, Pierce County, Washington"
"77762100","17935389","1500000US530530712051","Block Group 1, Census Tract 712.05, Pierce County, Washington"
"92027400","10709014","1500000US530530712052","Block Group 2, Census Tract 712.05, Pierce County, Washington"
"33662200","12247835","1500000US530530712061","Block Group 1, Census Tract 712.06, Pierce County, Washington"
"34055300","15432234","1500000US530530712062","Block Group 2, Census Tract 712.06, Pierce County, Washington"
"50367200","14166576","1500000US530530712063","Block Group 3, Census Tract 712.06, Pierce County, Washington"
"97175900","18938755","1500000US530530712064","Block Group 4, Census Tract 712.06, Pierce County, Washington"
"31275000","7949629","1500000US530530712071","Block Group 1, Census Tract 712.07, Pierce County, Washington"
"71518900","13678779","1500000US530530712072","Block Group 2, Census Tract 712.07, Pierce County, Washington"
"53868400","22965949","1500000US530530712073","Block Group 3, Census Tract 712.07, Pierce County, Washington"
"52423600","12868118","1500000US530530712081","Block Group 1, Census Tract 712.08, Pierce County, Washington"
"57729700","16426055","1500000US530530712082","Block Group 2, Census Tract 712.08, Pierce County, Washington"
"95546700","16643724","1500000US530530712083","Block Group 3, Census Tract 712.08, Pierce County, Washington"
"77309900","8338191","1500000US530530712091","Block Group 1, Census Tract 712.09, Pierce County, Washington"
"21675000","5496709","1500000US530530712092","Block Group 2, Census Tract 712.09, Pierce County, Washington"
"36443800","7688493","1500000US530530712093","Block Group 3, Census Tract 712.09, Pierce County, Washington"
"12998500","3983330","1500000US530530712101","Block Group 1, Census Tract 712.10, Pierce County, Washington"
"54839800","10802038","1500000US530530712102","Block Group 2, Census Tract 712.10, Pierce County, Washington"
"118365200","15846621","1500000US530530712103","Block Group 3, Census Tract 712.10, Pierce County, Washington"
"40292300","9099765","1500000US530530713041","Block Group 1, Census Tract 713.04, Pierce County, Washington"
"102535200","20358691","1500000US530530713042","Block Group 2, Census Tract 713.04, Pierce County, Washington"
"22104700","6374532","1500000US530530713043","Block Group 3, Census Tract 713.04, Pierce County, Washington"
"43574800","8429754","1500000US530530713051","Block Group 1, Census Tract 713.05, Pierce County, Washington"
"57685000","16685014","1500000US530530713052","Block Group 2, Census Tract 713.05, Pierce County, Washington"
"32307500","13313387","1500000US530530713061","Block Group 1, Census Tract 713.06, Pierce County, Washington"
"59485700","20798017","1500000US530530713062","Block Group 2, Census Tract 713.06, Pierce County, Washington"
"72423300","22349932","1500000US530530713063","Block Group 3, Census Tract 713.06, Pierce County, Washington"
"34567900","11095583","1500000US530530713064","Block Group 4, Census Tract 713.06, Pierce County, Washington"
"38239900","7511705","1500000US530530713071","Block Group 1, Census Tract 713.07, Pierce County, Washington"
"22761100","6361152","1500000US530530713072","Block Group 2, Census Tract 713.07, Pierce County, Washington"
"57199500","8145587","1500000US530530713073","Block Group 3, Census Tract 713.07, Pierce County, Washington"
"35106100","9999249","1500000US530530713091","Block Group 1, Census Tract 713.09, Pierce County, Washington"
"35946300","9379464","1500000US530530713092","Block Group 2, Census Tract 713.09, Pierce County, Washington"
"33239200","10867468","1500000US530530713093","Block Group 3, Census Tract 713.09, Pierce County, Washington"
"53354900","9805456","1500000US530530713101","Block Group 1, Census Tract 713.10, Pierce County, Washington"
"103916700","12844588","1500000US530530713102","Block Group 2, Census Tract 713.10, Pierce County, Washington"
"52184400","9456857","1500000US530530714031","Block Group 1, Census Tract 714.03, Pierce County, Washington"
"19629500","5489200","1500000US530530714032","Block Group 2, Census Tract 714.03, Pierce County, Washington"
"39898500","12950377","1500000US530530714033","Block Group 3, Census Tract 714.03, Pierce County, Washington"
"88596200","20151187","1500000US530530714061","Block Group 1, Census Tract 714.06, Pierce County, Washington"
"35368000","9235714","1500000US530530714062","Block Group 2, Census Tract 714.06, Pierce County, Washington"
"14238600","6944931","1500000US530530714063","Block Group 3, Census Tract 714.06, Pierce County, Washington"
"54309200","13382945","1500000US530530714064","Block Group 4, Census Tract 714.06, Pierce County, Washington"
"37242800","12681299","1500000US530530714071","Block Group 1, Census Tract 714.07, Pierce County, Washington"
"45764800","11570615","1500000US530530714072","Block Group 2, Census Tract 714.07, Pierce County, Washington"
"37236700","11193268","1500000US530530714073","Block Group 3, Census Tract 714.07, Pierce County, Washington"
"34172800","9864023","1500000US530530714074","Block Group 4, Census Tract 714.07, Pierce County, Washington"
"50691600","12612494","1500000US530530714081","Block Group 1, Census Tract 714.08, Pierce County, Washington"
"19156800","5144655","1500000US530530714082","Block Group 2, Census Tract 714.08, Pierce County, Washington"
"17735500","4517100","1500000US530530714083","Block Group 3, Census Tract 714.08, Pierce County, Washington"
"22304500","7321902","1500000US530530714091","Block Group 1, Census Tract 714.09, Pierce County, Washington"
"17460000","4925658","1500000US530530714092","Block Group 2, Census Tract 714.09, Pierce County, Washington"
"28996400","6020182","1500000US530530714093","Block Group 3, Census Tract 714.09, Pierce County, Washington"
"12349200","3525648","1500000US530530714094","Block Group 4, Census Tract 714.09, Pierce County, Washington"
"26314200","12263946","1500000US530530714101","Block Group 1, Census Tract 714.10, Pierce County, Washington"
"21538500","7850736","1500000US530530714102","Block Group 2, Census Tract 714.10, Pierce County, Washington"
"62480000","19798537","1500000US530530714103","Block Group 3, Census Tract 714.10, Pierce County, Washington"
"45816600","10897027","1500000US530530714104","Block Group 4, Census Tract 714.10, Pierce County, Washington"
"53144600","12234078","1500000US530530714111","Block Group 1, Census Tract 714.11, Pierce County, Washington"
"19516600","7304282","1500000US530530714112","Block Group 2, Census Tract 714.11, Pierce County, Washington"
"41483600","10625695","1500000US530530714113","Block Group 3, Census Tract 714.11, Pierce County, Washington"
"32657400","8735895","1500000US530530715031","Block Group 1, Census Tract 715.03, Pierce County, Washington"
"31923200","7962770","1500000US530530715032","Block Group 2, Census Tract 715.03, Pierce County, Washington"
"16460500","8104530","1500000US530530715033","Block Group 3, Census Tract 715.03, Pierce County, Washington"
"47807700","17948204","1500000US530530715034","Block Group 4, Census Tract 715.03, Pierce County, Washington"
"22311700","5498787","1500000US530530715041","Block Group 1, Census Tract 715.04, Pierce County, Washington"
"14663800","3528382","1500000US530530715042","Block Group 2, Census Tract 715.04, Pierce County, Washington"
"15788300","3993436","1500000US530530715043","Block Group 3, Census Tract 715.04, Pierce County, Washington"
"13561300","4428241","1500000US530530715044","Block Group 4, Census Tract 715.04, Pierce County, Washington"
"48496100","12465359","1500000US530530715051","Block Group 1, Census Tract 715.05, Pierce County, Washington"
"20336500","6187681","1500000US530530715052","Block Group 2, Census Tract 715.05, Pierce County, Washington"
"29400000","8281364","1500000US530530715053","Block Group 3, Census Tract 715.05, Pierce County, Washington"
"31064600","7494501","1500000US530530715054","Block Group 4, Census Tract 715.05, Pierce County, Washington"
"35578800","6291580","1500000US530530715061","Block Group 1, Census Tract 715.06, Pierce County, Washington"
"53600000","7209474","1500000US530530715062","Block Group 2, Census Tract 715.06, Pierce County, Washington"
"46459700","9148388","1500000US530530715063","Block Group 3, Census Tract 715.06, Pierce County, Washington"
"55682600","6974495","1500000US530530716011","Block Group 1, Census Tract 716.01, Pierce County, Washington"
"25417200","4908283","1500000US530530716012","Block Group 2, Census Tract 716.01, Pierce County, Washington"
"44520700","9708508","1500000US530530716021","Block Group 1, Census Tract 716.02, Pierce County, Washington"
"26958300","6405611","1500000US530530716022","Block Group 2, Census Tract 716.02, Pierce County, Washington"
"50009700","14171269","1500000US530530716023","Block Group 3, Census Tract 716.02, Pierce County, Washington"
"23412700","9831109","1500000US530530716024","Block Group 4, Census Tract 716.02, Pierce County, Washington"
"35971600","5931181","1500000US530530717031","Block Group 1, Census Tract 717.03, Pierce County, Washington"
"19555800","5170486","1500000US530530717032","Block Group 2, Census Tract 717.03, Pierce County, Washington"
"31388300","7148191","1500000US530530717041","Block Group 1, Census Tract 717.04, Pierce County, Washington"
"17759900","4151032","1500000US530530717042","Block Group 2, Census Tract 717.04, Pierce County, Washington"
"16767600","6852077","1500000US530530717043","Block Group 3, Census Tract 717.04, Pierce County, Washington"
"19218900","4611232","1500000US530530717051","Block Group 1, Census Tract 717.05, Pierce County, Washington"
"22892800","4815117","1500000US530530717052","Block Group 2, Census Tract 717.05, Pierce County, Washington"
"22048500","5965953","1500000US530530717053","Block Group 3, Census Tract 717.05, Pierce County, Washington"
"32556000","4163328","1500000US530530717061","Block Group 1, Census Tract 717.06, Pierce County, Washington"
"17203700","5046767","1500000US530530717071","Block Group 1, Census Tract 717.07, Pierce County, Washington"
"15081100","4284638","1500000US530530717072","Block Group 2, Census Tract 717.07, Pierce County, Washington"
"18879500","4813821","1500000US530530717073","Block Group 3, Census Tract 717.07, Pierce County, Washington"
"43906400","13192140","1500000US530530718031","Block Group 1, Census Tract 718.03, Pierce County, Washington"
"60308100","15038779","1500000US530530718032","Block Group 2, Census Tract 718.03, Pierce County, Washington"
"10296700","3714612","1500000US530530718033","Block Group 3, Census Tract 718.03, Pierce County, Washington"
"14842100","7502508","1500000US530530718034","Block Group 4, Census Tract 718.03, Pierce County, Washington"
"13880700","4264847","1500000US530530718051","Block Group 1, Census Tract 718.05, Pierce County, Washington"
"27349500","7142018","1500000US530530718052","Block Group 2, Census Tract 718.05, Pierce County, Washington"
"23068900","8967291","1500000US530530718053","Block Group 3, Census Tract 718.05, Pierce County, Washington"
"30047300","6033127","1500000US530530718061","Block Group 1, Census Tract 718.06, Pierce County, Washington"
"23170400","5395389","1500000US530530718062","Block Group 2, Census Tract 718.06, Pierce County, Washington"
"41199800","8573351","1500000US530530718071","Block Group 1, Census Tract 718.07, Pierce County, Washington"
"35451300","7145921","1500000US530530718072","Block Group 2, Census Tract 718.07, Pierce County, Washington"
"19060600","5011952","1500000US530530718081","Block Group 1, Census Tract 718.08, Pierce County, Washington"
"42976800","11138023","1500000US530530718082","Block Group 2, Census Tract 718.08, Pierce County, Washington"
"9251300","3711612","1500000US530530718083","Block Group 3, Census Tract 718.08, Pierce County, Washington"
"27323400","6714330","1500000US530530719011","Block Group 1, Census Tract 719.01, Pierce County, Washington"
"22673700","6427875","1500000US530530719012","Block Group 2, Census Tract 719.01, Pierce County, Washington"
"28117300","7537252","1500000US530530719013","Block Group 3, Census Tract 719.01, Pierce County, Washington"
"46488900","9185264","1500000US530530719014","Block Group 4, Census Tract 719.01, Pierce County, Washington"
"46394000","12666829","1500000US530530719021","Block Group 1, Census Tract 719.02, Pierce County, Washington"
"26093900","8635585","1500000US530530719022","Block Group 2, Census Tract 719.02, Pierce County, Washington"
"47148000","17153737","1500000US530530719023","Block Group 3, Census Tract 719.02, Pierce County, Washington"
"26885500","11900546","1500000US530530719024","Block Group 4, Census Tract 719.02, Pierce County, Washington"
"83976000","27909184","1500000US530530719025","Block Group 5, Census Tract 719.02, Pierce County, Washington"
"15495600","5610879","1500000US530530720001","Block Group 1, Census Tract 720, Pierce County, Washington"
"16478500","5695302","1500000US530530720002","Block Group 2, Census Tract 720, Pierce County, Washington"
"19100200","6445578","1500000US530530720003","Block Group 3, Census Tract 720, Pierce County, Washington"
"7185800","3986365","1500000US530530720004","Block Group 4, Census Tract 720, Pierce County, Washington"
"46731700","9055322","1500000US530530721051","Block Group 1, Census Tract 721.05, Pierce County, Washington"
"67760500","12539730","1500000US530530721052","Block Group 2, Census Tract 721.05, Pierce County, Washington"
"-","**","1500000US530530721053","Block Group 3, Census Tract 721.05, Pierce County, Washington"
"57853800","10717608","1500000US530530721054","Block Group 4, Census Tract 721.05, Pierce County, Washington"
"28560800","8350861","1500000US530530721061","Block Group 1, Census Tract 721.06, Pierce County, Washington"
"39017400","10572414","1500000US530530721062","Block Group 2, Census Tract 721.06, Pierce County, Washington"
"49127400","10834428","1500000US530530721063","Block Group 3, Census Tract 721.06, Pierce County, Washington"
"34822800","9339968","1500000US530530721064","Block Group 4, Census Tract 721.06, Pierce County, Washington"
"31115100","6273272","1500000US530530721071","Block Group 1, Census Tract 721.07, Pierce County, Washington"
"53046100","11030859","1500000US530530721072","Block Group 2, Census Tract 721.07, Pierce County, Washington"
"23999600","6603693","1500000US530530721073","Block Group 3, Census Tract 721.07, Pierce County, Washington"
"21721900","8219872","1500000US530530721074","Block Group 4, Census Tract 721.07, Pierce County, Washington"
"19148000","7042177","1500000US530530721081","Block Group 1, Census Tract 721.08, Pierce County, Washington"
"26827400","10962779","1500000US530530721082","Block Group 2, Census Tract 721.08, Pierce County, Washington"
"10783500","5367984","1500000US530530721083","Block Group 3, Census Tract 721.08, Pierce County, Washington"
"49878400","17104476","1500000US530530721084","Block Group 4, Census Tract 721.08, Pierce County, Washington"
"31081000","14062521","1500000US530530721085","Block Group 5, Census Tract 721.08, Pierce County, Washington"
"76565500","16597135","1500000US530530721091","Block Group 1, Census Tract 721.09, Pierce County, Washington"
"72822300","19074184","1500000US530530721092","Block Group 2, Census Tract 721.09, Pierce County, Washington"
"44062900","8033938","1500000US530530721111","Block Group 1, Census Tract 721.11, Pierce County, Washington"
"31504700","7428324","1500000US530530721112","Block Group 2, Census Tract 721.11, Pierce County, Washington"
"56098300","8739597","1500000US530530721121","Block Group 1, Census Tract 721.12, Pierce County, Washington"
"27021000","5485609","1500000US530530721122","Block Group 2, Census Tract 721.12, Pierce County, Washington"
"28424400","7929134","1500000US530530721123","Block Group 3, Census Tract 721.12, Pierce County, Washington"
"30516100","8277324","1500000US530530723051","Block Group 1, Census Tract 723.05, Pierce County, Washington"
"26715000","9264716","1500000US530530723052","Block Group 2, Census Tract 723.05, Pierce County, Washington"
"30766800","6995490","1500000US530530723053","Block Group 3, Census Tract 723.05, Pierce County, Washington"
"23600300","7238808","1500000US530530723054","Block Group 4, Census Tract 723.05, Pierce County, Washington"
"69755700","33913234","1500000US530530723055","Block Group 5, Census Tract 723.05, Pierce County, Washington"
"19078400","7396323","1500000US530530723056","Block Group 6, Census Tract 723.05, Pierce County, Washington"
"30268300","4921514","1500000US530530723071","Block Group 1, Census Tract 723.07, Pierce County, Washington"
"33335400","10015911","1500000US530530723072","Block Group 2, Census Tract 723.07, Pierce County, Washington"
"23343800","5690188","1500000US530530723073","Block Group 3, Census Tract 723.07, Pierce County, Washington"
"34292000","10761597","1500000US530530723074","Block Group 4, Census Tract 723.07, Pierce County, Washington"
"38947700","11460458","1500000US530530723081","Block Group 1, Census Tract 723.08, Pierce County, Washington"
"61650700","14177285","1500000US530530723082","Block Group 2, Census Tract 723.08, Pierce County, Washington"
"45033900","14333395","1500000US530530723083","Block Group 3, Census Tract 723.08, Pierce County, Washington"
"37023200","14564197","1500000US530530723084","Block Group 4, Census Tract 723.08, Pierce County, Washington"
"65027300","16914981","1500000US530530723085","Block Group 5, Census Tract 723.08, Pierce County, Washington"
"61145700","15188276","1500000US530530723091","Block Group 1, Census Tract 723.09, Pierce County, Washington"
"58572700","21565380","1500000US530530723092","Block Group 2, Census Tract 723.09, Pierce County, Washington"
"44001900","23615475","1500000US530530723093","Block Group 3, Census Tract 723.09, Pierce County, Washington"
"37973800","13884892","1500000US530530723094","Block Group 4, Census Tract 723.09, Pierce County, Washington"
"36271200","9438655","1500000US530530723101","Block Group 1, Census Tract 723.10, Pierce County, Washington"
"16302600","5457291","1500000US530530723102","Block Group 2, Census Tract 723.10, Pierce County, Washington"
"60359800","11267873","1500000US530530723103","Block Group 3, Census Tract 723.10, Pierce County, Washington"
"36092900","7257986","1500000US530530723111","Block Group 1, Census Tract 723.11, Pierce County, Washington"
"16337900","3544446","1500000US530530723112","Block Group 2, Census Tract 723.11, Pierce County, Washington"
"56206800","11531641","1500000US530530723113","Block Group 3, Census Tract 723.11, Pierce County, Washington"
"87705300","16878844","1500000US530530723121","Block Group 1, Census Tract 723.12, Pierce County, Washington"
"29310700","9613981","1500000US530530723122","Block Group 2, Census Tract 723.12, Pierce County, Washington"
"21309100","8097840","1500000US530530723123","Block Group 3, Census Tract 723.12, Pierce County, Washington"
"70855800","12617567","1500000US530530723131","Block Group 1, Census Tract 723.13, Pierce County, Washington"
"53972400","10573896","1500000US530530723132","Block Group 2, Census Tract 723.13, Pierce County, Washington"
"108934600","23388403","1500000US530530724051","Block Group 1, Census Tract 724.05, Pierce County, Washington"
"111439900","26316714","1500000US530530724052","Block Group 2, Census Tract 724.05, Pierce County, Washington"
"78978600","18983825","1500000US530530724061","Block Group 1, Census Tract 724.06, Pierce County, Washington"
"86736000","40724549","1500000US530530724062","Block Group 2, Census Tract 724.06, Pierce County, Washington"
"98982200","30217543","1500000US530530724063","Block Group 3, Census Tract 724.06, Pierce County, Washington"
"39153100","9307957","1500000US530530724071","Block Group 1, Census Tract 724.07, Pierce County, Washington"
"96367100","39085521","1500000US530530724072","Block Group 2, Census Tract 724.07, Pierce County, Washington"
"37418600","13512382","1500000US530530724073","Block Group 3, Census Tract 724.07, Pierce County, Washington"
"45565400","11602682","1500000US530530724081","Block Group 1, Census Tract 724.08, Pierce County, Washington"
"58922100","11053736","1500000US530530724082","Block Group 2, Census Tract 724.08, Pierce County, Washington"
"47675300","15103421","1500000US530530724083","Block Group 3, Census Tract 724.08, Pierce County, Washington"
"72943800","19476363","1500000US530530724084","Block Group 4, Census Tract 724.08, Pierce County, Washington"
"57035500","11216538","1500000US530530724091","Block Group 1, Census Tract 724.09, Pierce County, Washington"
"47980600","9175671","1500000US530530724092","Block Group 2, Census Tract 724.09, Pierce County, Washington"
"88552900","20357721","1500000US530530724101","Block Group 1, Census Tract 724.10, Pierce County, Washington"
"82358100","20655596","1500000US530530724102","Block Group 2, Census Tract 724.10, Pierce County, Washington"
"56051300","10344683","1500000US530530725031","Block Group 1, Census Tract 725.03, Pierce County, Washington"
"81475900","13351411","1500000US530530725032","Block Group 2, Census Tract 725.03, Pierce County, Washington"
"87549900","19653976","1500000US530530725041","Block Group 1, Census Tract 725.04, Pierce County, Washington"
"73272700","14298225","1500000US530530725042","Block Group 2, Census Tract 725.04, Pierce County, Washington"
"40091700","10665128","1500000US530530725051","Block Group 1, Census Tract 725.05, Pierce County, Washington"
"84234000","22678845","1500000US530530725052","Block Group 2, Census Tract 725.05, Pierce County, Washington"
"189174300","64285703","1500000US530530725053","Block Group 3, Census Tract 725.05, Pierce County, Washington"
"43470000","12531715","1500000US530530725054","Block Group 4, Census Tract 725.05, Pierce County, Washington"
"28689400","7158411","1500000US530530725061","Block Group 1, Census Tract 725.06, Pierce County, Washington"
"109017600","24105943","1500000US530530725062","Block Group 2, Census Tract 725.06, Pierce County, Washington"
"66170700","21662300","1500000US530530725071","Block Group 1, Census Tract 725.07, Pierce County, Washington"
"75170800","17922363","1500000US530530725072","Block Group 2, Census Tract 725.07, Pierce County, Washington"
"64353800","12307481","1500000US530530726011","Block Group 1, Census Tract 726.01, Pierce County, Washington"
"36265700","10821195","1500000US530530726012","Block Group 2, Census Tract 726.01, Pierce County, Washington"
"41765100","9906869","1500000US530530726013","Block Group 3, Census Tract 726.01, Pierce County, Washington"
"32909700","8591151","1500000US530530726021","Block Group 1, Census Tract 726.02, Pierce County, Washington"
"44198300","14280070","1500000US530530726022","Block Group 2, Census Tract 726.02, Pierce County, Washington"
"40585600","14743853","1500000US530530726023","Block Group 3, Census Tract 726.02, Pierce County, Washington"
"24291400","11404304","1500000US530530726031","Block Group 1, Census Tract 726.03, Pierce County, Washington"
"20663200","6571868","1500000US530530726032","Block Group 2, Census Tract 726.03, Pierce County, Washington"
"41891400","12467249","1500000US530530726033","Block Group 3, Census Tract 726.03, Pierce County, Washington"
"33232200","9585300","1500000US530530726034","Block Group 4, Census Tract 726.03, Pierce County, Washington"
"-","**","1500000US530530726035","Block Group 5, Census Tract 726.03, Pierce County, Washington"
"172789500","24622994","1500000US530530728001","Block Group 1, Census Tract 728, Pierce County, Washington"
"124374900","19962546","1500000US530530728002","Block Group 2, Census Tract 728, Pierce County, Washington"
"44281200","5671007","1500000US530530729011","Block Group 1, Census Tract 729.01, Pierce County, Washington"
"32989600","3735674","1500000US530530729031","Block Group 1, Census Tract 729.03, Pierce County, Washington"
"43890600","9008776","1500000US530530729051","Block Group 1, Census Tract 729.05, Pierce County, Washington"
"13806900","6463541","1500000US530530729052","Block Group 2, Census Tract 729.05, Pierce County, Washington"
"25711400","6474743","1500000US530530729053","Block Group 3, Census Tract 729.05, Pierce County, Washington"
"null","null","1500000US530530729061","Block Group 1, Census Tract 729.06, Pierce County, Washington"
"2356400","2538080","1500000US530530729062","Block Group 2, Census Tract 729.06, Pierce County, Washington"
"20838100","6772339","1500000US530530729071","Block Group 1, Census Tract 729.07, Pierce County, Washington"
"49887800","9277341","1500000US530530729072","Block Group 2, Census Tract 729.07, Pierce County, Washington"
"-","**","1500000US530530729073","Block Group 3, Census Tract 729.07, Pierce County, Washington"
"21674700","8934409","1500000US530530730011","Block Group 1, Census Tract 730.01, Pierce County, Washington"
"38491400","13709982","1500000US530530730012","Block Group 2, Census Tract 730.01, Pierce County, Washington"
"49513600","13111471","1500000US530530730013","Block Group 3, Census Tract 730.01, Pierce County, Washington"
"30418300","8704125","1500000US530530730014","Block Group 4, Census Tract 730.01, Pierce County, Washington"
"24666900","6566199","1500000US530530730015","Block Group 5, Census Tract 730.01, Pierce County, Washington"
"30270000","9112277","1500000US530530730051","Block Group 1, Census Tract 730.05, Pierce County, Washington"
"38464200","12627887","1500000US530530730052","Block Group 2, Census Tract 730.05, Pierce County, Washington"
"24577600","9949744","1500000US530530730053","Block Group 3, Census Tract 730.05, Pierce County, Washington"
"46018600","10490658","1500000US530530730054","Block Group 4, Census Tract 730.05, Pierce County, Washington"
"74411600","11414321","1500000US530530730061","Block Group 1, Census Tract 730.06, Pierce County, Washington"
"33904200","8365559","1500000US530530730062","Block Group 2, Census Tract 730.06, Pierce County, Washington"
"40603300","11491328","1500000US530530731081","Block Group 1, Census Tract 731.08, Pierce County, Washington"
"105088600","18770139","1500000US530530731082","Block Group 2, Census Tract 731.08, Pierce County, Washington"
"55795300","15321982","1500000US530530731083","Block Group 3, Census Tract 731.08, Pierce County, Washington"
"60814400","12268622","1500000US530530731101","Block Group 1, Census Tract 731.10, Pierce County, Washington"
"68733600","10607633","1500000US530530731102","Block Group 2, Census Tract 731.10, Pierce County, Washington"
"50753100","8074111","1500000US530530731111","Block Group 1, Census Tract 731.11, Pierce County, Washington"
"41081700","9090623","1500000US530530731112","Block Group 2, Census Tract 731.11, Pierce County, Washington"
"25878700","7610942","1500000US530530731113","Block Group 3, Census Tract 731.11, Pierce County, Washington"
"38254300","9253290","1500000US530530731131","Block Group 1, Census Tract 731.13, Pierce County, Washington"
"72372500","21359974","1500000US530530731132","Block Group 2, Census Tract 731.13, Pierce County, Washington"
"76008800","14109857","1500000US530530731133","Block Group 3, Census Tract 731.13, Pierce County, Washington"
"55138700","10319503","1500000US530530731141","Block Group 1, Census Tract 731.14, Pierce County, Washington"
"29133300","6715575","1500000US530530731142","Block Group 2, Census Tract 731.14, Pierce County, Washington"
"29394400","8335995","1500000US530530731143","Block Group 3, Census Tract 731.14, Pierce County, Washington"
"53288400","9005676","1500000US530530731151","Block Group 1, Census Tract 731.15, Pierce County, Washington"
"45182800","9603694","1500000US530530731152","Block Group 2, Census Tract 731.15, Pierce County, Washington"
"11816500","3174323","1500000US530530731153","Block Group 3, Census Tract 731.15, Pierce County, Washington"
"59294500","10207051","1500000US530530731161","Block Group 1, Census Tract 731.16, Pierce County, Washington"
"39347200","7012417","1500000US530530731162","Block Group 2, Census Tract 731.16, Pierce County, Washington"
"55805600","8762680","1500000US530530731171","Block Group 1, Census Tract 731.17, Pierce County, Washington"
"50531600","14127813","1500000US530530731172","Block Group 2, Census Tract 731.17, Pierce County, Washington"
"52765200","7140806","1500000US530530731181","Block Group 1, Census Tract 731.18, Pierce County, Washington"
"76524700","12113538","1500000US530530731182","Block Group 2, Census Tract 731.18, Pierce County, Washington"
"35662800","9181111","1500000US530530731191","Block Group 1, Census Tract 731.19, Pierce County, Washington"
"66131500","12322360","1500000US530530731192","Block Group 2, Census Tract 731.19, Pierce County, Washington"
"47116300","11905615","1500000US530530731201","Block Group 1, Census Tract 731.20, Pierce County, Washington"
"51620700","10820395","1500000US530530731202","Block Group 2, Census Tract 731.20, Pierce County, Washington"
"72821000","19228490","1500000US530530731211","Block Group 1, Census Tract 731.21, Pierce County, Washington"
"82325400","9552541","1500000US530530731212","Block Group 2, Census Tract 731.21, Pierce County, Washington"
"46366400","12293683","1500000US530530731221","Block Group 1, Census Tract 731.22, Pierce County, Washington"
"77820800","11558439","1500000US530530731222","Block Group 2, Census Tract 731.22, Pierce County, Washington"
"113904500","11781131","1500000US530530731231","Block Group 1, Census Tract 731.23, Pierce County, Washington"
"41530400","9747465","1500000US530530731232","Block Group 2, Census Tract 731.23, Pierce County, Washington"
"22993100","6328816","1500000US530530731241","Block Group 1, Census Tract 731.24, Pierce County, Washington"
"60791400","11292171","1500000US530530731242","Block Group 2, Census Tract 731.24, Pierce County, Washington"
"114199000","21140665","1500000US530530731251","Block Group 1, Census Tract 731.25, Pierce County, Washington"
"50439400","25167412","1500000US530530731252","Block Group 2, Census Tract 731.25, Pierce County, Washington"
"91861100","17486782","1500000US530530731253","Block Group 3, Census Tract 731.25, Pierce County, Washington"
"95687300","13660396","1500000US530530731261","Block Group 1, Census Tract 731.26, Pierce County, Washington"
"34284000","7358463","1500000US530530732001","Block Group 1, Census Tract 732, Pierce County, Washington"
"32573000","12407965","1500000US530530732002","Block Group 2, Census Tract 732, Pierce County, Washington"
"32253200","10326411","1500000US530530732003","Block Group 3, Census Tract 732, Pierce County, Washington"
"62643800","13217699","1500000US530530732004","Block Group 4, Census Tract 732, Pierce County, Washington"
"98155600","18900167","1500000US530530733011","Block Group 1, Census Tract 733.01, Pierce County, Washington"
"17074800","5978122","1500000US530530733012","Block Group 2, Census Tract 733.01, Pierce County, Washington"
"6850200","3227925","1500000US530530733013","Block Group 3, Census Tract 733.01, Pierce County, Washington"
"25084500","8049801","1500000US530530733014","Block Group 4, Census Tract 733.01, Pierce County, Washington"
"47114400","10689775","1500000US530530733021","Block Group 1, Census Tract 733.02, Pierce County, Washington"
"41961000","7889665","1500000US530530733022","Block Group 2, Census Tract 733.02, Pierce County, Washington"
"35480700","6880837","1500000US530530733023","Block Group 3, Census Tract 733.02, Pierce County, Washington"
"40557200","15255094","1500000US530530734041","Block Group 1, Census Tract 734.04, Pierce County, Washington"
"18170500","10591039","1500000US530530734042","Block Group 2, Census Tract 734.04, Pierce County, Washington"
"26627800","7960580","1500000US530530734043","Block Group 3, Census Tract 734.04, Pierce County, Washington"
"32773300","9245463","1500000US530530734044","Block Group 4, Census Tract 734.04, Pierce County, Washington"
"61184400","10733962","1500000US530530734045","Block Group 5, Census Tract 734.04, Pierce County, Washington"
"52410300","11742423","1500000US530530734051","Block Group 1, Census Tract 734.05, Pierce County, Washington"
"47305100","9670992","1500000US530530734052","Block Group 2, Census Tract 734.05, Pierce County, Washington"
"64622700","11670755","1500000US530530734061","Block Group 1, Census Tract 734.06, Pierce County, Washington"
"37900600","10093069","1500000US530530734062","Block Group 2, Census Tract 734.06, Pierce County, Washington"
"63138300","14499350","1500000US530530734063","Block Group 3, Census Tract 734.06, Pierce County, Washington"
"37217800","8131600","1500000US530530734071","Block Group 1, Census Tract 734.07, Pierce County, Washington"
"25195900","7021205","1500000US530530734072","Block Group 2, Census Tract 734.07, Pierce County, Washington"
"43374500","9060005","1500000US530530734073","Block Group 3, Census Tract 734.07, Pierce County, Washington"
"47965500","7212784","1500000US530530734081","Block Group 1, Census Tract 734.08, Pierce County, Washington"
"33705600","6310500","1500000US530530734082","Block Group 2, Census Tract 734.08, Pierce County, Washington"
"22066100","5952042","1500000US530530734083","Block Group 3, Census Tract 734.08, Pierce County, Washington"
"58806500","23859021","1500000US530530735001","Block Group 1, Census Tract 735, Pierce County, Washington"
"52668400","16556301","1500000US530530735002","Block Group 2, Census Tract 735, Pierce County, Washington"
"41420800","19318009","1500000US530530735003","Block Group 3, Census Tract 735, Pierce County, Washington"
"48746000","26072244","1500000US530530735004","Block Group 4, Census Tract 735, Pierce County, Washington"
"25065800","6250033","1500000US530530735005","Block Group 5, Census Tract 735, Pierce County, Washington"
"44722500","14196118","1500000US530530735006","Block Group 6, Census Tract 735, Pierce County, Washington"
"66318000","8749108","1500000US530539400011","Block Group 1, Census Tract 9400.01, Pierce County, Washington"
"68127600","10991252","1500000US530539400012","Block Group 2, Census Tract 9400.01, Pierce County, Washington"
"39695100","6087456","1500000US530539400021","Block Group 1, Census Tract 9400.02, Pierce County, Washington"
"26570700","6277931","1500000US530539400022","Block Group 2, Census Tract 9400.02, Pierce County, Washington"
"31414600","4917084","1500000US530539400023","Block Group 3, Census Tract 9400.02, Pierce County, Washington"
"93540000","9382955","1500000US530539400031","Block Group 1, Census Tract 9400.03, Pierce County, Washington"
"48819500","7290320","1500000US530539400032","Block Group 2, Census Tract 9400.03, Pierce County, Washington"
"40282000","6334683","1500000US530539400033","Block Group 3, Census Tract 9400.03, Pierce County, Washington"
"39044800","10139883","1500000US530539400041","Block Group 1, Census Tract 9400.04, Pierce County, Washington"
"19502400","6034208","1500000US530539400042","Block Group 2, Census Tract 9400.04, Pierce County, Washington"
"20619300","3392826","1500000US530539400043","Block Group 3, Census Tract 9400.04, Pierce County, Washington"
"25897000","4396002","1500000US530539400044","Block Group 4, Census Tract 9400.04, Pierce County, Washington"
"45824900","6442971","1500000US530539400045","Block Group 5, Census Tract 9400.04, Pierce County, Washington"
"54418900","7637148","1500000US530539400046","Block Group 6, Census Tract 9400.04, Pierce County, Washington"
"45858500","6882715","1500000US530539400051","Block Group 1, Census Tract 9400.05, Pierce County, Washington"
"63209400","9480988","1500000US530539400052","Block Group 2, Census Tract 9400.05, Pierce County, Washington"
"57425500","6115316","1500000US530539400053","Block Group 3, Census Tract 9400.05, Pierce County, Washington"
"19881900","4018149","1500000US530539400061","Block Group 1, Census Tract 9400.06, Pierce County, Washington"
"8515500","2151146","1500000US530539400062","Block Group 2, Census Tract 9400.06, Pierce County, Washington"
"13310500","3527790","1500000US530539400071","Block Group 1, Census Tract 9400.07, Pierce County, Washington"
"19271000","3567682","1500000US530539400072","Block Group 2, Census Tract 9400.07, Pierce County, Washington"
"15856200","3589215","1500000US530539400073","Block Group 3, Census Tract 9400.07, Pierce County, Washington"
"86007700","7816247","1500000US530539400081","Block Group 1, Census Tract 9400.08, Pierce County, Washington"
"57946200","6560205","1500000US530539400082","Block Group 2, Census Tract 9400.08, Pierce County, Washington"
"60132700","7035237","1500000US530539400083","Block Group 3, Census Tract 9400.08, Pierce County, Washington"
"54758300","7220030","1500000US530539400091","Block Group 1, Census Tract 9400.09, Pierce County, Washington"
"36400400","5611546","1500000US530539400092","Block Group 2, Census Tract 9400.09, Pierce County, Washington"
"45739400","9622492","1500000US530539400101","Block Group 1, Census Tract 9400.10, Pierce County, Washington"
"39485300","7265331","1500000US530539400102","Block Group 2, Census Tract 9400.10, Pierce County, Washington"
"20393700","12025903","1500000US530539400103","Block Group 3, Census Tract 9400.10, Pierce County, Washington"
"72681400","10160759","1500000US530539400111","Block Group 1, Census Tract 9400.11, Pierce County, Washington"
"100153100","15600054","1500000US530539400112","Block Group 2, Census Tract 9400.11, Pierce County, Washington"
"51246400","7954974","1500000US530539400113","Block Group 3, Census Tract 9400.11, Pierce County, Washington"
