field_1,timestamp,date,latitude,longitude,truedate,field_1_2,timestamp_2,date (UTC),NO2 (ppb),VOC (ppb),pm 10 (ug/m3),pm 2.5 (ug/m3),NO2 (Plume AQI),VOC (Plume AQI),pm 10 (Plume AQI),pm 2.5 (Plume AQI),pm 1 (ug/m3),pm 1 (Plume AQI),truedate_2
"7006",1647201768,2022/03/13 20:02:48,47.167018,-122.43406,2022/03/13 20:02:00,"13410",1647201721,2022/03/13 20:02:01,32,24,3,2,35,2,3,4,1,3,2022/03/13 20:02:00
"7007",1647201788,2022/03/13 20:03:08,47.166872,-122.433252,2022/03/13 20:03:00,"13411",1647201781,2022/03/13 20:03:01,28,22,18.270697,3.422302,30,2,18,7,1,3,2022/03/13 20:03:00
"7008",1647201791,2022/03/13 20:03:11,47.167187,-122.434778,2022/03/13 20:03:00,"13411",1647201781,2022/03/13 20:03:01,28,22,18.270697,3.422302,30,2,18,7,1,3,2022/03/13 20:03:00
"7009",1647201808,2022/03/13 20:03:28,47.166915,-122.432832,2022/03/13 20:03:00,"13411",1647201781,2022/03/13 20:03:01,28,22,18.270697,3.422302,30,2,18,7,1,3,2022/03/13 20:03:00
"7010",1647201821,2022/03/13 20:03:41,47.167186,-122.434786,2022/03/13 20:03:00,"13411",1647201781,2022/03/13 20:03:01,28,22,18.270697,3.422302,30,2,18,7,1,3,2022/03/13 20:03:00
"7011",1647201932,2022/03/13 20:05:32,47.166704,-122.433402,2022/03/13 20:05:00,"13413",1647201901,2022/03/13 20:05:01,27,19,3.9809518,2,28,2,4,4,1,3,2022/03/13 20:05:00
"7012",1647201937,2022/03/13 20:05:37,47.167176,-122.434744,2022/03/13 20:05:00,"13413",1647201901,2022/03/13 20:05:01,27,19,3.9809518,2,28,2,4,4,1,3,2022/03/13 20:05:00
"7013",1647201989,2022/03/13 20:06:29,47.167154,-122.43383,2022/03/13 20:06:00,"13414",1647201961,2022/03/13 20:06:01,0,23,3.1385417,2,0,2,3,4,1,3,2022/03/13 20:06:00
"7014",1647201997,2022/03/13 20:06:37,47.167188,-122.434779,2022/03/13 20:06:00,"13414",1647201961,2022/03/13 20:06:01,0,23,3.1385417,2,0,2,3,4,1,3,2022/03/13 20:06:00
"7015",1647202043,2022/03/13 20:07:23,47.166781,-122.433901,2022/03/13 20:07:00,"13415",1647202021,2022/03/13 20:07:01,27,26,6.146243,2,28,2,6,4,1,3,2022/03/13 20:07:00
"7016",1647202057,2022/03/13 20:07:37,47.167182,-122.434769,2022/03/13 20:07:00,"13415",1647202021,2022/03/13 20:07:01,27,26,6.146243,2,28,2,6,4,1,3,2022/03/13 20:07:00
"7017",1647202074,2022/03/13 20:07:54,47.166805,-122.433184,2022/03/13 20:07:00,"13415",1647202021,2022/03/13 20:07:01,27,26,6.146243,2,28,2,6,4,1,3,2022/03/13 20:07:00
"7018",1647202087,2022/03/13 20:08:07,47.167186,-122.434777,2022/03/13 20:08:00,"13416",1647202081,2022/03/13 20:08:01,26,28,3,2,27,2,3,4,1,3,2022/03/13 20:08:00
"7019",1647202226,2022/03/13 20:10:26,47.167,-122.433768,2022/03/13 20:10:00,"13418",1647202201,2022/03/13 20:10:01,30,33,10.436344,3.7092829,33,3,10,7,1,3,2022/03/13 20:10:00
"7020",1647202311,2022/03/13 20:11:51,47.166956,-122.433309,2022/03/13 20:11:00,"13419",1647202261,2022/03/13 20:11:01,32,25,9.527271,2.0076618,36,2,10,4,1,3,2022/03/13 20:11:00
"7021",1647202321,2022/03/13 20:12:01,47.167182,-122.434774,2022/03/13 20:12:00,"13420",1647202321,2022/03/13 20:12:01,30,39,,,32,3,0,0,,,2022/03/13 20:12:00
"7022",1647202330,2022/03/13 20:12:10,47.167105,-122.434271,2022/03/13 20:12:00,"13420",1647202321,2022/03/13 20:12:01,30,39,,,32,3,0,0,,,2022/03/13 20:12:00
"7023",1647202351,2022/03/13 20:12:31,47.167184,-122.434783,2022/03/13 20:12:00,"13420",1647202321,2022/03/13 20:12:01,30,39,,,32,3,0,0,,,2022/03/13 20:12:00
"7024",1647202371,2022/03/13 20:12:51,47.167067,-122.43347,2022/03/13 20:12:00,"13420",1647202321,2022/03/13 20:12:01,30,39,,,32,3,0,0,,,2022/03/13 20:12:00
"7185",1647204497,2022/03/13 20:48:17,47.206046,-122.454895,2022/03/13 20:48:00,"13456",1647204481,2022/03/13 20:48:01,6,58,,,5,5,0,0,,,2022/03/13 20:48:00
"7186",1647204685,2022/03/13 20:51:25,47.205783,-122.454986,2022/03/13 20:51:00,"13459",1647204661,2022/03/13 20:51:01,3,68,3,2,3,5,3,4,1,3,2022/03/13 20:51:00
"7187",1647205134,2022/03/13 20:58:54,47.20602,-122.454739,2022/03/13 20:58:00,"13466",1647205081,2022/03/13 20:58:01,0,0,,,0,0,0,0,,,2022/03/13 20:58:00
"8010",1647369913,2022/03/15 18:45:13,47.21661,-122.406729,2022/03/15 18:45:00,"1191",1647369900,2022/03/15 18:45:00,24,31,56.466293,4.51626,23,2,61,9,1,3,2022/03/15 18:45:00
"8011",1647369945,2022/03/15 18:45:45,47.216891,-122.406378,2022/03/15 18:45:00,"1191",1647369900,2022/03/15 18:45:00,24,31,56.466293,4.51626,23,2,61,9,1,3,2022/03/15 18:45:00
"8012",1647369973,2022/03/15 18:46:13,47.216656,-122.406757,2022/03/15 18:46:00,"1192",1647369960,2022/03/15 18:46:00,20,29,37.892235,2.7392635,19,2,38,5,1,3,2022/03/15 18:46:00
"8013",1647370005,2022/03/15 18:46:45,47.216889,-122.406376,2022/03/15 18:46:00,"1192",1647369960,2022/03/15 18:46:00,20,29,37.892235,2.7392635,19,2,38,5,1,3,2022/03/15 18:46:00
"8014",1647370033,2022/03/15 18:47:13,47.216653,-122.406801,2022/03/15 18:47:00,"1193",1647370020,2022/03/15 18:47:00,19,28,62.227287,4.8086987,18,2,70,10,1,3,2022/03/15 18:47:00
"8015",1647370046,2022/03/15 18:47:26,47.216892,-122.406373,2022/03/15 18:47:00,"1193",1647370020,2022/03/15 18:47:00,19,28,62.227287,4.8086987,18,2,70,10,1,3,2022/03/15 18:47:00
"8016",1647370074,2022/03/15 18:47:54,47.216642,-122.406796,2022/03/15 18:47:00,"1193",1647370020,2022/03/15 18:47:00,19,28,62.227287,4.8086987,18,2,70,10,1,3,2022/03/15 18:47:00
"8017",1647370078,2022/03/15 18:47:58,47.216891,-122.406374,2022/03/15 18:47:00,"1193",1647370020,2022/03/15 18:47:00,19,28,62.227287,4.8086987,18,2,70,10,1,3,2022/03/15 18:47:00
"8018",1647370112,2022/03/15 18:48:32,47.216671,-122.406794,2022/03/15 18:48:00,"1194",1647370080,2022/03/15 18:48:00,19,25,121.33859,11.069599,18,2,126,22,2,4,2022/03/15 18:48:00
"8019",1647370124,2022/03/15 18:48:44,47.216889,-122.406379,2022/03/15 18:48:00,"1194",1647370080,2022/03/15 18:48:00,19,25,121.33859,11.069599,18,2,126,22,2,4,2022/03/15 18:48:00
"8020",1647370144,2022/03/15 18:49:04,47.216655,-122.406807,2022/03/15 18:49:00,"1195",1647370140,2022/03/15 18:49:00,20,23,3,2,19,2,3,4,1,3,2022/03/15 18:49:00
"8021",1647370154,2022/03/15 18:49:14,47.21689,-122.406377,2022/03/15 18:49:00,"1195",1647370140,2022/03/15 18:49:00,20,23,3,2,19,2,3,4,1,3,2022/03/15 18:49:00
"8022",1647370164,2022/03/15 18:49:24,47.216697,-122.406728,2022/03/15 18:49:00,"1195",1647370140,2022/03/15 18:49:00,20,23,3,2,19,2,3,4,1,3,2022/03/15 18:49:00
"8023",1647370184,2022/03/15 18:49:44,47.21689,-122.406374,2022/03/15 18:49:00,"1195",1647370140,2022/03/15 18:49:00,20,23,3,2,19,2,3,4,1,3,2022/03/15 18:49:00
"8024",1647370256,2022/03/15 18:50:56,47.216673,-122.406666,2022/03/15 18:50:00,"1196",1647370200,2022/03/15 18:50:00,20,22,60.038,4.523987,19,2,67,9,1,3,2022/03/15 18:50:00
"8025",1647370259,2022/03/15 18:50:59,47.216889,-122.406376,2022/03/15 18:50:00,"1196",1647370200,2022/03/15 18:50:00,20,22,60.038,4.523987,19,2,67,9,1,3,2022/03/15 18:50:00
"8026",1647370276,2022/03/15 18:51:16,47.216625,-122.406772,2022/03/15 18:51:00,"1197",1647370260,2022/03/15 18:51:00,20,21,25.54816,2.4528322,19,2,26,5,1,3,2022/03/15 18:51:00
"8027",1647370289,2022/03/15 18:51:29,47.216887,-122.406378,2022/03/15 18:51:00,"1197",1647370260,2022/03/15 18:51:00,20,21,25.54816,2.4528322,19,2,26,5,1,3,2022/03/15 18:51:00
"8028",1647370320,2022/03/15 18:52:00,47.216549,-122.406823,2022/03/15 18:52:00,"1198",1647370320,2022/03/15 18:52:00,21,19,17.198841,2,20,2,17,4,1,3,2022/03/15 18:52:00
"8029",1647370332,2022/03/15 18:52:12,47.216889,-122.406373,2022/03/15 18:52:00,"1198",1647370320,2022/03/15 18:52:00,21,19,17.198841,2,20,2,17,4,1,3,2022/03/15 18:52:00
"8030",1647370351,2022/03/15 18:52:31,47.216608,-122.406793,2022/03/15 18:52:00,"1198",1647370320,2022/03/15 18:52:00,21,19,17.198841,2,20,2,17,4,1,3,2022/03/15 18:52:00
"8031",1647370362,2022/03/15 18:52:42,47.216886,-122.406376,2022/03/15 18:52:00,"1198",1647370320,2022/03/15 18:52:00,21,19,17.198841,2,20,2,17,4,1,3,2022/03/15 18:52:00
"8032",1647370382,2022/03/15 18:53:02,47.216654,-122.406839,2022/03/15 18:53:00,"1199",1647370380,2022/03/15 18:53:00,20,18,26.690815,3.1851492,19,1,27,6,1,3,2022/03/15 18:53:00
"8033",1647370392,2022/03/15 18:53:12,47.216887,-122.406375,2022/03/15 18:53:00,"1199",1647370380,2022/03/15 18:53:00,20,18,26.690815,3.1851492,19,1,27,6,1,3,2022/03/15 18:53:00
"8034",1647370441,2022/03/15 18:54:01,47.216682,-122.406834,2022/03/15 18:54:00,"1200",1647370440,2022/03/15 18:54:00,20,16,35.420574,4.4954176,19,1,35,9,1,3,2022/03/15 18:54:00
"8035",1647370472,2022/03/15 18:54:32,47.216887,-122.406372,2022/03/15 18:54:00,"1200",1647370440,2022/03/15 18:54:00,20,16,35.420574,4.4954176,19,1,35,9,1,3,2022/03/15 18:54:00
"8104",1647371109,2022/03/15 19:05:09,47.237764,-122.411631,2022/03/15 19:05:00,"1211",1647371100,2022/03/15 19:05:00,20,33,16.691303,2.6470547,19,3,17,5,1,3,2022/03/15 19:05:00
"8105",1647371125,2022/03/15 19:05:25,47.238368,-122.410896,2022/03/15 19:05:00,"1211",1647371100,2022/03/15 19:05:00,20,33,16.691303,2.6470547,19,3,17,5,1,3,2022/03/15 19:05:00
"8106",1647371149,2022/03/15 19:05:49,47.237681,-122.411869,2022/03/15 19:05:00,"1211",1647371100,2022/03/15 19:05:00,20,33,16.691303,2.6470547,19,3,17,5,1,3,2022/03/15 19:05:00
"8107",1647371155,2022/03/15 19:05:55,47.238368,-122.410896,2022/03/15 19:05:00,"1211",1647371100,2022/03/15 19:05:00,20,33,16.691303,2.6470547,19,3,17,5,1,3,2022/03/15 19:05:00
"8108",1647371169,2022/03/15 19:06:09,47.238108,-122.411716,2022/03/15 19:06:00,"1212",1647371160,2022/03/15 19:06:00,22,33,20.748419,2,21,3,21,4,1,3,2022/03/15 19:06:00
"8109",1647371185,2022/03/15 19:06:25,47.23837,-122.410896,2022/03/15 19:06:00,"1212",1647371160,2022/03/15 19:06:00,22,33,20.748419,2,21,3,21,4,1,3,2022/03/15 19:06:00
"8110",1647371201,2022/03/15 19:06:41,47.238134,-122.411113,2022/03/15 19:06:00,"1212",1647371160,2022/03/15 19:06:00,22,33,20.748419,2,21,3,21,4,1,3,2022/03/15 19:06:00
"8111",1647371215,2022/03/15 19:06:55,47.238368,-122.410896,2022/03/15 19:06:00,"1212",1647371160,2022/03/15 19:06:00,22,33,20.748419,2,21,3,21,4,1,3,2022/03/15 19:06:00
"8112",1647371241,2022/03/15 19:07:21,47.237619,-122.411944,2022/03/15 19:07:00,"1213",1647371220,2022/03/15 19:07:00,0,37,3,2,0,3,3,4,1,3,2022/03/15 19:07:00
"8113",1647371245,2022/03/15 19:07:25,47.238361,-122.410906,2022/03/15 19:07:00,"1213",1647371220,2022/03/15 19:07:00,0,37,3,2,0,3,3,4,1,3,2022/03/15 19:07:00
"8114",1647371266,2022/03/15 19:07:46,47.237653,-122.411886,2022/03/15 19:07:00,"1213",1647371220,2022/03/15 19:07:00,0,37,3,2,0,3,3,4,1,3,2022/03/15 19:07:00
"8115",1647371275,2022/03/15 19:07:55,47.238373,-122.410892,2022/03/15 19:07:00,"1213",1647371220,2022/03/15 19:07:00,0,37,3,2,0,3,3,4,1,3,2022/03/15 19:07:00
"8116",1647371301,2022/03/15 19:08:21,47.237631,-122.411856,2022/03/15 19:08:00,"1214",1647371280,2022/03/15 19:08:00,28,32,75.515686,5.8189335,29,3,93,12,1,3,2022/03/15 19:08:00
"8117",1647371305,2022/03/15 19:08:25,47.238365,-122.410899,2022/03/15 19:08:00,"1214",1647371280,2022/03/15 19:08:00,28,32,75.515686,5.8189335,29,3,93,12,1,3,2022/03/15 19:08:00
"8118",1647371322,2022/03/15 19:08:42,47.237705,-122.411804,2022/03/15 19:08:00,"1214",1647371280,2022/03/15 19:08:00,28,32,75.515686,5.8189335,29,3,93,12,1,3,2022/03/15 19:08:00
"8119",1647371335,2022/03/15 19:08:55,47.238367,-122.410897,2022/03/15 19:08:00,"1214",1647371280,2022/03/15 19:08:00,28,32,75.515686,5.8189335,29,3,93,12,1,3,2022/03/15 19:08:00
"8120",1647371342,2022/03/15 19:09:02,47.237296,-122.415107,2022/03/15 19:09:00,"1215",1647371340,2022/03/15 19:09:00,29,35,5.4826527,2,31,3,5,4,1,3,2022/03/15 19:09:00
"8121",1647371362,2022/03/15 19:09:22,47.237738,-122.411578,2022/03/15 19:09:00,"1215",1647371340,2022/03/15 19:09:00,29,35,5.4826527,2,31,3,5,4,1,3,2022/03/15 19:09:00
"8122",1647371365,2022/03/15 19:09:25,47.238374,-122.410893,2022/03/15 19:09:00,"1215",1647371340,2022/03/15 19:09:00,29,35,5.4826527,2,31,3,5,4,1,3,2022/03/15 19:09:00
"8123",1647371382,2022/03/15 19:09:42,47.23803,-122.411239,2022/03/15 19:09:00,"1215",1647371340,2022/03/15 19:09:00,29,35,5.4826527,2,31,3,5,4,1,3,2022/03/15 19:09:00
"8124",1647371395,2022/03/15 19:09:55,47.238376,-122.410893,2022/03/15 19:09:00,"1215",1647371340,2022/03/15 19:09:00,29,35,5.4826527,2,31,3,5,4,1,3,2022/03/15 19:09:00
"8125",1647371403,2022/03/15 19:10:03,47.237653,-122.411869,2022/03/15 19:10:00,"1216",1647371400,2022/03/15 19:10:00,31,32,17.988728,5.3789215,33,3,18,11,2,5,2022/03/15 19:10:00
"8126",1647371425,2022/03/15 19:10:25,47.238376,-122.410891,2022/03/15 19:10:00,"1216",1647371400,2022/03/15 19:10:00,31,32,17.988728,5.3789215,33,3,18,11,2,5,2022/03/15 19:10:00
"8127",1647371434,2022/03/15 19:10:34,47.238182,-122.411167,2022/03/15 19:10:00,"1216",1647371400,2022/03/15 19:10:00,31,32,17.988728,5.3789215,33,3,18,11,2,5,2022/03/15 19:10:00
"8128",1647371454,2022/03/15 19:10:54,47.237847,-122.411489,2022/03/15 19:10:00,"1216",1647371400,2022/03/15 19:10:00,31,32,17.988728,5.3789215,33,3,18,11,2,5,2022/03/15 19:10:00
"8129",1647371483,2022/03/15 19:11:23,47.238567,-122.410212,2022/03/15 19:11:00,"1217",1647371460,2022/03/15 19:11:00,32,0,,,36,0,0,0,,,2022/03/15 19:11:00
"8130",1647371505,2022/03/15 19:11:45,47.237802,-122.411554,2022/03/15 19:11:00,"1217",1647371460,2022/03/15 19:11:00,32,0,,,36,0,0,0,,,2022/03/15 19:11:00
"8131",1647371515,2022/03/15 19:11:55,47.238364,-122.410901,2022/03/15 19:11:00,"1217",1647371460,2022/03/15 19:11:00,32,0,,,36,0,0,0,,,2022/03/15 19:11:00
"8132",1647371540,2022/03/15 19:12:20,47.237744,-122.411638,2022/03/15 19:12:00,"1218",1647371520,2022/03/15 19:12:00,33,35,39.20938,6.4170704,37,3,39,13,3,7,2022/03/15 19:12:00
"8133",1647371545,2022/03/15 19:12:25,47.238369,-122.410896,2022/03/15 19:12:00,"1218",1647371520,2022/03/15 19:12:00,33,35,39.20938,6.4170704,37,3,39,13,3,7,2022/03/15 19:12:00
"8134",1647371654,2022/03/15 19:14:14,47.237804,-122.411647,2022/03/15 19:14:00,"1220",1647371640,2022/03/15 19:14:00,32,53,29.218304,2.8037825,36,4,29,6,1,3,2022/03/15 19:14:00
"8135",1647371660,2022/03/15 19:14:20,47.23837,-122.41089,2022/03/15 19:14:00,"1220",1647371640,2022/03/15 19:14:00,32,53,29.218304,2.8037825,36,4,29,6,1,3,2022/03/15 19:14:00
"8136",1647371699,2022/03/15 19:14:59,47.238397,-122.411308,2022/03/15 19:14:00,"1220",1647371640,2022/03/15 19:14:00,32,53,29.218304,2.8037825,36,4,29,6,1,3,2022/03/15 19:14:00
"8137",1647371708,2022/03/15 19:15:08,47.238329,-122.411744,2022/03/15 19:15:00,"1221",1647371700,2022/03/15 19:15:00,29,70,63.061954,8.17543,30,6,72,16,2,6,2022/03/15 19:15:00
"8138",1647371718,2022/03/15 19:15:18,47.238056,-122.411879,2022/03/15 19:15:00,"1221",1647371700,2022/03/15 19:15:00,29,70,63.061954,8.17543,30,6,72,16,2,6,2022/03/15 19:15:00
"8139",1647371725,2022/03/15 19:15:25,47.238048,-122.411409,2022/03/15 19:15:00,"1221",1647371700,2022/03/15 19:15:00,29,70,63.061954,8.17543,30,6,72,16,2,6,2022/03/15 19:15:00
"8140",1647371730,2022/03/15 19:15:30,47.238102,-122.410984,2022/03/15 19:15:00,"1221",1647371700,2022/03/15 19:15:00,29,70,63.061954,8.17543,30,6,72,16,2,6,2022/03/15 19:15:00
"8141",1647371736,2022/03/15 19:15:36,47.238147,-122.410571,2022/03/15 19:15:00,"1221",1647371700,2022/03/15 19:15:00,29,70,63.061954,8.17543,30,6,72,16,2,6,2022/03/15 19:15:00
"8142",1647371752,2022/03/15 19:15:52,47.238309,-122.41024,2022/03/15 19:15:00,"1221",1647371700,2022/03/15 19:15:00,29,70,63.061954,8.17543,30,6,72,16,2,6,2022/03/15 19:15:00
"8191",1647372312,2022/03/15 19:25:12,47.237955,-122.437047,2022/03/15 19:25:00,"1231",1647372300,2022/03/15 19:25:00,36,29,34.669113,3.6541433,40,2,35,7,1,3,2022/03/15 19:25:00
"8192",1647372320,2022/03/15 19:25:20,47.238036,-122.436611,2022/03/15 19:25:00,"1231",1647372300,2022/03/15 19:25:00,36,29,34.669113,3.6541433,40,2,35,7,1,3,2022/03/15 19:25:00
"8193",1647372434,2022/03/15 19:27:14,47.238658,-122.433582,2022/03/15 19:27:00,"1233",1647372420,2022/03/15 19:27:00,0,27,14.293773,2,0,2,14,4,1,3,2022/03/15 19:27:00
"8194",1647372440,2022/03/15 19:27:20,47.238039,-122.436601,2022/03/15 19:27:00,"1233",1647372420,2022/03/15 19:27:00,0,27,14.293773,2,0,2,14,4,1,3,2022/03/15 19:27:00
"8195",1647372455,2022/03/15 19:27:35,47.237461,-122.434019,2022/03/15 19:27:00,"1233",1647372420,2022/03/15 19:27:00,0,27,14.293773,2,0,2,14,4,1,3,2022/03/15 19:27:00
"8196",1647372470,2022/03/15 19:27:50,47.238023,-122.436528,2022/03/15 19:27:00,"1233",1647372420,2022/03/15 19:27:00,0,27,14.293773,2,0,2,14,4,1,3,2022/03/15 19:27:00
"8197",1647372485,2022/03/15 19:28:05,47.237427,-122.434075,2022/03/15 19:28:00,"1234",1647372480,2022/03/15 19:28:00,45,25,3,2,52,2,3,4,1,3,2022/03/15 19:28:00
"8198",1647372500,2022/03/15 19:28:20,47.238039,-122.436596,2022/03/15 19:28:00,"1234",1647372480,2022/03/15 19:28:00,45,25,3,2,52,2,3,4,1,3,2022/03/15 19:28:00
"8199",1647372548,2022/03/15 19:29:08,47.237158,-122.434268,2022/03/15 19:29:00,"1235",1647372540,2022/03/15 19:29:00,46,24,,,53,2,0,0,,,2022/03/15 19:29:00
"8200",1647372560,2022/03/15 19:29:20,47.238019,-122.436542,2022/03/15 19:29:00,"1235",1647372540,2022/03/15 19:29:00,46,24,,,53,2,0,0,,,2022/03/15 19:29:00
"8201",1647372588,2022/03/15 19:29:48,47.237172,-122.434261,2022/03/15 19:29:00,"1235",1647372540,2022/03/15 19:29:00,46,24,,,53,2,0,0,,,2022/03/15 19:29:00
"8202",1647372609,2022/03/15 19:30:09,47.23779,-122.436715,2022/03/15 19:30:00,"1236",1647372600,2022/03/15 19:30:00,50,23,15.447623,2.127139,56,2,15,4,1,3,2022/03/15 19:30:00
"8203",1647372622,2022/03/15 19:30:22,47.238068,-122.436593,2022/03/15 19:30:00,"1236",1647372600,2022/03/15 19:30:00,50,23,15.447623,2.127139,56,2,15,4,1,3,2022/03/15 19:30:00
"8204",1647372642,2022/03/15 19:30:42,47.237157,-122.434269,2022/03/15 19:30:00,"1236",1647372600,2022/03/15 19:30:00,50,23,15.447623,2.127139,56,2,15,4,1,3,2022/03/15 19:30:00
"8205",1647372650,2022/03/15 19:30:50,47.238041,-122.436603,2022/03/15 19:30:00,"1236",1647372600,2022/03/15 19:30:00,50,23,15.447623,2.127139,56,2,15,4,1,3,2022/03/15 19:30:00
"8206",1647372704,2022/03/15 19:31:44,47.237217,-122.434273,2022/03/15 19:31:00,"1237",1647372660,2022/03/15 19:31:00,0,0,33.371696,3.263712,0,0,33,7,1,3,2022/03/15 19:31:00
"8207",1647372710,2022/03/15 19:31:50,47.238038,-122.43659,2022/03/15 19:31:00,"1237",1647372660,2022/03/15 19:31:00,0,0,33.371696,3.263712,0,0,33,7,1,3,2022/03/15 19:31:00
"8208",1647372781,2022/03/15 19:33:01,47.237896,-122.435912,2022/03/15 19:33:00,"1239",1647372780,2022/03/15 19:33:00,49,21,3,2,55,2,3,4,1,3,2022/03/15 19:33:00
"8209",1647372800,2022/03/15 19:33:20,47.238043,-122.436609,2022/03/15 19:33:00,"1239",1647372780,2022/03/15 19:33:00,49,21,3,2,55,2,3,4,1,3,2022/03/15 19:33:00
"8210",1647372820,2022/03/15 19:33:40,47.237851,-122.436914,2022/03/15 19:33:00,"1239",1647372780,2022/03/15 19:33:00,49,21,3,2,55,2,3,4,1,3,2022/03/15 19:33:00
"8211",1647372830,2022/03/15 19:33:50,47.238042,-122.436613,2022/03/15 19:33:00,"1239",1647372780,2022/03/15 19:33:00,49,21,3,2,55,2,3,4,1,3,2022/03/15 19:33:00
"8212",1647372841,2022/03/15 19:34:01,47.237765,-122.435055,2022/03/15 19:34:00,"1240",1647372840,2022/03/15 19:34:00,46,0,73.87106,6.471495,53,0,90,13,1,3,2022/03/15 19:34:00
"8213",1647372860,2022/03/15 19:34:20,47.238042,-122.436611,2022/03/15 19:34:00,"1240",1647372840,2022/03/15 19:34:00,46,0,73.87106,6.471495,53,0,90,13,1,3,2022/03/15 19:34:00
"8214",1647372883,2022/03/15 19:34:43,47.237911,-122.437059,2022/03/15 19:34:00,"1240",1647372840,2022/03/15 19:34:00,46,0,73.87106,6.471495,53,0,90,13,1,3,2022/03/15 19:34:00
"8215",1647372890,2022/03/15 19:34:50,47.238043,-122.436615,2022/03/15 19:34:00,"1240",1647372840,2022/03/15 19:34:00,46,0,73.87106,6.471495,53,0,90,13,1,3,2022/03/15 19:34:00
"8216",1647372913,2022/03/15 19:35:13,47.237845,-122.436939,2022/03/15 19:35:00,"1241",1647372900,2022/03/15 19:35:00,44,22,31.810238,2,51,2,32,4,1,3,2022/03/15 19:35:00
"8217",1647372920,2022/03/15 19:35:20,47.238043,-122.436614,2022/03/15 19:35:00,"1241",1647372900,2022/03/15 19:35:00,44,22,31.810238,2,51,2,32,4,1,3,2022/03/15 19:35:00
"8218",1647372929,2022/03/15 19:35:29,47.237693,-122.436104,2022/03/15 19:35:00,"1241",1647372900,2022/03/15 19:35:00,44,22,31.810238,2,51,2,32,4,1,3,2022/03/15 19:35:00
"8219",1647372950,2022/03/15 19:35:50,47.238044,-122.436611,2022/03/15 19:35:00,"1241",1647372900,2022/03/15 19:35:00,44,22,31.810238,2,51,2,32,4,1,3,2022/03/15 19:35:00
"8258",1647373528,2022/03/15 19:45:28,47.230851,-122.439987,2022/03/15 19:45:00,"1251",1647373500,2022/03/15 19:45:00,33,27,6.5310545,2,37,2,7,4,1,3,2022/03/15 19:45:00
"8259",1647373544,2022/03/15 19:45:44,47.231133,-122.439802,2022/03/15 19:45:00,"1251",1647373500,2022/03/15 19:45:00,33,27,6.5310545,2,37,2,7,4,1,3,2022/03/15 19:45:00
"8260",1647373561,2022/03/15 19:46:01,47.230825,-122.440168,2022/03/15 19:46:00,"1252",1647373560,2022/03/15 19:46:00,35,25,39.522945,3.596489,40,2,40,7,1,3,2022/03/15 19:46:00
"8261",1647373574,2022/03/15 19:46:14,47.231133,-122.439805,2022/03/15 19:46:00,"1252",1647373560,2022/03/15 19:46:00,35,25,39.522945,3.596489,40,2,40,7,1,3,2022/03/15 19:46:00
"8262",1647373592,2022/03/15 19:46:32,47.230835,-122.440174,2022/03/15 19:46:00,"1252",1647373560,2022/03/15 19:46:00,35,25,39.522945,3.596489,40,2,40,7,1,3,2022/03/15 19:46:00
"8263",1647373604,2022/03/15 19:46:44,47.231137,-122.439803,2022/03/15 19:46:00,"1252",1647373560,2022/03/15 19:46:00,35,25,39.522945,3.596489,40,2,40,7,1,3,2022/03/15 19:46:00
"8264",1647373623,2022/03/15 19:47:03,47.230809,-122.440298,2022/03/15 19:47:00,"1253",1647373620,2022/03/15 19:47:00,0,24,9.764191,2,0,2,10,4,1,3,2022/03/15 19:47:00
"8265",1647373634,2022/03/15 19:47:14,47.231138,-122.439804,2022/03/15 19:47:00,"1253",1647373620,2022/03/15 19:47:00,0,24,9.764191,2,0,2,10,4,1,3,2022/03/15 19:47:00
"8266",1647373654,2022/03/15 19:47:34,47.230767,-122.440425,2022/03/15 19:47:00,"1253",1647373620,2022/03/15 19:47:00,0,24,9.764191,2,0,2,10,4,1,3,2022/03/15 19:47:00
"8267",1647373664,2022/03/15 19:47:44,47.231136,-122.439806,2022/03/15 19:47:00,"1253",1647373620,2022/03/15 19:47:00,0,24,9.764191,2,0,2,10,4,1,3,2022/03/15 19:47:00
"8268",1647373685,2022/03/15 19:48:05,47.230813,-122.43999,2022/03/15 19:48:00,"1254",1647373680,2022/03/15 19:48:00,35,24,25.648014,3.9124384,40,2,26,8,1,3,2022/03/15 19:48:00
"8269",1647373694,2022/03/15 19:48:14,47.231132,-122.439803,2022/03/15 19:48:00,"1254",1647373680,2022/03/15 19:48:00,35,24,25.648014,3.9124384,40,2,26,8,1,3,2022/03/15 19:48:00
"8270",1647373706,2022/03/15 19:48:26,47.230837,-122.440186,2022/03/15 19:48:00,"1254",1647373680,2022/03/15 19:48:00,35,24,25.648014,3.9124384,40,2,26,8,1,3,2022/03/15 19:48:00
"8271",1647373724,2022/03/15 19:48:44,47.231146,-122.439798,2022/03/15 19:48:00,"1254",1647373680,2022/03/15 19:48:00,35,24,25.648014,3.9124384,40,2,26,8,1,3,2022/03/15 19:48:00
"8272",1647373746,2022/03/15 19:49:06,47.230741,-122.440427,2022/03/15 19:49:00,"1255",1647373740,2022/03/15 19:49:00,35,23,44.21962,3.8061457,39,2,44,8,1,3,2022/03/15 19:49:00
"8273",1647373754,2022/03/15 19:49:14,47.231141,-122.439806,2022/03/15 19:49:00,"1255",1647373740,2022/03/15 19:49:00,35,23,44.21962,3.8061457,39,2,44,8,1,3,2022/03/15 19:49:00
"8274",1647373766,2022/03/15 19:49:26,47.230845,-122.440275,2022/03/15 19:49:00,"1255",1647373740,2022/03/15 19:49:00,35,23,44.21962,3.8061457,39,2,44,8,1,3,2022/03/15 19:49:00
"8275",1647373784,2022/03/15 19:49:44,47.231147,-122.439799,2022/03/15 19:49:00,"1255",1647373740,2022/03/15 19:49:00,35,23,44.21962,3.8061457,39,2,44,8,1,3,2022/03/15 19:49:00
"8276",1647373807,2022/03/15 19:50:07,47.230813,-122.440279,2022/03/15 19:50:00,"1256",1647373800,2022/03/15 19:50:00,32,25,22.864674,2.7911758,35,2,23,6,1,3,2022/03/15 19:50:00
"8277",1647373814,2022/03/15 19:50:14,47.231146,-122.439805,2022/03/15 19:50:00,"1256",1647373800,2022/03/15 19:50:00,32,25,22.864674,2.7911758,35,2,23,6,1,3,2022/03/15 19:50:00
"8278",1647373827,2022/03/15 19:50:27,47.230853,-122.440263,2022/03/15 19:50:00,"1256",1647373800,2022/03/15 19:50:00,32,25,22.864674,2.7911758,35,2,23,6,1,3,2022/03/15 19:50:00
"8279",1647373844,2022/03/15 19:50:44,47.231149,-122.439802,2022/03/15 19:50:00,"1256",1647373800,2022/03/15 19:50:00,32,25,22.864674,2.7911758,35,2,23,6,1,3,2022/03/15 19:50:00
"8280",1647373864,2022/03/15 19:51:04,47.23083,-122.44015,2022/03/15 19:51:00,"1257",1647373860,2022/03/15 19:51:00,32,26,109.68721,10.343244,36,2,119,21,2,6,2022/03/15 19:51:00
"8281",1647373875,2022/03/15 19:51:15,47.231126,-122.439828,2022/03/15 19:51:00,"1257",1647373860,2022/03/15 19:51:00,32,26,109.68721,10.343244,36,2,119,21,2,6,2022/03/15 19:51:00
"8282",1647373884,2022/03/15 19:51:24,47.230895,-122.440103,2022/03/15 19:51:00,"1257",1647373860,2022/03/15 19:51:00,32,26,109.68721,10.343244,36,2,119,21,2,6,2022/03/15 19:51:00
"8283",1647373904,2022/03/15 19:51:44,47.231149,-122.439803,2022/03/15 19:51:00,"1257",1647373860,2022/03/15 19:51:00,32,26,109.68721,10.343244,36,2,119,21,2,6,2022/03/15 19:51:00
"8284",1647373924,2022/03/15 19:52:04,47.23076,-122.440355,2022/03/15 19:52:00,"1258",1647373920,2022/03/15 19:52:00,33,21,5.7610726,2,36,2,6,4,1,3,2022/03/15 19:52:00
"8285",1647373934,2022/03/15 19:52:14,47.231147,-122.439807,2022/03/15 19:52:00,"1258",1647373920,2022/03/15 19:52:00,33,21,5.7610726,2,36,2,6,4,1,3,2022/03/15 19:52:00
"8286",1647373944,2022/03/15 19:52:24,47.230889,-122.440172,2022/03/15 19:52:00,"1258",1647373920,2022/03/15 19:52:00,33,21,5.7610726,2,36,2,6,4,1,3,2022/03/15 19:52:00
"8287",1647373964,2022/03/15 19:52:44,47.231149,-122.439802,2022/03/15 19:52:00,"1258",1647373920,2022/03/15 19:52:00,33,21,5.7610726,2,36,2,6,4,1,3,2022/03/15 19:52:00
"8288",1647374137,2022/03/15 19:55:37,47.234282,-122.438217,2022/03/15 19:55:00,"1261",1647374100,2022/03/15 19:55:00,35,23,3,2,39,2,3,4,1,3,2022/03/15 19:55:00
"8289",1647374140,2022/03/15 19:55:40,47.231146,-122.439802,2022/03/15 19:55:00,"1261",1647374100,2022/03/15 19:55:00,35,23,3,2,39,2,3,4,1,3,2022/03/15 19:55:00
"8468",1647376208,2022/03/15 20:30:08,47.222161,-122.47511,2022/03/15 20:30:00,"1297",1647376200,2022/03/15 20:30:00,30,20,16.23891,2,32,2,16,4,1,3,2022/03/15 20:30:00
"8469",1647376219,2022/03/15 20:30:19,47.222352,-122.474592,2022/03/15 20:30:00,"1297",1647376200,2022/03/15 20:30:00,30,20,16.23891,2,32,2,16,4,1,3,2022/03/15 20:30:00
"8470",1647376382,2022/03/15 20:33:02,47.222282,-122.474676,2022/03/15 20:33:00,"1301",1647376439,2022/03/15 20:33:59,29,17,3,2,30,1,3,4,1,3,2022/03/15 20:33:00
"8471",1647376400,2022/03/15 20:33:20,47.222231,-122.475135,2022/03/15 20:33:00,"1301",1647376439,2022/03/15 20:33:59,29,17,3,2,30,1,3,4,1,3,2022/03/15 20:33:00
"8472",1647376411,2022/03/15 20:33:31,47.222375,-122.474707,2022/03/15 20:33:00,"1301",1647376439,2022/03/15 20:33:59,29,17,3,2,30,1,3,4,1,3,2022/03/15 20:33:00
"8473",1647376484,2022/03/15 20:34:44,47.222154,-122.475006,2022/03/15 20:34:00,"1302",1647376499,2022/03/15 20:34:59,31,15,41.130665,3.9808068,33,1,41,8,1,3,2022/03/15 20:34:00
"8474",1647376491,2022/03/15 20:34:51,47.222347,-122.474597,2022/03/15 20:34:00,"1302",1647376499,2022/03/15 20:34:59,31,15,41.130665,3.9808068,33,1,41,8,1,3,2022/03/15 20:34:00
"8475",1647376545,2022/03/15 20:35:45,47.222207,-122.475451,2022/03/15 20:35:00,"1303",1647376559,2022/03/15 20:35:59,28,14,54.837597,6.8297205,30,1,58,14,2,5,2022/03/15 20:35:00
"8476",1647376551,2022/03/15 20:35:51,47.222348,-122.47462,2022/03/15 20:35:00,"1303",1647376559,2022/03/15 20:35:59,28,14,54.837597,6.8297205,30,1,58,14,2,5,2022/03/15 20:35:00
"8477",1647376574,2022/03/15 20:36:14,47.222326,-122.475075,2022/03/15 20:36:00,"1304",1647376619,2022/03/15 20:36:59,28,13,76.42747,6.4497805,29,1,94,13,1,3,2022/03/15 20:36:00
"8478",1647376581,2022/03/15 20:36:21,47.222353,-122.474616,2022/03/15 20:36:00,"1304",1647376619,2022/03/15 20:36:59,28,13,76.42747,6.4497805,29,1,94,13,1,3,2022/03/15 20:36:00
"8479",1647376624,2022/03/15 20:37:04,47.22221,-122.475431,2022/03/15 20:37:00,"1305",1647376679,2022/03/15 20:37:59,26,0,,,26,0,0,0,,,2022/03/15 20:37:00
"8480",1647376641,2022/03/15 20:37:21,47.222352,-122.474595,2022/03/15 20:37:00,"1305",1647376679,2022/03/15 20:37:59,26,0,,,26,0,0,0,,,2022/03/15 20:37:00
"8481",1647376718,2022/03/15 20:38:38,47.222175,-122.475166,2022/03/15 20:38:00,"1306",1647376739,2022/03/15 20:38:59,25,12,3,2,25,1,3,4,1,3,2022/03/15 20:38:00
"8482",1647376733,2022/03/15 20:38:53,47.222302,-122.475644,2022/03/15 20:38:00,"1306",1647376739,2022/03/15 20:38:59,25,12,3,2,25,1,3,4,1,3,2022/03/15 20:38:00
"8483",1647376743,2022/03/15 20:39:03,47.222323,-122.475108,2022/03/15 20:39:00,"1307",1647376799,2022/03/15 20:39:59,24,12,3.1824064,2,24,1,3,4,1,3,2022/03/15 20:39:00
"8690",1647379789,2022/03/15 21:29:49,47.260483,-122.516118,2022/03/15 21:29:00,"1356",1647379740,2022/03/15 21:29:00,0,42,55.076298,4.7879868,0,3,58,10,1,3,2022/03/15 21:29:00
"8691",1647379798,2022/03/15 21:29:58,47.260412,-122.515605,2022/03/15 21:29:00,"1356",1647379740,2022/03/15 21:29:00,0,42,55.076298,4.7879868,0,3,58,10,1,3,2022/03/15 21:29:00
"8692",1647379931,2022/03/15 21:32:11,47.260411,-122.51535,2022/03/15 21:32:00,"1360",1647379979,2022/03/15 21:32:59,17,35,82.67372,6.094511,16,3,102,12,1,3,2022/03/15 21:32:00
"8693",1647379955,2022/03/15 21:32:35,47.260526,-122.515767,2022/03/15 21:32:00,"1360",1647379979,2022/03/15 21:32:59,17,35,82.67372,6.094511,16,3,102,12,1,3,2022/03/15 21:32:00
"8694",1647380042,2022/03/15 21:34:02,47.260462,-122.516263,2022/03/15 21:34:00,"1362",1647380099,2022/03/15 21:34:59,17,0,,,16,0,0,0,,,2022/03/15 21:34:00
"8695",1647380052,2022/03/15 21:34:12,47.260416,-122.515586,2022/03/15 21:34:00,"1362",1647380099,2022/03/15 21:34:59,17,0,,,16,0,0,0,,,2022/03/15 21:34:00
"8690",1647379789,2022/03/15 21:29:49,47.260483,-122.516118,2022/03/15 21:29:00,"1356",1647379740,2022/03/15 21:29:00,0,42,55.076298,4.7879868,0,3,58,10,1,3,2022/03/15 21:29:00
"8691",1647379798,2022/03/15 21:29:58,47.260412,-122.515605,2022/03/15 21:29:00,"1356",1647379740,2022/03/15 21:29:00,0,42,55.076298,4.7879868,0,3,58,10,1,3,2022/03/15 21:29:00
"8692",1647379931,2022/03/15 21:32:11,47.260411,-122.51535,2022/03/15 21:32:00,"1360",1647379979,2022/03/15 21:32:59,17,35,82.67372,6.094511,16,3,102,12,1,3,2022/03/15 21:32:00
"8693",1647379955,2022/03/15 21:32:35,47.260526,-122.515767,2022/03/15 21:32:00,"1360",1647379979,2022/03/15 21:32:59,17,35,82.67372,6.094511,16,3,102,12,1,3,2022/03/15 21:32:00
"8694",1647380042,2022/03/15 21:34:02,47.260462,-122.516263,2022/03/15 21:34:00,"1362",1647380099,2022/03/15 21:34:59,17,0,,,16,0,0,0,,,2022/03/15 21:34:00
"8695",1647380052,2022/03/15 21:34:12,47.260416,-122.515586,2022/03/15 21:34:00,"1362",1647380099,2022/03/15 21:34:59,17,0,,,16,0,0,0,,,2022/03/15 21:34:00
"8783",1647381119,2022/03/15 21:51:59,47.255458,-122.53258,2022/03/15 21:51:00,"1379",1647381119,2022/03/15 21:51:59,6,64,23.947006,2,5,5,24,4,1,3,2022/03/15 21:51:00
"8784",1647381123,2022/03/15 21:52:03,47.255736,-122.532281,2022/03/15 21:52:00,"1380",1647381179,2022/03/15 21:52:59,5,63,103.814125,7.914337,5,5,115,16,1,3,2022/03/15 21:52:00
"8785",1647381139,2022/03/15 21:52:19,47.25551,-122.532549,2022/03/15 21:52:00,"1380",1647381179,2022/03/15 21:52:59,5,63,103.814125,7.914337,5,5,115,16,1,3,2022/03/15 21:52:00
"8786",1647381153,2022/03/15 21:52:33,47.25574,-122.532276,2022/03/15 21:52:00,"1380",1647381179,2022/03/15 21:52:59,5,63,103.814125,7.914337,5,5,115,16,1,3,2022/03/15 21:52:00
"8787",1647381199,2022/03/15 21:53:19,47.255434,-122.532491,2022/03/15 21:53:00,"1381",1647381239,2022/03/15 21:53:59,5,64,13.403457,2,4,5,13,4,1,3,2022/03/15 21:53:00
"8788",1647381213,2022/03/15 21:53:33,47.255737,-122.532278,2022/03/15 21:53:00,"1381",1647381239,2022/03/15 21:53:59,5,64,13.403457,2,4,5,13,4,1,3,2022/03/15 21:53:00
"8789",1647381330,2022/03/15 21:55:30,47.255417,-122.532635,2022/03/15 21:55:00,"1383",1647381359,2022/03/15 21:55:59,3,0,99.0481,8.107574,3,0,112,16,1,3,2022/03/15 21:55:00
"8790",1647381363,2022/03/15 21:56:03,47.255735,-122.53227,2022/03/15 21:56:00,"1384",1647381419,2022/03/15 21:56:59,2,63,5.6752567,2,1,5,6,4,1,3,2022/03/15 21:56:00
"8791",1647381380,2022/03/15 21:56:20,47.255423,-122.532392,2022/03/15 21:56:00,"1384",1647381419,2022/03/15 21:56:59,2,63,5.6752567,2,1,5,6,4,1,3,2022/03/15 21:56:00
"8792",1647381393,2022/03/15 21:56:33,47.255742,-122.532265,2022/03/15 21:56:00,"1384",1647381419,2022/03/15 21:56:59,2,63,5.6752567,2,1,5,6,4,1,3,2022/03/15 21:56:00
"8793",1647381435,2022/03/15 21:57:15,47.255488,-122.532443,2022/03/15 21:57:00,"1385",1647381479,2022/03/15 21:57:59,1,60,113.59254,8.763079,1,5,121,18,1,3,2022/03/15 21:57:00
"8794",1647381453,2022/03/15 21:57:33,47.255741,-122.532265,2022/03/15 21:57:00,"1385",1647381479,2022/03/15 21:57:59,1,60,113.59254,8.763079,1,5,121,18,1,3,2022/03/15 21:57:00
"8795",1647381476,2022/03/15 21:57:56,47.255465,-122.532823,2022/03/15 21:57:00,"1385",1647381479,2022/03/15 21:57:59,1,60,113.59254,8.763079,1,5,121,18,1,3,2022/03/15 21:57:00
"8796",1647381483,2022/03/15 21:58:03,47.255742,-122.532262,2022/03/15 21:58:00,"1386",1647381539,2022/03/15 21:58:59,1,63,3,2,1,5,3,4,1,3,2022/03/15 21:58:00
"8797",1647381541,2022/03/15 21:59:01,47.255407,-122.532467,2022/03/15 21:59:00,"1387",1647381599,2022/03/15 21:59:59,0,61,31.794868,2.2910929,0,5,32,5,1,3,2022/03/15 21:59:00
"8798",1647381573,2022/03/15 21:59:33,47.255739,-122.532261,2022/03/15 21:59:00,"1387",1647381599,2022/03/15 21:59:59,0,61,31.794868,2.2910929,0,5,32,5,1,3,2022/03/15 21:59:00
"8799",1647381627,2022/03/15 22:00:27,47.255465,-122.532264,2022/03/15 22:00:00,"1388",1647381659,2022/03/15 22:00:59,1,68,3,2,1,5,3,4,1,3,2022/03/15 22:00:00
"8800",1647381633,2022/03/15 22:00:33,47.255735,-122.532259,2022/03/15 22:00:00,"1388",1647381659,2022/03/15 22:00:59,1,68,3,2,1,5,3,4,1,3,2022/03/15 22:00:00
"8863",1647382263,2022/03/15 22:11:03,47.260973,-122.539546,2022/03/15 22:11:00,"1399",1647382319,2022/03/15 22:11:59,6,31,30.555862,3.0190325,6,2,31,6,1,3,2022/03/15 22:11:00
"8864",1647382279,2022/03/15 22:11:19,47.260912,-122.539944,2022/03/15 22:11:00,"1399",1647382319,2022/03/15 22:11:59,6,31,30.555862,3.0190325,6,2,31,6,1,3,2022/03/15 22:11:00
"8865",1647382413,2022/03/15 22:13:33,47.260942,-122.53952,2022/03/15 22:13:00,"1401",1647382439,2022/03/15 22:13:59,6,26,3,2,6,2,3,4,1,3,2022/03/15 22:13:00
"8866",1647382422,2022/03/15 22:13:42,47.260874,-122.540233,2022/03/15 22:13:00,"1401",1647382439,2022/03/15 22:13:59,6,26,3,2,6,2,3,4,1,3,2022/03/15 22:13:00
"8867",1647382441,2022/03/15 22:14:01,47.260932,-122.539514,2022/03/15 22:14:00,"1402",1647382499,2022/03/15 22:14:59,5,30,19.601536,2.235549,4,2,20,4,1,3,2022/03/15 22:14:00
"8868",1647382452,2022/03/15 22:14:12,47.260874,-122.540232,2022/03/15 22:14:00,"1402",1647382499,2022/03/15 22:14:59,5,30,19.601536,2.235549,4,2,20,4,1,3,2022/03/15 22:14:00
"8869",1647382461,2022/03/15 22:14:21,47.26091,-122.539621,2022/03/15 22:14:00,"1402",1647382499,2022/03/15 22:14:59,5,30,19.601536,2.235549,4,2,20,4,1,3,2022/03/15 22:14:00
"8870",1647382482,2022/03/15 22:14:42,47.260873,-122.540236,2022/03/15 22:14:00,"1402",1647382499,2022/03/15 22:14:59,5,30,19.601536,2.235549,4,2,20,4,1,3,2022/03/15 22:14:00
"8871",1647382771,2022/03/15 22:19:31,47.26093,-122.539463,2022/03/15 22:19:00,"1407",1647382799,2022/03/15 22:19:59,4,26,16.992207,2,3,2,17,4,1,3,2022/03/15 22:19:00
"8872",1647382804,2022/03/15 22:20:04,47.260881,-122.540231,2022/03/15 22:20:00,"1408",1647382859,2022/03/15 22:20:59,3,26,10.224766,2,3,2,10,4,1,3,2022/03/15 22:20:00
"8873",1647382881,2022/03/15 22:21:21,47.26092,-122.539466,2022/03/15 22:21:00,"1409",1647382919,2022/03/15 22:21:59,2,34,18.716503,2.2755327,2,3,19,5,1,3,2022/03/15 22:21:00
"8874",1647382894,2022/03/15 22:21:34,47.260882,-122.54022,2022/03/15 22:21:00,"1409",1647382919,2022/03/15 22:21:59,2,34,18.716503,2.2755327,2,3,19,5,1,3,2022/03/15 22:21:00
