"GEO_ID","id"
"NAME","Geographic Area Name"
"B11004_001E","Estimate!!Total"
"B11004_001M","Margin of Error!!Total"
"B11004_002E","Estimate!!Total!!Married-couple family"
"B11004_002M","Margin of Error!!Total!!Married-couple family"
"B11004_003E","Estimate!!Total!!Married-couple family!!With related children under 18 years"
"B11004_003M","Margin of Error!!Total!!Married-couple family!!With related children under 18 years"
"B11004_004E","Estimate!!Total!!Married-couple family!!With related children under 18 years!!Under 6 years only"
"B11004_004M","Margin of Error!!Total!!Married-couple family!!With related children under 18 years!!Under 6 years only"
"B11004_005E","Estimate!!Total!!Married-couple family!!With related children under 18 years!!Under 6 years and 6 to 17 years"
"B11004_005M","Margin of Error!!Total!!Married-couple family!!With related children under 18 years!!Under 6 years and 6 to 17 years"
"B11004_006E","Estimate!!Total!!Married-couple family!!With related children under 18 years!!6 to 17 years only"
"B11004_006M","Margin of Error!!Total!!Married-couple family!!With related children under 18 years!!6 to 17 years only"
"B11004_007E","Estimate!!Total!!Married-couple family!!No related children under 18 years"
"B11004_007M","Margin of Error!!Total!!Married-couple family!!No related children under 18 years"
"B11004_008E","Estimate!!Total!!Other family"
"B11004_008M","Margin of Error!!Total!!Other family"
"B11004_009E","Estimate!!Total!!Other family!!Male householder, no wife present"
"B11004_009M","Margin of Error!!Total!!Other family!!Male householder, no wife present"
"B11004_010E","Estimate!!Total!!Other family!!Male householder, no wife present!!With related children under 18 years"
"B11004_010M","Margin of Error!!Total!!Other family!!Male householder, no wife present!!With related children under 18 years"
"B11004_011E","Estimate!!Total!!Other family!!Male householder, no wife present!!With related children under 18 years!!Under 6 years only"
"B11004_011M","Margin of Error!!Total!!Other family!!Male householder, no wife present!!With related children under 18 years!!Under 6 years only"
"B11004_012E","Estimate!!Total!!Other family!!Male householder, no wife present!!With related children under 18 years!!Under 6 years and 6 to 17 years"
"B11004_012M","Margin of Error!!Total!!Other family!!Male householder, no wife present!!With related children under 18 years!!Under 6 years and 6 to 17 years"
"B11004_013E","Estimate!!Total!!Other family!!Male householder, no wife present!!With related children under 18 years!!6 to 17 years only"
"B11004_013M","Margin of Error!!Total!!Other family!!Male householder, no wife present!!With related children under 18 years!!6 to 17 years only"
"B11004_014E","Estimate!!Total!!Other family!!Male householder, no wife present!!No related children under 18 years"
"B11004_014M","Margin of Error!!Total!!Other family!!Male householder, no wife present!!No related children under 18 years"
"B11004_015E","Estimate!!Total!!Other family!!Female householder, no husband present"
"B11004_015M","Margin of Error!!Total!!Other family!!Female householder, no husband present"
"B11004_016E","Estimate!!Total!!Other family!!Female householder, no husband present!!With related children under 18 years"
"B11004_016M","Margin of Error!!Total!!Other family!!Female householder, no husband present!!With related children under 18 years"
"B11004_017E","Estimate!!Total!!Other family!!Female householder, no husband present!!With related children under 18 years!!Under 6 years only"
"B11004_017M","Margin of Error!!Total!!Other family!!Female householder, no husband present!!With related children under 18 years!!Under 6 years only"
"B11004_018E","Estimate!!Total!!Other family!!Female householder, no husband present!!With related children under 18 years!!Under 6 years and 6 to 17 years"
"B11004_018M","Margin of Error!!Total!!Other family!!Female householder, no husband present!!With related children under 18 years!!Under 6 years and 6 to 17 years"
"B11004_019E","Estimate!!Total!!Other family!!Female householder, no husband present!!With related children under 18 years!!6 to 17 years only"
"B11004_019M","Margin of Error!!Total!!Other family!!Female householder, no husband present!!With related children under 18 years!!6 to 17 years only"
"B11004_020E","Estimate!!Total!!Other family!!Female householder, no husband present!!No related children under 18 years"
"B11004_020M","Margin of Error!!Total!!Other family!!Female householder, no husband present!!No related children under 18 years"
