﻿ELSI Export

National Center for Education Statistics - http://nces.ed.gov/ccd/elsi/

This is a Public School based table with the following filters applied: State(s) (All Years): WASHINGTON; Location City [Public School] (All Years: 2014-15): Tacoma

School Name,State Name [Public School] Latest available year,Location City [Public School] 2014-15,Title I Eligible School [Public School] 2014-15,Total Students All Grades (Excludes AE) [Public School] 2014-15,American Indian/Alaska Native Students [Public School] 2014-15,Hispanic Students [Public School] 2014-15,Black or African American Students [Public School] 2014-15,Nat. Hawaiian or Other Pacific Isl. Students [Public School] 2014-15,Free and Reduced Lunch Students [Public School] 2014-15
ALTERNATIVE SPCL NEEDS DIV OCC,Washington,TACOMA,†,="0",="0",="0",="0",="0",="0"
ANGELO GIAUDRONE MIDDLE SCHOOL,Washington,TACOMA,1-Yes,640,10,113,180,9,501
ARLINGTON,Washington,TACOMA,1-Yes,267,1,56,65,19,228
BAKER,Washington,TACOMA,1-Yes,697,8,186,118,36,549
BATES TECHNICAL HIGH SCHOOL,Washington,TACOMA,2-No,268,7,39,32,4,="0"
BIRNEY,Washington,TACOMA,1-Yes,444,1,135,101,18,355
BLIX ELEMENTARY,Washington,TACOMA,1-Yes,494,8,157,92,16,410
BOZE,Washington,TACOMA,1-Yes,374,5,124,71,16,316
BROOKDALE ELEMENTARY,Washington,TACOMA,1-Yes,482,10,124,27,45,342
BROWNS POINT,Washington,TACOMA,2-No,460,2,41,31,4,98
BRYANT,Washington,TACOMA,1-Yes,427,6,34,76,2,222
CARTER LAKE ELEMENTARY SCHOOL,Washington,TACOMA,1-Yes,406,2,74,49,9,187
CENTRAL AVENUE ELEMENTARY,Washington,TACOMA,1-Yes,435,2,82,21,9,258
CHESTER H THOMPSON ELEMENTARY,Washington,TACOMA,1-Yes,524,5,130,54,37,401
CHRISTENSEN ELEMENTARY,Washington,TACOMA,1-Yes,431,5,112,78,30,325
CLOVER CREEK ELEMENTARY,Washington,TACOMA,1-Yes,646,4,98,57,23,321
COLLINS ELEMENTARY,Washington,TACOMA,1-Yes,397,3,79,15,4,201
COLUMBIA JUNIOR HIGH SCHOOL,Washington,TACOMA,1-Yes,581,9,106,22,16,268
COMM BASED TRANS PROGRAM,Washington,TACOMA,2-No,51,1,4,11,1,42
CRESCENT HEIGHTS,Washington,TACOMA,2-No,498,3,67,38,18,188
DAY REPORTING SCHOOL,Washington,TACOMA,2-No,18,1,4,8,="0",13
DELONG,Washington,TACOMA,1-Yes,547,9,84,157,9,394
DOWNING,Washington,TACOMA,1-Yes,276,3,29,42,1,145
EDISON,Washington,TACOMA,1-Yes,510,2,147,100,13,437
ELMHURST ELEMENTARY SCHOOL,Washington,TACOMA,1-Yes,415,5,70,50,27,296
FAWCETT,Washington,TACOMA,1-Yes,460,6,101,52,13,335
FERN HILL,Washington,TACOMA,1-Yes,362,1,112,35,22,268
FIFE HIGH SCHOOL,Washington,TACOMA,1-Yes,778,9,144,33,28,348
FIRST CREEK MIDDLE SCHOOL,Washington,TACOMA,1-Yes,773,17,224,178,36,701
FOSS,Washington,TACOMA,1-Yes,887,11,152,229,22,619
FRANKLIN,Washington,TACOMA,1-Yes,287,5,59,65,7,223
FRANKLIN PIERCE HIGH SCHOOL,Washington,TACOMA,1-Yes,1192,14,237,114,36,698
GATES OPEN DOORS PROGRAM,Washington,TACOMA,2-No,13,="0",4,1,="0",7
GATES SECONDARY SCHOOL,Washington,TACOMA,1-Yes,185,4,29,19,7,123
GEIGER,Washington,TACOMA,1-Yes,415,3,66,36,5,192
GOODWILL GED,Washington,TACOMA,2-No,33,1,7,10,="0",20
GRANT,Washington,TACOMA,1-Yes,345,5,34,40,3,127
GRAY,Washington,TACOMA,1-Yes,617,5,137,149,32,493
HARVARD ELEMENTARY,Washington,TACOMA,1-Yes,426,1,235,35,11,343
HELEN B. STAFFORD ELEMENTARY,Washington,TACOMA,1-Yes,519,2,139,51,31,406
HOME BASED,Washington,TACOMA,†,†,†,†,†,†,†
JAMES SALES ELEMENTARY,Washington,TACOMA,1-Yes,458,6,151,47,28,363
JASON LEE,Washington,TACOMA,1-Yes,594,13,59,197,14,417
JEFFERSON,Washington,TACOMA,1-Yes,309,2,44,56,1,201
LARCHMONT,Washington,TACOMA,1-Yes,419,5,92,84,14,348
LEARNING SUPPORT,Washington,TACOMA,2-No,81,1,28,8,="0",38
LINCOLN,Washington,TACOMA,1-Yes,1407,19,330,388,55,1110
LISTER,Washington,TACOMA,1-Yes,532,5,96,148,29,473
LOWELL,Washington,TACOMA,2-No,440,2,38,35,4,77
LYON,Washington,TACOMA,1-Yes,341,4,107,54,11,281
MADISON HEADSTART,Washington,TACOMA,2-No,3,="0",2,1,="0",–
MANITOU PARK,Washington,TACOMA,1-Yes,620,8,171,165,26,526
MANN,Washington,TACOMA,1-Yes,491,10,95,93,22,371
MASON,Washington,TACOMA,2-No,827,8,62,93,10,294
MCCARVER,Washington,TACOMA,1-Yes,427,7,50,174,7,397
MEEKER,Washington,TACOMA,2-No,656,10,64,73,7,213
MIDLAND ELEMENTARY,Washington,TACOMA,1-Yes,529,2,156,54,31,360
MORRIS FORD MIDDLE SCHOOL,Washington,TACOMA,1-Yes,922,6,252,85,27,679
MT TAHOMA,Washington,TACOMA,1-Yes,1530,23,349,316,59,1137
NACHES TRAIL ELEMENTARY,Washington,TACOMA,1-Yes,458,7,61,22,12,241
NORTHEAST TACOMA,Washington,TACOMA,1-Yes,383,5,83,44,11,213
OAKLAND HIGH SCHOOL,Washington,TACOMA,1-Yes,234,4,41,74,11,185
PERRY G KEITHLEY MIDDLE SCHOOL,Washington,TACOMA,1-Yes,719,3,183,98,56,546
POINT DEFIANCE,Washington,TACOMA,1-Yes,428,7,44,47,3,204
REED,Washington,TACOMA,1-Yes,467,2,162,105,18,392
REMANN HALL JUVENILE DETENTION CENTER,Washington,TACOMA,2-No,33,="0",3,15,1,13
ROOSEVELT,Washington,TACOMA,1-Yes,263,8,77,56,11,229
SCIENCE AND MATH INSTITUTE,Washington,TACOMA,2-No,459,4,37,47,6,176
SHERIDAN,Washington,TACOMA,1-Yes,606,4,238,126,20,524
SHERMAN,Washington,TACOMA,1-Yes,408,4,32,25,="0",126
SKYLINE,Washington,TACOMA,1-Yes,388,1,49,58,3,233
SPANAWAY MIDDLE SCHOOL,Washington,TACOMA,1-Yes,730,18,144,88,36,460
SPECIAL SERVICES,Washington,TACOMA,2-No,67,2,3,15,="0",25
STADIUM,Washington,TACOMA,2-No,1680,26,185,246,17,614
STANLEY,Washington,TACOMA,1-Yes,290,5,45,109,12,252
STEWART,Washington,TACOMA,1-Yes,407,12,71,109,9,334
TACOMA BUSINESS ACADEMY,Washington,TACOMA,†,="0",="0",="0",="0",="0",="0"
TACOMA OPEN DOORS,Washington,TACOMA,2-No,195,7,31,50,="0",64
TACOMA PIERCE COUNTY EDUCATION CENTER,Washington,TACOMA,2-No,2,="0",="0",2,="0",–
TACOMA SCHOOL OF THE ARTS,Washington,TACOMA,2-No,521,7,68,77,3,204
TCC FRESH START,Washington,TACOMA,†,="0",="0",="0",="0",="0",="0"
THE SCHOOL AT PEARL YOUTH RESIDENCE,Washington,TACOMA,1-Yes,11,="0",1,="0",2,3
THOMPSON PRESCHOOL,Washington,TACOMA,1-Yes,24,="0",10,1,="0",11
TRUMAN,Washington,TACOMA,1-Yes,758,8,84,123,10,432
WALLER ROAD ELEMENTARY,Washington,TACOMA,1-Yes,293,4,45,6,2,144
WASHINGTON ELEMENTARY,Washington,TACOMA,2-No,439,="0",37,22,1,81
WASHINGTON HIGH SCHOOL,Washington,TACOMA,1-Yes,967,8,173,164,105,711
WAVA,Washington,TACOMA,2-No,335,6,36,21,2,37
WHITMAN,Washington,TACOMA,1-Yes,428,6,72,91,20,343
WHITTIER,Washington,TACOMA,1-Yes,498,="0",58,85,3,226
WILLIE STEWART ACADEMY,Washington,TACOMA,2-No,196,4,46,54,6,124
WILSON,Washington,TACOMA,1-Yes,1268,15,109,239,10,568


Data Source: U.S. Department of Education National Center for Education Statistics Common Core of Data (CCD) "Public Elementary/Secondary School Universe Survey" 2020-21 v.1a; "Public Elementary/Secondary School Universe Survey CCD School Data" 2014-15 v.1a; "Public Elementary/Secondary School Universe Survey Directory Data" 2014-15 v.1a; "Public Elementary/Secondary School Universe Survey Free Lunch Data" 2014-15 v.1a; "Public Elementary/Secondary School Universe Survey Membership Data" 2014-15 v.1a.

† indicates that the data are not applicable.
– indicates that the data are missing.
‡ indicates that the data do not meet NCES data quality standards.
