﻿ELSI Export

National Center for Education Statistics - http://nces.ed.gov/ccd/elsi/

This is a Public School based table with the following filters applied: State(s) (All Years): WASHINGTON; Location City [Public School] (All Years: 2013-14): Tacoma

School Name,State Name [Public School] Latest available year,School Name [Public School] 2013-14,Location City [Public School] 2013-14,Total Students All Grades (Excludes AE) [Public School] 2013-14,Free and Reduced Lunch Students [Public School] 2013-14,Title I Eligible School [Public School] 2013-14,American Indian/Alaska Native Students [Public School] 2013-14,Hispanic Students [Public School] 2013-14,Black or African American Students [Public School] 2013-14,Nat. Hawaiian or Other Pacific Isl. Students [Public School] 2013-14
ALTERNATIVE SPCL NEEDS DIV OCC,Washington,ALTERNATIVE SPCL NEEDS DIV OCC,TACOMA,="0",="0",2-No,="0",="0",="0",="0"
ANGELO GIAUDRONE MIDDLE SCHOOL,Washington,ANGELO GIAUDRONE MIDDLE SCHOOL,TACOMA,648,507,1-Yes,13,117,175,10
ARLINGTON,Washington,ARLINGTON,TACOMA,285,239,1-Yes,="0",55,62,23
BAKER,Washington,BAKER,TACOMA,699,533,1-Yes,9,167,133,28
BATES TECHNICAL HIGH SCHOOL,Washington,BATES TECHNICAL HIGH SCHOOL,TACOMA,185,="0",–,3,24,30,6
BIRNEY,Washington,BIRNEY,TACOMA,393,299,1-Yes,5,112,109,14
BLIX ELEMENTARY,Washington,BLIX ELEMENTARY,TACOMA,463,400,1-Yes,7,160,102,8
BOZE,Washington,BOZE,TACOMA,374,335,1-Yes,5,133,81,16
BROOKDALE ELEMENTARY,Washington,BROOKDALE ELEMENTARY,TACOMA,496,356,1-Yes,5,117,24,58
BROWNS POINT,Washington,BROWNS POINT,TACOMA,464,101,2-No,2,33,39,4
BRYANT,Washington,BRYANT,TACOMA,421,223,1-Yes,7,38,74,6
CARTER LAKE ELEMENTARY SCHOOL,Washington,CARTER LAKE ELEMENTARY SCHOOL,TACOMA,464,236,1-Yes,1,81,56,5
CENTRAL AVENUE ELEMENTARY,Washington,CENTRAL AVENUE ELEMENTARY,TACOMA,424,260,1-Yes,1,68,26,13
CHESTER H THOMPSON ELEMENTARY,Washington,CHESTER H THOMPSON ELEMENTARY,TACOMA,577,413,1-Yes,7,138,52,46
CHRISTENSEN ELEMENTARY,Washington,CHRISTENSEN ELEMENTARY,TACOMA,434,350,1-Yes,1,112,72,27
CLOVER CREEK ELEMENTARY,Washington,CLOVER CREEK ELEMENTARY,TACOMA,544,238,1-Yes,6,79,46,15
COLLINS ELEMENTARY,Washington,COLLINS ELEMENTARY,TACOMA,416,243,1-Yes,1,80,19,8
COLUMBIA JUNIOR HIGH SCHOOL,Washington,COLUMBIA JUNIOR HIGH SCHOOL,TACOMA,556,246,1-Yes,8,94,17,21
COMM BASED TRANS PROGRAM,Washington,COMM BASED TRANS PROGRAM,TACOMA,51,31,1-Yes,2,4,7,="0"
CRESCENT HEIGHTS,Washington,CRESCENT HEIGHTS,TACOMA,473,146,2-No,1,46,41,13
DAY REPORTING SCHOOL,Washington,DAY REPORTING SCHOOL,TACOMA,14,8,1-Yes,="0",2,6,="0"
DELONG,Washington,DELONG,TACOMA,550,407,1-Yes,7,63,178,6
DOWNING,Washington,DOWNING,TACOMA,273,146,1-Yes,="0",22,45,3
EDISON,Washington,EDISON,TACOMA,508,436,1-Yes,2,142,87,11
ELMHURST ELEMENTARY SCHOOL,Washington,ELMHURST ELEMENTARY SCHOOL,TACOMA,481,356,1-Yes,4,84,61,22
FAWCETT,Washington,FAWCETT,TACOMA,424,327,1-Yes,7,89,49,8
FERN HILL,Washington,FERN HILL,TACOMA,364,265,1-Yes,1,102,43,23
FIFE HIGH SCHOOL,Washington,FIFE HIGH SCHOOL,TACOMA,827,348,1-Yes,7,156,32,26
FIRST CREEK MIDDLE SCHOOL,Washington,FIRST CREEK MIDDLE SCHOOL,TACOMA,751,674,1-Yes,12,244,158,40
FOSS,Washington,FOSS,TACOMA,983,695,1-Yes,13,178,272,24
FRANKLIN,Washington,FRANKLIN,TACOMA,255,192,1-Yes,2,45,79,5
FRANKLIN PIERCE HIGH SCHOOL,Washington,FRANKLIN PIERCE HIGH SCHOOL,TACOMA,1099,645,1-Yes,13,205,109,34
GATES OPEN DOORS PROGRAM,Washington,GATES OPEN DOORS PROGRAM,TACOMA,="0",="0",2-No,="0",="0",="0",="0"
GATES SECONDARY SCHOOL,Washington,GATES SECONDARY SCHOOL,TACOMA,220,140,1-Yes,4,39,19,7
GEIGER,Washington,GEIGER,TACOMA,396,179,1-Yes,5,54,42,1
GOODWILL GED,Washington,GOODWILL GED,TACOMA,22,="0",–,="0",3,12,3
GRANT,Washington,GRANT,TACOMA,368,134,1-Yes,2,33,41,3
GRAY,Washington,GRAY,TACOMA,607,489,1-Yes,10,116,171,29
HARVARD ELEMENTARY,Washington,HARVARD ELEMENTARY,TACOMA,405,401,1-Yes,2,192,38,11
HELEN B. STAFFORD ELEMENTARY,Washington,HELEN B. STAFFORD ELEMENTARY,TACOMA,499,377,1-Yes,1,143,59,18
HOME BASED,Washington,HOME BASED,TACOMA,243,32,2-No,1,12,13,="0"
JAMES SALES ELEMENTARY,Washington,JAMES SALES ELEMENTARY,TACOMA,426,420,1-Yes,6,136,44,27
JASON LEE,Washington,JASON LEE,TACOMA,603,409,1-Yes,16,47,187,13
JEFFERSON,Washington,JEFFERSON,TACOMA,291,183,1-Yes,4,43,56,3
LARCHMONT,Washington,LARCHMONT,TACOMA,389,326,1-Yes,7,81,80,9
LEARNING OPPORTUNITY CENTER,Washington,LEARNING OPPORTUNITY CENTER,TACOMA,†,†,†,†,†,†,†
LEARNING SUPPORT,Washington,LEARNING SUPPORT,TACOMA,30,19,2-No,="0",11,2,3
LINCOLN,Washington,LINCOLN,TACOMA,1446,1128,1-Yes,32,348,392,41
LISTER,Washington,LISTER,TACOMA,534,472,1-Yes,5,95,158,26
LOWELL,Washington,LOWELL,TACOMA,441,76,2-No,2,30,38,4
LYON,Washington,LYON,TACOMA,328,281,1-Yes,1,107,60,9
MADISON HEADSTART,Washington,MADISON HEADSTART,TACOMA,="0",="0",2-No,="0",="0",="0",="0"
MANITOU PARK,Washington,MANITOU PARK,TACOMA,577,473,1-Yes,6,136,187,27
MANN,Washington,MANN,TACOMA,493,381,1-Yes,11,90,104,16
MASON,Washington,MASON,TACOMA,803,289,1-Yes,6,54,82,8
MCCARVER,Washington,MCCARVER,TACOMA,421,393,1-Yes,10,57,180,15
MEEKER,Washington,MEEKER,TACOMA,648,195,2-No,7,61,80,5
MIDLAND ELEMENTARY,Washington,MIDLAND ELEMENTARY,TACOMA,498,360,1-Yes,1,127,54,27
MORRIS FORD MIDDLE SCHOOL,Washington,MORRIS FORD MIDDLE SCHOOL,TACOMA,904,617,1-Yes,4,228,80,27
MT TAHOMA,Washington,MT TAHOMA,TACOMA,1445,1072,1-Yes,24,323,312,47
NACHES TRAIL ELEMENTARY,Washington,NACHES TRAIL ELEMENTARY,TACOMA,452,206,1-Yes,6,76,33,10
NORTHEAST TACOMA,Washington,NORTHEAST TACOMA,TACOMA,352,191,1-Yes,7,71,46,7
OAKLAND HIGH SCHOOL,Washington,OAKLAND HIGH SCHOOL,TACOMA,232,191,1-Yes,4,37,62,9
PARK AVENUE CENTER,Washington,PARK AVENUE CENTER,TACOMA,†,†,†,†,†,†,†
PERRY G KEITHLEY MIDDLE SCHOOL,Washington,PERRY G KEITHLEY MIDDLE SCHOOL,TACOMA,719,569,1-Yes,4,146,107,52
POINT DEFIANCE,Washington,POINT DEFIANCE,TACOMA,441,215,1-Yes,6,44,50,4
REED,Washington,REED,TACOMA,462,390,1-Yes,2,168,120,12
REMANN HALL JUVENILE DETENTION CENTER,Washington,REMANN HALL JUVENILE DETENTION CENTER,TACOMA,34,10,–,2,1,10,1
ROOSEVELT,Washington,ROOSEVELT,TACOMA,244,227,1-Yes,5,67,70,16
SCIENCE AND MATH INSTITUTE,Washington,SCIENCE AND MATH INSTITUTE,TACOMA,453,176,1-Yes,4,30,54,9
SHERIDAN,Washington,SHERIDAN,TACOMA,562,491,1-Yes,9,214,121,11
SHERMAN,Washington,SHERMAN,TACOMA,381,138,1-Yes,3,36,29,="0"
SKYLINE,Washington,SKYLINE,TACOMA,374,227,1-Yes,3,47,60,6
SPANAWAY MIDDLE SCHOOL,Washington,SPANAWAY MIDDLE SCHOOL,TACOMA,727,430,1-Yes,15,144,99,48
SPECIAL SERVICES,Washington,SPECIAL SERVICES,TACOMA,63,16,2-No,1,5,11,="0"
STADIUM,Washington,STADIUM,TACOMA,1683,619,1-Yes,23,162,254,19
STANLEY,Washington,STANLEY,TACOMA,273,229,1-Yes,6,37,118,7
STEWART,Washington,STEWART,TACOMA,513,409,1-Yes,12,83,150,9
TACOMA BUSINESS ACADEMY,Washington,TACOMA BUSINESS ACADEMY,TACOMA,="0",="0",2-No,="0",="0",="0",="0"
TACOMA OPEN DOORS,Washington,FRESH START,TACOMA,192,66,–,6,21,37,2
TACOMA PIERCE COUNTY EDUCATION CENTER,Washington,TACOMA PIERCE COUNTY EDUCATION CENTER,TACOMA,4,–,1-Yes,="0",1,3,="0"
TACOMA SCHOOL OF THE ARTS,Washington,TACOMA SCHOOL OF THE ARTS,TACOMA,513,149,2-No,7,55,67,2
TCC FRESH START,Washington,TCC FRESH START,TACOMA,="0",="0",–,="0",="0",="0",="0"
THE SCHOOL AT PEARL YOUTH RESIDENCE,Washington,PEARL STREET CENTER,TACOMA,10,2,1-Yes,1,1,="0",="0"
THOMPSON PRESCHOOL,Washington,THOMPSON PRESCHOOL,TACOMA,25,13,2-No,="0",6,1,1
TRUMAN,Washington,TRUMAN,TACOMA,748,464,1-Yes,8,66,141,11
WALLER ROAD ELEMENTARY,Washington,WALLER ROAD ELEMENTARY,TACOMA,296,147,1-Yes,2,62,5,2
WASHINGTON ELEMENTARY,Washington,WASHINGTON-HOYT,TACOMA,417,83,2-No,="0",29,27,="0"
WASHINGTON HIGH SCHOOL,Washington,WASHINGTON HIGH SCHOOL,TACOMA,993,705,1-Yes,9,167,157,98
WAVA,Washington,WAVA,TACOMA,428,60,2-No,6,44,24,2
WHITMAN,Washington,WHITMAN,TACOMA,423,342,1-Yes,2,69,102,16
WHITTIER,Washington,WHITTIER,TACOMA,472,206,1-Yes,="0",54,87,7
WILLIE STEWART ACADEMY,Washington,RE-ENGAGEMENT CENTER,TACOMA,103,73,2-No,2,28,17,1
WILSON,Washington,WILSON,TACOMA,1266,584,1-Yes,16,103,226,9


Data Source: U.S. Department of Education National Center for Education Statistics Common Core of Data (CCD) "Public Elementary/Secondary School Universe Survey" 2013-14 v.2a  2020-21 v.1a.

† indicates that the data are not applicable.
– indicates that the data are missing.
‡ indicates that the data do not meet NCES data quality standards.
